"Genes","PTM.ModificationTitle","Comparison (group1/group2)","N_sites","Mean_corr","Mean_abs_corr","N_robust_sites","Min_p"
"HSP90AA1","Nitrosyl","P3C4+Nigericin / Unstim",4,-3.14619490904364,3.14619490904364,1,1.29498350166413e-07
"HSP90AA1","Nitrosyl","LPS+Nigericin / Unstim",4,-1.88819024318095,1.99869918078263,1,0.000862671258039447
"HSPA8","Sulfo (STY)","P3C4 / Unstim",6,1.68080748077581,1.72749839285917,1,0.0365899239185675
"IL1B","Nitrosyl","P3C4+Nigericin / P3C4",1,-1.61152682906823,1.61152682906823,1,0.0232009050484593
"IL1B","Nitrosyl","P3C4+Nigericin / Unstim",1,-1.32291438650316,1.32291438650316,1,0.00461276267762551
"PYCARD","Trimethyl (K)","LPS / Unstim",1,1.2468333779523,1.2468333779523,1,0.0297239814345099
"HSP90AA1","GlyGly (K)","P3C4+Nigericin / P3C4",5,-0.455233310747431,1.13956846801436,1,0.0321400247802575
"HSP90AA1","Phospho (STY)","LPS+Nigericin / LPS",1,-1.03182214666545,1.03182214666545,1,0.00153418529062676
"IL1B","Sulfo (STY)","P3C4 / Unstim",5,0.331106637783278,0.706742713778142,1,0.0243497997089414
"HSP90AA1","GlyGly (K)","LPS+Nigericin / LPS",5,-0.0827706802605653,0.366140322214866,1,0.00153418699425125
"HSP90AB1","Phospho (STY)","P3C4+Nigericin / P3C4",1,11.7292911687332,11.7292911687332,0,0.21711240965487
"HSP90AB1","Phospho (STY)","LPS+Nigericin / Unstim",1,11.6405414942775,11.6405414942775,0,0.187538474842371
"HSP90AB1","Phospho (STY)","P3C4+Nigericin / Unstim",1,11.4380105973513,11.4380105973513,0,0.21715882690989
"HSP90AB1","Phospho (STY)","LPS / Unstim",1,11.0458294245226,11.0458294245226,0,0.422643703679898
"HSP90AB1","Hex (K)","P3C4 / Unstim",1,-9.94257660115814,9.94257660115814,0,0.422601884875067
"HSP90AB1","Hex (K)","LPS / Unstim",1,-9.82752060260826,9.82752060260826,0,0.422561603810367
"HSP90AB1","Hex (K)","P3C4+Nigericin / P3C4",1,9.39353896071759,9.39353896071759,0,0.42199410175108
"HSP90AB1","Hex (K)","LPS+Nigericin / Unstim",1,-8.88071501011176,8.88071501011176,0,0.422730434626695
"IL1B","Acetyl (K)","LPS+Nigericin / LPS",1,-8.67245158057822,8.67245158057822,0,0.185819479408612
"HSP90AA1","Hex (K)","LPS+Nigericin / Unstim",2,-0.882196060613797,8.20299858347629,0,0.395639340804237
"HSP90AB1","Myristoyl","P3C4+Nigericin / P3C4",1,7.04402245049174,7.04402245049174,0,0.423856597673442
"HSP90AB1","Myristoyl","P3C4+Nigericin / Unstim",1,6.79865854644184,6.79865854644184,0,0.425173029732893
"PYCARD","Trimethyl (K)","P3C4+Nigericin / P3C4",1,-6.77922270736706,6.77922270736706,0,0.19828050795482
"IL1B","Acetyl (K)","LPS+Nigericin / Unstim",1,-6.60705321602939,6.60705321602939,0,0.420570934922326
"HSPA8","Acetyl (K)","P3C4+Nigericin / P3C4",2,1.52664767406736,6.32414370430118,0,0.292162104831782
"PYCARD","Trimethyl (K)","P3C4+Nigericin / Unstim",1,-6.07875040902226,6.07875040902226,0,0.18703581665213
"HSP90AA1","Hex (K)","LPS / Unstim",3,-0.990068465608029,5.96943547389332,0,0.422697988049939
"HSPA8","Crotonyl","P3C4 / Unstim",3,5.76126948865875,5.76126948865875,0,0.422202311096528
"HSP90AA1","Hex (K)","P3C4 / Unstim",3,-5.56238821453138,5.5959517159143,0,0.422783514343809
"HSPA8","Acetyl (K)","P3C4 / Unstim",4,-2.78100113954364,5.56556577076163,0,0.292661980225861
"GSDMD","Oxidation (W)","P3C4 / Unstim",1,-4.94173866012967,4.94173866012967,0,0.420567981816722
"HSP90AA1","Hex (K)","P3C4+Nigericin / Unstim",2,-4.86030827529733,4.86030827529733,0,0.422848713823971
"GSDMD","Oxidation (W)","P3C4+Nigericin / P3C4",1,4.74243026327376,4.74243026327376,0,0.421854579151514
"HSPA8","HexNAc (ST)","LPS / Unstim",4,4.20499733493315,4.20499733493315,0,0.099919939123088
"HSP90AA1","GlyGly (K)","LPS / Unstim",5,-0.16943654487382,4.11822811764987,0,0.291719093153811
"HSP90AA1","GlyGly (K)","LPS+Nigericin / Unstim",5,-0.252207225134371,3.9227719113041,0,0.140075798219231
"HSP90AB1","Nitrosyl","LPS+Nigericin / Unstim",4,3.71236698262688,3.85173220890536,0,0.163535753777384
"HSPA8","HexNAc (ST)","P3C4 / Unstim",4,3.76138494750924,3.76138494750924,0,0.264972168673982
"HSP90AA1","Hex (K)","P3C4+Nigericin / P3C4",2,3.50844667253693,3.50844667253693,0,0.421656134159279
"HSPA8","Acetyl (K)","LPS+Nigericin / LPS",2,-1.95036454328012,3.41556692272875,0,0.424494155976563
"HSPA8","Acetyl (K)","LPS+Nigericin / Unstim",3,-0.359930569664094,3.32870874193882,0,0.384755239143465
"HSP90AB1","Nitrosyl","P3C4 / Unstim",4,3.19883311967338,3.19883311967338,0,0.423746030874735
"HSPA8","Crotonyl","P3C4+Nigericin / P3C4",3,-2.92181638426924,2.92181638426924,0,0.400360412913492
"IL1B","Trimethyl (K)","LPS+Nigericin / LPS",2,2.91375873460183,2.91375873460183,0,0.203779458545119
"HSP90AB1","Nitrosyl","LPS / Unstim",4,2.8613237718615,2.8773835379704,0,0.354248440807198
"HSPA8","Crotonyl","P3C4+Nigericin / Unstim",3,2.83945310438951,2.83945310438951,0,0.244964006248379
"HSPA8","HexNAc (ST)","P3C4+Nigericin / Unstim",4,2.83116323141849,2.83116323141849,0,0.499070334783962
"HSPA8","HexNAc (ST)","LPS+Nigericin / LPS",4,-1.74809915896163,2.76260117486768,0,0.139322817006465
"IL1B","Trimethyl (K)","LPS+Nigericin / Unstim",2,2.70284067671943,2.70284067671943,0,0.194695893842659
"IL1B","Trimethyl (K)","P3C4+Nigericin / Unstim",2,2.68586430519324,2.6989802708941,0,0.308089335685066
"IL1B","Trimethyl (K)","P3C4+Nigericin / P3C4",2,2.06668561397701,2.60696177741693,0,0.21689421126477
"HSPA8","Crotonyl","LPS+Nigericin / Unstim",3,-1.62342816168067,2.56007582590776,0,0.08393959164162
"HSP90AB1","Trimethyl (K)","P3C4+Nigericin / Unstim",2,2.54149636013771,2.54149636013771,0,0.345470965111449
"HSPA8","Crotonyl","LPS+Nigericin / LPS",3,-1.99176609715444,2.4988188540087,0,0.182866990371042
"HSPA8","HexNAc (ST)","LPS+Nigericin / Unstim",4,2.45689817597152,2.45689817597152,0,0.0885869040597145
"HSP90AA1","Trimethyl (K)","P3C4+Nigericin / Unstim",2,-2.14357255218255,2.38823011502402,0,0.112630952756021
"HSP90AB1","Nitrosyl","P3C4+Nigericin / Unstim",4,2.35657590041749,2.35657590041749,0,0.14316876311937
"HSP90AA1","Nitrosyl","P3C4+Nigericin / P3C4",3,-1.95077249063738,2.34101698053923,0,0.0866505181320432
"HSP90AB1","Trimethyl (K)","P3C4+Nigericin / P3C4",2,2.23594956907737,2.23594956907737,0,0.383909351456281
"HSPA8","Sulfo (STY)","P3C4+Nigericin / Unstim",6,2.18343316412112,2.18343316412112,0,0.251268615248143
"HSP90AB1","GlyGly (K)","LPS+Nigericin / Unstim",2,-0.0624806465135401,2.09558584084361,0,0.271298990885498
"IL1B","Acetyl (K)","LPS / Unstim",1,2.06539836454882,2.06539836454882,0,0.206841917731163
"HSP90AA1","Nitrosyl","LPS+Nigericin / LPS",4,-1.54810265692299,2.02750326447007,0,0.224482322733498
"IL1B","GlyGly (K)","LPS / Unstim",1,-2.00540764358856,2.00540764358856,0,0.794843480070792
"IL1B","Hex (K)","LPS / Unstim",1,-2.00540764358856,2.00540764358856,0,0.794843448520348
"HSP90AB1","GlyGly (K)","P3C4+Nigericin / Unstim",2,-0.735784267423486,1.99830320072161,0,0.342695481444685
"HSPA8","Nitrosyl","LPS+Nigericin / LPS",1,-1.96966743166227,1.96966743166227,0,0.0930646283049307
"HSP90AA1","Acetyl (K)","P3C4 / Unstim",1,1.92566526531577,1.92566526531577,0,0.109387121074191
"HSPA8","Hex (K)","P3C4+Nigericin / P3C4",7,0.248879489186769,1.88907796542825,0,0.423117605898192
"HSPA8","Sulfo (STY)","LPS / Unstim",6,1.70480557291771,1.87946547090686,0,0.0853143427279838
"HSP90AB1","GlyGly (K)","P3C4 / Unstim",2,-0.354918081281489,1.87838255787737,0,0.364928209702385
"HSPA8","Hex (K)","LPS+Nigericin / Unstim",7,1.31743107792862,1.81721946513809,0,0.0885869040597145
"HSPA8","Nitrosyl","LPS / Unstim",1,1.77352315493898,1.77352315493898,0,0.188867767416164
"HSP90AA1","Sulfo (STY)","LPS / Unstim",3,-1.45436817667706,1.76977927481869,0,0.343766237732619
"GSDMD","Nitrosyl","LPS+Nigericin / Unstim",2,1.75427133569153,1.75427133569153,0,0.158295127865974
"PYCARD","Sulfo (STY)","LPS / Unstim",1,1.73219440406876,1.73219440406876,0,0.144597021159221
"IL1B","Acetyl (K)","P3C4 / Unstim",1,1.6780378811786,1.6780378811786,0,0.201538139109935
"GSDMD","Oxidation (W)","LPS / Unstim",1,1.67420472549312,1.67420472549312,0,0.173315727049736
"IL1B","Acetyl (K)","P3C4+Nigericin / P3C4",1,-1.64962001217615,1.64962001217615,0,0.198556233681461
"IL1B","GlyGly (K)","LPS+Nigericin / LPS",1,1.64797240432951,1.64797240432951,0,0.680695775417794
"IL1B","Hex (K)","LPS+Nigericin / LPS",1,1.64797240432951,1.64797240432951,0,0.680695708899441
"HSPA8","Sulfo (STY)","LPS+Nigericin / LPS",6,-1.00796857590862,1.59789925375975,0,0.102690887639134
"HSP90AA1","Acetyl (K)","P3C4+Nigericin / Unstim",1,1.5005128672099,1.5005128672099,0,0.74396644442421
"PYCARD","Phospho (STY)","P3C4+Nigericin / P3C4",1,-1.48252418492156,1.48252418492156,0,0.389270743085584
"HSP90AB1","GlyGly (K)","LPS / Unstim",2,-0.856884464507972,1.47555413860686,0,0.377364780480017
"GSDMD","Nitrosyl","LPS / Unstim",2,1.45173099737748,1.45173099737748,0,0.101205303691189
"HSPA8","Hex (K)","P3C4+Nigericin / Unstim",7,1.43928417115516,1.43928417115516,0,0.171711049978476
"HSPA8","Hex (K)","LPS / Unstim",6,1.03315347296856,1.42247765348006,0,0.118488469657479
"PYCARD","Sulfo (STY)","P3C4 / Unstim",1,1.41758001576924,1.41758001576924,0,0.131451991855885
"HSPA8","Phospho (STY)","P3C4+Nigericin / P3C4",4,1.41042341043689,1.41042341043689,0,0.191741540400137
"HSPA8","Hex (K)","P3C4 / Unstim",7,1.1904046819684,1.39977237541345,0,0.419907319507888
"PYCARD","Sulfo (STY)","LPS+Nigericin / LPS",1,-1.3526416913547,1.3526416913547,0,0.284963284856906
"HSPA8","Phospho (STY)","P3C4+Nigericin / Unstim",4,1.31024271176932,1.31024271176932,0,0.447148682992925
"HSPA8","GlyGly (K)","LPS / Unstim",2,1.00084948335055,1.27711519162806,0,0.099919939123088
"HSP90AA1","GlyGly (K)","P3C4+Nigericin / Unstim",5,-0.13466172219715,1.21075063485475,0,0.0773554063336655
"HSPA8","Acetyl (K)","P3C4+Nigericin / Unstim",2,1.18378651055539,1.18378651055539,0,0.766285833395641
"HSP90AB1","Trimethyl (K)","LPS+Nigericin / Unstim",2,1.17828071874653,1.17828071874653,0,0.229254274581512
"HSPA8","GlyGly (K)","LPS+Nigericin / Unstim",2,1.14380219718685,1.14380219718685,0,0.497395589952586
"HSPA8","Hex (K)","LPS+Nigericin / LPS",6,0.282295027462341,1.11825455507363,0,0.0888829637482353
"HSP90AB1","HexNAc (ST)","LPS+Nigericin / Unstim",1,1.11116640931907,1.11116640931907,0,0.424379418247555
"HSP90AB1","Trimethyl (K)","LPS+Nigericin / LPS",2,1.1085612286207,1.1085612286207,0,0.1316952029142
"HSPA8","HexNAc (ST)","P3C4+Nigericin / P3C4",4,-0.930221716090754,1.05847289809416,0,0.423117605898192
"HSP90AB1","Nitrosyl","LPS+Nigericin / LPS",4,0.851043210765388,1.04152707319683,0,0.0536100294913072
"HSP90AB1","Hex (K)","LPS+Nigericin / LPS",1,0.946805592496456,0.946805592496456,0,0.0989890068958116
"PYCARD","Trimethyl (K)","LPS+Nigericin / LPS",1,-0.926393311718866,0.926393311718866,0,0.3242764209901
"GSDMD","Oxidation (W)","LPS+Nigericin / LPS",1,-0.909822299507808,0.909822299507808,0,0.36394766937938
"HSP90AB1","Nitrosyl","P3C4+Nigericin / P3C4",4,-0.842257219255891,0.90506148619629,0,0.0533104401845859
"PYCARD","Phospho (STY)","P3C4+Nigericin / Unstim",1,-0.90394069178559,0.90394069178559,0,0.870371614738319
"HSPA8","Acetyl (K)","LPS / Unstim",3,0.666575425289994,0.901397055299972,0,0.460868759477684
"HSPA8","Sulfo (STY)","P3C4+Nigericin / P3C4",6,0.502625683345312,0.8896793578335,0,0.0204322250259683
"HSPA8","GlyGly (K)","P3C4+Nigericin / Unstim",2,0.880998272975658,0.880998272975658,0,0.679356857150088
"HSP90AB1","Crotonyl","P3C4+Nigericin / P3C4",3,-0.597499327588183,0.850961845689057,0,0.243836031772179
"PPP2CA","Trimethyl (K)","LPS+Nigericin / LPS",1,0.843451203337998,0.843451203337998,0,0.336584606801573
"PYCARD","Sulfo (STY)","P3C4+Nigericin / Unstim",1,0.830160978498293,0.830160978498293,0,0.34668845720847
"HSP90AA1","HexNAc (ST)","P3C4+Nigericin / P3C4",1,0.825487426746854,0.825487426746854,0,0.835718513831253
"CASP1","Nitrosyl","LPS+Nigericin / Unstim",1,-0.822886562212335,0.822886562212335,0,0.477947645207113
"PYCARD","Phospho (STY)","LPS+Nigericin / LPS",1,0.807289051750784,0.807289051750784,0,0.515157455454354
"HSP90AB1","GlyGly (K)","LPS+Nigericin / LPS",2,0.794403817994432,0.794403817994432,0,0.403918445808946
"HSP90AA1","HexNAc (ST)","P3C4+Nigericin / Unstim",1,0.771140010332229,0.771140010332229,0,0.914187344008069
"GSDMD","Oxidation (W)","LPS+Nigericin / Unstim",1,0.764382425985312,0.764382425985312,0,0.553928499012459
"IL1B","Phospho (STY)","LPS / Unstim",1,0.74616211527911,0.74616211527911,0,0.148087381344198
"IL1B","Sulfo (STY)","P3C4+Nigericin / P3C4",5,-0.106272273086524,0.746023320407684,0,0.00398519911605335
"PYCARD","Phospho (STY)","LPS / Unstim",1,-0.739980975428186,0.739980975428186,0,0.836673053934438
"HSPA8","GlyGly (K)","P3C4 / Unstim",2,0.711635144514124,0.72077040116322,0,0.38753308249302
"HSP90AA1","Sulfo (STY)","P3C4 / Unstim",3,-0.577351895602384,0.711928706442076,0,0.219617136357225
"IL1B","Phospho (STY)","LPS+Nigericin / Unstim",1,0.706270949690667,0.706270949690667,0,0.306511063919471
"HSP90AA1","HexNAc (ST)","LPS / Unstim",1,0.705592618422478,0.705592618422478,0,0.834503308777495
"PYCARD","Trimethyl (K)","P3C4 / Unstim",1,0.700472298344802,0.700472298344802,0,0.394365024291245
"HSPA8","Sulfo (STY)","LPS+Nigericin / Unstim",6,0.69683699700909,0.69683699700909,0,0.207701523104468
"HSP90AB1","Crotonyl","LPS+Nigericin / Unstim",3,0.21174519611482,0.696293616014936,0,0.140440612943892
"IL1B","Myristoyl","P3C4+Nigericin / P3C4",1,-0.69568490293795,0.69568490293795,0,0.163878955614249
"IL1B","Myristoyl","P3C4 / Unstim",1,0.68143381089959,0.68143381089959,0,0.169918400084751
"IL1B","Trimethyl (K)","P3C4 / Unstim",2,0.619178691216235,0.619178691216235,0,0.222748918954676
"HSP90AA1","Phospho (STY)","P3C4 / Unstim",1,0.610263164145893,0.610263164145893,0,0.177532570041343
"HSPA8","GlyGly (K)","LPS+Nigericin / LPS",2,0.142952713836298,0.603783148793687,0,0.418133451177163
"HSPA8","Nitrosyl","P3C4+Nigericin / Unstim",1,0.602176377078992,0.602176377078992,0,0.888961242951491
"HSP90AB1","Crotonyl","LPS / Unstim",3,0.432784298083884,0.600929646383252,0,0.380918574281419
"HSP90AB1","Phospho (STY)","LPS+Nigericin / LPS",1,0.594712069754772,0.594712069754772,0,0.887797334933294
"PYCARD","Sulfo (STY)","P3C4+Nigericin / P3C4",1,-0.587419037270949,0.587419037270949,0,0.60146871010171
"PYCARD","Phospho (STY)","P3C4 / Unstim",1,0.578583493135972,0.578583493135972,0,0.412557837575816
"HSP90AA1","Phospho (STY)","LPS / Unstim",1,0.578231324820388,0.578231324820388,0,0.537585832006194
"CASP1","Nitrosyl","LPS / Unstim",1,-0.573988810385444,0.573988810385444,0,0.827093306336037
"HSP90AB1","Hex (K)","P3C4+Nigericin / Unstim",1,-0.549037640440539,0.549037640440539,0,0.588555325673856
"IL1B","Hex (K)","P3C4+Nigericin / Unstim",1,0.517506653390161,0.517506653390161,0,0.820087839395215
"HSPA8","Nitrosyl","P3C4+Nigericin / P3C4",1,0.511776876518274,0.511776876518274,0,0.862374568483211
"HSP90AB1","Acetyl (K)","P3C4 / Unstim",2,0.504250785287267,0.508440185248998,0,0.544114703349597
"HSP90AB1","Myristoyl","LPS+Nigericin / Unstim",1,0.507364022967266,0.507364022967266,0,0.67518787943424
"PPP2CA","Trimethyl (K)","LPS / Unstim",1,-0.501222403797833,0.501222403797833,0,0.291473396227335
"CASP1","Nitrosyl","P3C4+Nigericin / Unstim",1,0.492863780035526,0.492863780035526,0,0.900311890934377
"GSDMD","Nitrosyl","P3C4+Nigericin / P3C4",2,0.489445618460666,0.489445618460666,0,0.819343921086368
"GSDMD","Nitrosyl","LPS+Nigericin / LPS",2,0.302540338314052,0.487193833312667,0,0.654366631982893
"HSP90AB1","HexNAc (ST)","P3C4 / Unstim",1,-0.484524455885972,0.484524455885972,0,0.452056718719684
"HSP90AB1","Acetyl (K)","LPS+Nigericin / LPS",2,-0.155707880184171,0.478385699274801,0,0.686665417762707
"HSP90AA1","Nitrosyl","P3C4 / Unstim",3,-0.378060097293482,0.472360451740959,0,0.341546815342795
"HSP90AB1","Acetyl (K)","P3C4+Nigericin / P3C4",2,-0.46959488637082,0.46959488637082,0,0.129264578376425
"HSP90AB1","Crotonyl","P3C4+Nigericin / Unstim",3,-0.402149590215609,0.464450714988923,0,0.230225559870444
"HSP90AA1","Nitrosyl","LPS / Unstim",4,-0.34008758625796,0.458473357663988,0,0.221291314962424
"HSP90AA1","Phospho (STY)","LPS+Nigericin / Unstim",1,-0.453590821845067,0.453590821845067,0,0.193764380285542
"HSP90AB1","Sulfo (STY)","LPS+Nigericin / Unstim",1,0.440039594536725,0.440039594536725,0,0.665741953518465
"GSDMD","Nitrosyl","P3C4 / Unstim",2,-0.433822396579692,0.433822396579692,0,0.578323194815282
"IL1B","Phospho (STY)","P3C4 / Unstim",1,0.42841475874946,0.42841475874946,0,0.0390532724903587
"HSP90AA1","Acetyl (K)","P3C4+Nigericin / P3C4",1,-0.425152398105869,0.425152398105869,0,0.076655611406207
"HSPA8","Myristoyl","P3C4+Nigericin / Unstim",2,0.32968996783138,0.419251195921733,0,0.0461448457054583
"HSPA8","Trimethyl (K)","P3C4+Nigericin / Unstim",3,0.41722457983311,0.41722457983311,0,0.438624574203969
"HSPA8","Trimethyl (K)","LPS+Nigericin / LPS",3,-0.140804416898076,0.414084239461529,0,0.112291416987292
"PPP2CA","Trimethyl (K)","P3C4+Nigericin / P3C4",1,0.403520836576721,0.403520836576721,0,0.17410637729292
"HSP90AA1","Sulfo (STY)","LPS+Nigericin / Unstim",2,0.00740163915245953,0.401802725174476,0,0.444767175360581
"HSPA8","Trimethyl (K)","LPS / Unstim",3,0.0976736227773224,0.401566358685943,0,0.281371009956215
"IL1B","Hex (K)","P3C4+Nigericin / P3C4",1,0.39835415266137,0.39835415266137,0,0.0196554775651124
"HSP90AA1","GlyGly (K)","P3C4 / Unstim",5,0.320571588550282,0.39744033008396,0,0.136474857166605
"HSPA8","Oxidation (W)","P3C4+Nigericin / Unstim",1,0.395151523396526,0.395151523396526,0,0.30939186810559
"HSPA8","Trimethyl (K)","P3C4 / Unstim",2,0.296261224508095,0.394345783612095,0,0.394924953985918
"HSPA8","Phospho (STY)","LPS / Unstim",4,-0.388153066237424,0.388153066237424,0,0.348431928840571
"HSP90AB1","Crotonyl","P3C4 / Unstim",3,0.195349737372574,0.386511130700133,0,0.598956672673177
"HSPA8","Trimethyl (K)","P3C4+Nigericin / P3C4",2,-0.171737989416482,0.386498933374806,0,0.141708513893205
"HSP90AB1","GlyGly (K)","P3C4+Nigericin / P3C4",2,-0.380866186141995,0.380866186141995,0,0.0362730104886866
"HSPA8","Crotonyl","LPS / Unstim",3,0.368337935473774,0.380699673053948,0,0.466392207033212
"PYCARD","Sulfo (STY)","LPS+Nigericin / Unstim",1,0.379552712714065,0.379552712714065,0,0.522145410768703
"HSPA8","Phospho (STY)","P3C4 / Unstim",4,-0.10018069866757,0.376900549233064,0,0.47960325024782
"HSP90AB1","Myristoyl","LPS / Unstim",1,0.376272713459093,0.376272713459093,0,0.864435935427609
"HSP90AA1","Phospho (STY)","P3C4+Nigericin / Unstim",1,0.368165905540883,0.368165905540883,0,0.334789111680386
"HSPA8","Myristoyl","P3C4+Nigericin / P3C4",3,0.12328117078133,0.367393091592308,0,0.0253323220312725
"GSDMD","Nitrosyl","P3C4+Nigericin / Unstim",2,0.055623221880974,0.359090181569539,0,0.458217032564371
"IL1B","GlyGly (K)","LPS+Nigericin / Unstim",1,-0.357435239259043,0.357435239259043,0,0.819110571225186
"IL1B","Hex (K)","LPS+Nigericin / Unstim",1,-0.357435239259043,0.357435239259043,0,0.81911052090693
"PPP2CA","Trimethyl (K)","LPS+Nigericin / Unstim",1,0.342228799540166,0.342228799540166,0,0.5626593608738
"HSP90AB1","Sulfo (STY)","P3C4+Nigericin / Unstim",1,0.339953408511478,0.339953408511478,0,0.140226516184597
"IL1B","Sulfo (STY)","P3C4+Nigericin / Unstim",4,-0.201486592026359,0.337278189426928,0,0.213398438659111
"HSPA8","Oxidation (W)","P3C4+Nigericin / P3C4",1,0.32918073429268,0.32918073429268,0,0.255874897231289
"HSPA8","Phospho (STY)","LPS+Nigericin / LPS",4,0.294698982694548,0.322475503957866,0,0.484532175536361
"PYCARD","Trimethyl (K)","LPS+Nigericin / Unstim",1,0.320440066233436,0.320440066233436,0,0.467437897200823
"HSP90AA1","Sulfo (STY)","LPS+Nigericin / LPS",2,-0.22915668445376,0.313018275595045,0,0.54472848370159
"CASP1","Nitrosyl","P3C4 / Unstim",1,0.309926337365105,0.309926337365105,0,0.639755215483209
"HSP90AB1","Oxidation (W)","P3C4+Nigericin / P3C4",2,-0.307666994365105,0.307666994365105,0,0.0108206126529896
"HSP90AB1","Trimethyl (K)","P3C4 / Unstim",2,0.305546791060344,0.305546791060344,0,0.625940522045684
"HSP90AA1","Oxidation (W)","P3C4+Nigericin / P3C4",1,-0.302580021390979,0.302580021390979,0,0.00514448438132919
"HSP90AA1","Oxidation (W)","LPS+Nigericin / LPS",1,0.2992310055823,0.2992310055823,0,0.909772568553413
"HSP90AB1","Oxidation (W)","LPS+Nigericin / LPS",2,-0.265519315706278,0.29854514737979,0,0.290668775878818
"HSP90AB1","Phospho (STY)","P3C4 / Unstim",1,-0.291280571381758,0.291280571381758,0,0.57678831291489
"HSPA8","GlyGly (K)","P3C4+Nigericin / P3C4",2,0.169363128461531,0.289705492643749,0,0.460830307745327
"IL1B","Nitrosyl","P3C4 / Unstim",1,0.28861244256507,0.28861244256507,0,0.0303296544986136
"HSP90AA1","Acetyl (K)","LPS+Nigericin / LPS",1,-0.283730188717072,0.283730188717072,0,0.780365481626883
"HSP90AB1","Oxidation (W)","P3C4+Nigericin / Unstim",2,-0.272724799880484,0.272724799880484,0,0.0162844595867026
"HSP90AB1","Acetyl (K)","P3C4+Nigericin / Unstim",2,0.0346558989164505,0.271115175533589,0,0.124343377108823
"PPP2CA","Trimethyl (K)","P3C4 / Unstim",1,-0.270077267678951,0.270077267678951,0,0.552693137221982
"IL1B","Sulfo (STY)","LPS+Nigericin / Unstim",5,-0.0500944691544354,0.269480154875067,0,0.467738017736267
"HSP90AB1","HexNAc (ST)","P3C4+Nigericin / P3C4",1,-0.26171625154301,0.26171625154301,0,0.00394949737288147
"HSP90AA1","Trimethyl (K)","P3C4 / Unstim",1,0.256114730358549,0.256114730358549,0,0.368086008809436
"HSP90AB1","Acetyl (K)","LPS / Unstim",2,-0.05291444980019,0.254974657364967,0,0.241898374998335
"HSP90AB1","Sulfo (STY)","P3C4+Nigericin / P3C4",2,-0.157087610579959,0.248984294350441,0,0.099513237107977
"CASP1","Nitrosyl","LPS+Nigericin / LPS",1,-0.248897751826889,0.248897751826889,0,0.678062355834004
"HSP90AB1","Sulfo (STY)","P3C4 / Unstim",1,0.248056724740996,0.248056724740996,0,0.526050593894898
"IL1B","Sulfo (STY)","LPS / Unstim",5,-0.0564223045182873,0.247557293069927,0,0.0435621867707714
"HSP90AB1","Myristoyl","P3C4 / Unstim",1,-0.245363904049899,0.245363904049899,0,0.291513275428422
"HSP90AA1","Phospho (STY)","P3C4+Nigericin / P3C4",1,-0.242097258605009,0.242097258605009,0,0.0803706247964859
"HSP90AA1","Trimethyl (K)","LPS+Nigericin / Unstim",1,0.23784520228182,0.23784520228182,0,0.366860360009344
"HSPA8","Myristoyl","LPS / Unstim",2,0.181436635640959,0.236320719850233,0,0.128884818538799
"IL1B","Myristoyl","LPS+Nigericin / Unstim",1,0.227886592938401,0.227886592938401,0,0.438496051369242
"IL1B","Phospho (STY)","P3C4+Nigericin / Unstim",1,0.22571702910661,0.22571702910661,0,0.920769230046952
"HSP90AB1","Acetyl (K)","LPS+Nigericin / Unstim",2,-0.208622329984361,0.223411041909834,0,0.283569535765522
"HSP90AB1","Crotonyl","LPS+Nigericin / LPS",3,-0.221039101969063,0.221039101969063,0,0.272246630672561
"HSP90AA1","Oxidation (W)","P3C4+Nigericin / Unstim",1,-0.215724094930135,0.215724094930135,0,0.00669902568479588
"IL1B","Sulfo (STY)","LPS+Nigericin / LPS",5,0.00632783536384882,0.21391608830361,0,0.153244195337426
"HSPA8","Myristoyl","LPS+Nigericin / Unstim",2,0.106646245958638,0.211854380747944,0,0.295340279908559
"IL1B","Trimethyl (K)","LPS / Unstim",2,-0.2109180578824,0.2109180578824,0,0.526189036290752
"HSPA8","Trimethyl (K)","LPS+Nigericin / Unstim",3,-0.0431307941207533,0.204878197916677,0,0.421715659383658
"IL1B","Myristoyl","LPS / Unstim",1,0.20453348394963,0.20453348394963,0,0.0138155208886566
"IL1B","Phospho (STY)","P3C4+Nigericin / P3C4",1,-0.20269772964285,0.20269772964285,0,0.0442936783338056
"GSDMD","Oxidation (W)","P3C4+Nigericin / Unstim",1,-0.199308396855897,0.199308396855897,0,0.855466872830313
"HSPA8","Nitrosyl","LPS+Nigericin / Unstim",1,-0.196144276723293,0.196144276723293,0,0.689359174893394
"HSPA8","Oxidation (W)","LPS+Nigericin / Unstim",1,0.185441320609558,0.185441320609558,0,0.473073062622513
"CASP1","Nitrosyl","P3C4+Nigericin / P3C4",1,0.182937442670419,0.182937442670419,0,0.589514235546087
"IL1B","GlyGly (K)","P3C4+Nigericin / P3C4",1,-0.18186532326803,0.18186532326803,0,0.0120003765007792
"HSP90AB1","Oxidation (W)","LPS+Nigericin / Unstim",2,-0.165180567454228,0.165180567454228,0,0.157932038882782
"HSP90AA1","Oxidation (W)","LPS / Unstim",1,-0.15633998060081,0.15633998060081,0,0.167198461363937
"HSP90AA1","Hex (K)","LPS+Nigericin / LPS",2,0.003839711393002,0.152087700958447,0,0.596366094510045
"HSP90AA1","Trimethyl (K)","LPS+Nigericin / LPS",1,0.147955494316825,0.147955494316825,0,0.734780187196179
"HSP90AA1","Acetyl (K)","LPS+Nigericin / Unstim",1,-0.146312244093865,0.146312244093865,0,0.717361146760638
"HSP90AB1","Oxidation (W)","LPS / Unstim",2,0.100338748252053,0.144834233814825,0,0.212005414079103
"HSP90AA1","Oxidation (W)","LPS+Nigericin / Unstim",1,0.14289102498149,0.14289102498149,0,0.168157998024226
"HSP90AA1","Acetyl (K)","LPS / Unstim",1,0.137417944623207,0.137417944623207,0,0.917032475286935
"PPP2CA","Trimethyl (K)","P3C4+Nigericin / Unstim",1,0.133443568897769,0.133443568897769,0,0.283276985386971
"HSPA8","Oxidation (W)","LPS / Unstim",1,0.132404813455048,0.132404813455048,0,0.664388686957776
"HSP90AB1","Myristoyl","LPS+Nigericin / LPS",1,0.131091309508174,0.131091309508174,0,0.621706798894349
"HSP90AA1","Sulfo (STY)","P3C4+Nigericin / P3C4",1,-0.122370765410049,0.122370765410049,0,0.266430847117361
"IL1B","GlyGly (K)","P3C4 / Unstim",1,0.11915250072879,0.11915250072879,0,0.0129908998287328
"IL1B","Hex (K)","P3C4 / Unstim",1,0.11915250072879,0.11915250072879,0,0.0129908883757148
"IL1B","Nitrosyl","LPS+Nigericin / Unstim",1,-0.103215728950805,0.103215728950805,0,0.667587337413877
"HSPA8","Phospho (STY)","LPS+Nigericin / Unstim",4,-0.0934540835428757,0.0956886132995138,0,0.343447998094788
"HSPA8","Myristoyl","LPS+Nigericin / LPS",3,-0.00872014269105409,0.0910003768853732,0,0.379110485895417
"HSPA8","Nitrosyl","P3C4 / Unstim",1,0.0903995005607183,0.0903995005607183,0,0.959062099633372
"HSP90AA1","Oxidation (W)","P3C4 / Unstim",1,0.0868559264608484,0.0868559264608484,0,0.890852545329964
"HSPA8","Myristoyl","P3C4 / Unstim",2,0.0843490064455242,0.0843490064455242,0,0.342898467775361
"HSP90AA1","Trimethyl (K)","LPS / Unstim",2,0.00705504758744849,0.0828346603775465,0,0.470860667947641
"HSP90AA1","Sulfo (STY)","P3C4+Nigericin / Unstim",1,0.079494450849486,0.079494450849486,0,0.249792509473756
"HSP90AB1","Oxidation (W)","P3C4 / Unstim",2,0.0349421944846197,0.0708349590157756,0,0.774842831090869
"HSP90AB1","Trimethyl (K)","LPS / Unstim",2,0.069719490125826,0.069719490125826,0,0.124064321727208
"IL1B","Nitrosyl","LPS / Unstim",1,-0.0679120171401,0.0679120171401,0,0.00876581347543478
"PYCARD","Phospho (STY)","LPS+Nigericin / Unstim",1,0.0673080763225989,0.0673080763225989,0,0.576111202915567
"HSPA8","Oxidation (W)","P3C4 / Unstim",1,0.0659707891038464,0.0659707891038464,0,0.789113841002979
"IL1B","GlyGly (K)","P3C4+Nigericin / Unstim",1,-0.062712822539242,0.062712822539242,0,0.755434170675927
"HSP90AA1","HexNAc (ST)","P3C4 / Unstim",1,-0.0543474164146246,0.0543474164146246,0,0.949095536721152
"HSPA8","Oxidation (W)","LPS+Nigericin / LPS",1,0.053036507154509,0.053036507154509,0,0.762989063288084
"IL1B","Phospho (STY)","LPS+Nigericin / LPS",1,-0.039891165588445,0.039891165588445,0,0.327072754173274
"IL1B","Nitrosyl","LPS+Nigericin / LPS",1,-0.035303711810704,0.035303711810704,0,0.281057633403938
"IL1B","Acetyl (K)","P3C4+Nigericin / Unstim",1,0.028417869002452,0.028417869002452,0,0.897763690031107
"IL1B","Myristoyl","LPS+Nigericin / LPS",1,0.0233531089887621,0.0233531089887621,0,0.200462855839896
"IL1B","Myristoyl","P3C4+Nigericin / Unstim",1,-0.014251092038356,0.014251092038356,0,0.690396222862747
"HSP90AA1","Trimethyl (K)","P3C4+Nigericin / P3C4",1,-0.011457167517082,0.011457167517082,0,0.0545649136231474
