"Comparison (group1/group2)","Genes","UniProtIds","ProteinGroups","ProteinNames","ProteinDescriptions","Group","PTM.ModificationTitle","AVG Log2 Ratio","Pvalue","Qvalue","# of Ratios","Significance"
"Unstim / P3C4","TMSB10","P63313","P63313","TYB10_HUMAN","Thymosin beta-10","P63313_K32_M2_1","Acetyl (K)",-11.1679887203348,0.00464301657254432,0.391383417036063,6,"Down"
"Unstim / P3C4","TMSB10","P63313","P63313","TYB10_HUMAN","Thymosin beta-10","P63313_K26_M2_1","Acetyl (K)",-11.1679887203348,0.00464301657254432,0.391383417036063,6,"Down"
"Unstim / P3C4","MDH2","P40926","P40926","MDHM_HUMAN","Malate dehydrogenase, mitochondrial","P40926_K203_M1_1","Acetyl (K)",0.907656772638705,0.00697039329921279,0.405865778375114,6,"Up"
"Unstim / P3C4","IL1B","P01584","P01584","IL1B_HUMAN","Interleukin-1 beta","P01584_K171_M1_1","Acetyl (K)",-1.85968337855783,0.0114987822682404,0.418596774647205,6,"Down"
"Unstim / P3C4","STAU1","O95793","O95793","STAU1_HUMAN","Double-stranded RNA-binding protein Staufen homolog 1","O95793_K274_M2_1","Acetyl (K)",5.10115621453915,0.0263973988403614,0.45040270679612,6,"Up"
"Unstim / P3C4","STAU1","O95793","O95793","STAU1_HUMAN","Double-stranded RNA-binding protein Staufen homolog 1","O95793_K270_M2_1","Acetyl (K)",5.10115621453915,0.0263973988403614,0.45040270679612,6,"Up"
"Unstim / P3C4","MYO1E","Q12965","Q12965","MYO1E_HUMAN","Unconventional myosin-Ie","Q12965_K760_M1_1","Acetyl (K)",-0.697886907943107,0.0290601137016065,0.453350463041553,6,"Down"
"Unstim / P3C4","ZYX","Q15942","Q15942","ZYX_HUMAN","Zyxin","Q15942_K24_M1_1","Acetyl (K)",-1.13739126340189,0.031863546641006,0.459036505514081,6,"Down"
"Unstim / P3C4","MTSS1","O43312","O43312","MTSS1_HUMAN","Protein MTSS 1","O43312_K619_M2_1","Acetyl (K)",-0.642475984167704,0.031891075407086,0.459036505514081,5,"Down"
"Unstim / P3C4","STUM","Q69YW2","Q69YW2","STUM_HUMAN","Protein stum homolog","Q69YW2_K6_M1_1","Acetyl (K)",1.01636903772262,0.0322832234567658,0.459444643337765,6,"Up"
"Unstim / P3C4","H2BC14","Q99879","Q99879","H2B1M_HUMAN","Histone H2B type 1-M","Q99879_K6_M1_1","Acetyl (K)",0.798281577923642,0.0332345159791833,0.460683083545875,6,"Up"
"Unstim / P3C4","VBP1","P61758","P61758","PFD3_HUMAN","Prefoldin subunit 3","P61758_K39_M1_1","Acetyl (K)",-0.954103508105469,0.0370466798397338,0.464659053962776,6,"Down"
"Unstim / P3C4","PLIN3","O60664","O60664","PLIN3_HUMAN","Perilipin-3","O60664_K140_M1_1","Acetyl (K)",-0.614617045712892,0.0558394224549383,0.479357732712781,6,"Not significant"
"Unstim / P3C4","PGD","P52209","P52209","6PGD_HUMAN","6-phosphogluconate dehydrogenase, decarboxylating","P52209_K377_M1_1","Acetyl (K)",-0.705117358264065,0.0582397849265215,0.481476832732058,6,"Not significant"
"Unstim / P3C4","TRIM33","Q9UPN9","Q9UPN9","TRI33_HUMAN","E3 ubiquitin-protein ligase TRIM33","Q9UPN9_K953_M1_1","Acetyl (K)",0.837185579403246,0.0583480028481988,0.481476832732058,6,"Not significant"
"Unstim / P3C4","PCM1","Q15154","Q15154","PCM1_HUMAN","Pericentriolar material 1 protein","Q15154_K786_M1_1","Acetyl (K)",-0.931771654181004,0.0603014285674547,0.482433956564345,6,"Not significant"
"Unstim / P3C4","OPA1","O60313","O60313","OPA1_HUMAN","Dynamin-like 120 kDa protein, mitochondrial","O60313_K352_M1_1","Acetyl (K)",0.443148308019949,0.0699227535448192,0.487224436888023,6,"Not significant"
"Unstim / P3C4","TMEM30A","Q9NV96","Q9NV96","CC50A_HUMAN","Cell cycle control protein 50A","Q9NV96_K8_M1_1","Acetyl (K)",0.762800218493085,0.0765667432646785,0.490842817332209,6,"Not significant"
"Unstim / P3C4","CCT6A","P40227","P40227","TCPZ_HUMAN","T-complex protein 1 subunit zeta","P40227_K530_M1_1","Acetyl (K)",-0.998711499019934,0.0790963222123313,0.49165216615962,6,"Not significant"
"Unstim / P3C4","SNRPB2","P08579","P08579","RU2B_HUMAN","U2 small nuclear ribonucleoprotein B''","P08579_K17_M1_1","Acetyl (K)",0.792301537282202,0.0805034251990761,0.492125804279702,6,"Not significant"
"Unstim / P3C4","H1-3","P16402","P16402","H13_HUMAN","Histone H1.3","P16402_K91_M1_1","Acetyl (K)",0.741203523920334,0.0830733628887711,0.4934589014592,6,"Not significant"
"Unstim / P3C4","HSPA13","P48723","P48723","HSP13_HUMAN","Heat shock 70 kDa protein 13","P48723_K396_M1_1","Acetyl (K)",-1.17717543407893,0.0852136466798463,0.494428274407553,6,"Not significant"
"Unstim / P3C4","ENO1","P06733","P06733","ENOA_HUMAN","Alpha-enolase","P06733_K343_M1_1","Acetyl (K)",-0.615232748771075,0.0868563968655742,0.495382320328223,6,"Not significant"
"Unstim / P3C4","FABP5","Q01469","Q01469","FABP5_HUMAN","Fatty acid-binding protein 5","Q01469_K24_M2_1","Acetyl (K)",-0.591078914367153,0.0871646199833914,0.495601525018613,6,"Not significant"
"Unstim / P3C4","FABP5","Q01469","Q01469","FABP5_HUMAN","Fatty acid-binding protein 5","Q01469_K17_M2_1","Acetyl (K)",-0.591078914367153,0.0871646199833914,0.495601525018613,6,"Not significant"
"Unstim / P3C4","GRAMD4","Q6IC98","Q6IC98","GRAM4_HUMAN","GRAM domain-containing protein 4","Q6IC98_K523_M1_1","Acetyl (K)",1.25140939991009,0.0925735709257584,0.498915552605861,6,"Not significant"
"Unstim / P3C4","HSPA9","P38646","P38646","GRP75_HUMAN","Stress-70 protein, mitochondrial","P38646_K187_M2_1","Acetyl (K)",-0.336369691106152,0.0936632101310366,0.499575111148031,6,"Not significant"
"Unstim / P3C4","HSPA9","P38646","P38646","GRP75_HUMAN","Stress-70 protein, mitochondrial","P38646_K175_M2_1","Acetyl (K)",-0.336369691106152,0.0936632101310366,0.499575111148031,6,"Not significant"
"Unstim / P3C4","PSPC1","Q8WXF1","Q8WXF1","PSPC1_HUMAN","Paraspeckle component 1","Q8WXF1_K380_M1_1","Acetyl (K)",0.635974955927838,0.0964250263631017,0.500945813051444,6,"Not significant"
"Unstim / P3C4","ANXA6","P08133","P08133","ANXA6_HUMAN","Annexin A6","P08133_K113_M2_1","Acetyl (K)",-1.21817873685621,0.101889742257478,0.503825680661829,6,"Not significant"
"Unstim / P3C4","ANXA6","P08133","P08133","ANXA6_HUMAN","Annexin A6","P08133_K102_M2_1","Acetyl (K)",-1.21817873685621,0.101889742257478,0.503825680661829,6,"Not significant"
"Unstim / P3C4","MRPL52","Q86TS9","Q86TS9","RM52_HUMAN","Large ribosomal subunit protein mL52","Q86TS9_K117_M1_1","Acetyl (K)",-0.462473854338455,0.106355042508331,0.505773287651744,6,"Not significant"
"Unstim / P3C4","STIP1","P31948","P31948","STIP1_HUMAN","Stress-induced-phosphoprotein 1","P31948_K252_M1_1","Acetyl (K)",-0.756689315656352,0.10772537427168,0.506489963853552,6,"Not significant"
"Unstim / P3C4","TMSB10","P63313","P63313","TYB10_HUMAN","Thymosin beta-10","P63313_K4_M1_1","Acetyl (K)",-0.386921808521564,0.108356795972507,0.50683052844013,6,"Not significant"
"Unstim / P3C4","VAPA","Q9P0L0","Q9P0L0","VAPA_HUMAN","Vesicle-associated membrane protein-associated protein A","Q9P0L0_K10_M1_1","Acetyl (K)",0.308354840013383,0.109803859197619,0.507182622560774,6,"Not significant"
"Unstim / P3C4","PARVG","Q9HBI0","Q9HBI0","PARVG_HUMAN","Gamma-parvin","Q9HBI0_K190_M1_1","Acetyl (K)",1.82964439500839,0.112148810612125,0.507935840791424,6,"Not significant"
"Unstim / P3C4","H2AC4;H2AC25","P04908;Q7L7L0","P04908;Q7L7L0","H2A1B_HUMAN;H2A3_HUMAN","Histone H2A type 1-B/E;Histone H2A type 3","P04908_K96_M1_1","Acetyl (K)",0.536970168764954,0.116411732713843,0.509338510271143,6,"Not significant"
"Unstim / P3C4","H2AC4;H2AC25","P04908;Q7L7L0","P04908;Q7L7L0","H2A1B_HUMAN;H2A3_HUMAN","Histone H2A type 1-B/E;Histone H2A type 3","Q7L7L0_K96_M1_1","Acetyl (K)",0.536970168764954,0.116411732713843,0.509338510271143,6,"Not significant"
"Unstim / P3C4","DIS3L","Q8TF46","Q8TF46","DI3L1_HUMAN","DIS3-like exonuclease 1","Q8TF46_K993_M1_1","Acetyl (K)",-1.76232932473812,0.119862393895483,0.510344156280338,6,"Not significant"
"Unstim / P3C4","HSPA8","P11142","P11142","HSP7C_HUMAN","Heat shock cognate 71 kDa protein","P11142_K88_M1_1","Acetyl (K)",-0.343757045887522,0.120049067453051,0.510344156280338,6,"Not significant"
"Unstim / P3C4","FLT1","P17948","P17948","VGFR1_HUMAN","Vascular endothelial growth factor receptor 1","P17948_K393_M1_1","Acetyl (K)",1.03944475473499,0.124671878213416,0.51236856105386,6,"Not significant"
"Unstim / P3C4","H1-4","P10412","P10412","H14_HUMAN","Histone H1.4","P10412_K17_M1_1","Acetyl (K)",0.251985901215309,0.128314331609442,0.513577480637385,6,"Not significant"
"Unstim / P3C4","PLS3","P13797","P13797","PLST_HUMAN","Plastin-3","P13797_K158_M1_1","Acetyl (K)",-0.574232998173457,0.133706285695918,0.515773051502873,6,"Not significant"
"Unstim / P3C4","RBM3","P98179","P98179","RBM3_HUMAN","RNA-binding protein 3","P98179_K7_M1_1","Acetyl (K)",-0.667861874828467,0.141158614415413,0.51942993609481,6,"Not significant"
"Unstim / P3C4","PIN1","Q13526","Q13526","PIN1_HUMAN","Peptidyl-prolyl cis-trans isomerase NIMA-interacting 1","Q13526_K6_M1_1","Acetyl (K)",-1.7052100000138,0.143143340941212,0.520228584362255,6,"Not significant"
"Unstim / P3C4","KRT80","Cont_Q6KB66;Q6KB66","Cont_Q6KB66;Q6KB66","K2C80_HUMAN","Keratin, type II cytoskeletal 80;Keratin, type II cytoskeletal 80","Cont_Q6KB66_K373_M2_1","Acetyl (K)",0.785440039618015,0.144682223913767,0.520643059351648,5,"Not significant"
"Unstim / P3C4","KRT80","Cont_Q6KB66;Q6KB66","Cont_Q6KB66;Q6KB66","K2C80_HUMAN","Keratin, type II cytoskeletal 80;Keratin, type II cytoskeletal 80","Q6KB66_K373_M2_1","Acetyl (K)",0.785440039618015,0.144682223913767,0.520643059351648,5,"Not significant"
"Unstim / P3C4","H1-2","P16403","P16403","H12_HUMAN","Histone H1.2","P16403_K34_M1_1","Acetyl (K)",0.441737060012989,0.146991796405481,0.52092417942016,6,"Not significant"
"Unstim / P3C4","ITGAX","P20702","P20702","ITAX_HUMAN","Integrin alpha-X","P20702_K261_M2_1","Acetyl (K)",0.768882529525961,0.147041105893678,0.52092417942016,6,"Not significant"
"Unstim / P3C4","XRN2","Q9H0D6","Q9H0D6","XRN2_HUMAN","5'-3' exoribonuclease 2","Q9H0D6_K796_M1_1","Acetyl (K)",0.465787950207194,0.151569345737961,0.522462972282512,6,"Not significant"
"Unstim / P3C4","PARK7","Q99497","Q99497","PARK7_HUMAN","Parkinson disease protein 7","Q99497_K12_M1_1","Acetyl (K)",-0.664699920000869,0.161502968334825,0.526069117222154,6,"Not significant"
"Unstim / P3C4","ACSL3","O95573","O95573","ACSL3_HUMAN","Fatty acid CoA ligase Acsl3","O95573_K376_M1_1","Acetyl (K)",0.760303436557762,0.162188719505411,0.526212410776404,6,"Not significant"
"Unstim / P3C4","SLC25A24","Q6NUK1","Q6NUK1","SCMC1_HUMAN","Mitochondrial adenyl nucleotide antiporter SLC25A24","Q6NUK1_K453_M1_1","Acetyl (K)",1.98311458245764,0.163303881989925,0.526604128195676,6,"Not significant"
"Unstim / P3C4","OS9","Q13438","Q13438","OS9_HUMAN","Protein OS-9","Q13438_K373_M2_1","Acetyl (K)",0.531248798949298,0.168301271294552,0.528379238495993,4,"Not significant"
"Unstim / P3C4","VIM","P08670","P08670","VIME_HUMAN","Vimentin","P08670_K104_M1_1","Acetyl (K)",0.523339915634676,0.169241233922348,0.52868556827112,6,"Not significant"
"Unstim / P3C4","ANP32B","Q92688","Q92688","AN32B_HUMAN","Acidic leucine-rich nuclear phosphoprotein 32 family member B","Q92688_K99_M1_1","Acetyl (K)",-0.53370804451138,0.173873224066891,0.530786282711474,6,"Not significant"
"Unstim / P3C4","AHNAK","Q09666","Q09666","AHNK_HUMAN","Neuroblast differentiation-associated protein AHNAK","Q09666_K1289_M1_1","Acetyl (K)",1.25569471995251,0.175938419860389,0.531367197412601,6,"Not significant"
"Unstim / P3C4","U2AF1","Q01081","Q01081","U2AF1_HUMAN","Splicing factor U2AF 35 kDa subunit","Q01081_K39_M1_1","Acetyl (K)",-1.6084747595866,0.176482316947718,0.531595271641535,6,"Not significant"
"Unstim / P3C4","MAP4","P27816","P27816","MAP4_HUMAN","Microtubule-associated protein 4","P27816_K553_M1_1","Acetyl (K)",-0.754843395370166,0.176865828828196,0.531771606600437,6,"Not significant"
"Unstim / P3C4","P4HB","P07237","P07237","PDIA1_HUMAN","Protein disulfide-isomerase","P07237_K42_M1_1","Acetyl (K)",-8.473167501196,0.184156794157507,0.533681784368874,6,"Not significant"
"Unstim / P3C4","H2BC11","P06899","P06899","H2B1J_HUMAN","Histone H2B type 1-J","P06899_K6_M1_1","Acetyl (K)",1.42998789313681,0.184472379736842,0.533681784368874,6,"Not significant"
"Unstim / P3C4","CLIC6","Q96NY7","Q96NY7","CLIC6_HUMAN","Chloride intracellular channel protein 6","Q96NY7_K629_M1_1","Acetyl (K)",-0.531004610717309,0.18654730311204,0.533977000295822,6,"Not significant"
"Unstim / P3C4","SERPINB1","P30740","P30740","ILEU_HUMAN","Leukocyte elastase inhibitor","P30740_K245_M1_1","Acetyl (K)",0.476410138665587,0.188898793667464,0.534526191503043,6,"Not significant"
"Unstim / P3C4","RHBDF2","Q6PJF5","Q6PJF5","RHDF2_HUMAN","Inactive rhomboid protein 2","Q6PJF5_K6_M1_1","Acetyl (K)",1.73232727600648,0.189003135864336,0.534615611568823,6,"Not significant"
"Unstim / P3C4","MRI1","Q9BV20","Q9BV20","MTNA_HUMAN","Methylthioribose-1-phosphate isomerase","Q9BV20_K293_M1_1","Acetyl (K)",1.06861029479308,0.189683499761037,0.534689548835752,6,"Not significant"
"Unstim / P3C4","PAXX","Q9BUH6","Q9BUH6","PAXX_HUMAN","Protein PAXX","Q9BUH6_K111_M1_1","Acetyl (K)",-0.490185515989569,0.191048496023976,0.535049429990393,6,"Not significant"
"Unstim / P3C4","ATAD3C","Q5T2N8","Q5T2N8","ATD3C_HUMAN","ATPase family AAA domain-containing protein 3C","Q5T2N8_K3_M1_1","Acetyl (K)",5.35688052176045,0.199409820600284,0.537041941702095,6,"Not significant"
"Unstim / P3C4","MACF1","Q9UPN3","Q9UPN3","MACF1_HUMAN","Microtubule-actin cross-linking factor 1, isoforms 1/2/3/4/5","Q9UPN3_K5056_M2_1","Acetyl (K)",4.17107376936643,0.202762681427536,0.538005819144892,6,"Not significant"
"Unstim / P3C4","ANXA1","P04083","P04083","ANXA1_HUMAN","Annexin A1","P04083_K128_M1_1","Acetyl (K)",-0.494010073884642,0.207715548367534,0.53995475278153,6,"Not significant"
"Unstim / P3C4","S100A4","P26447","P26447","S10A4_HUMAN","Protein S100-A4","P26447_K7_M1_1","Acetyl (K)",-1.64194411978702,0.207825203016679,0.539998946463978,6,"Not significant"
"Unstim / P3C4","S100A8","P05109","P05109","S10A8_HUMAN","Protein S100-A8","P05109_K36_M2_1","Acetyl (K)",-0.409445453527628,0.211037072090364,0.541228972279472,6,"Not significant"
"Unstim / P3C4","S100A8","P05109","P05109","S10A8_HUMAN","Protein S100-A8","P05109_K35_M2_1","Acetyl (K)",-0.409445453527628,0.211037072090364,0.541228972279472,6,"Not significant"
"Unstim / P3C4","HSD17B4","P51659","P51659","DHB4_HUMAN","Peroxisomal multifunctional enzyme type 2","P51659_K84_M1_1","Acetyl (K)",0.540458612070185,0.212111728666836,0.541365311706242,6,"Not significant"
"Unstim / P3C4","FKBP15","Q5T1M5","Q5T1M5","FKB15_HUMAN","FK506-binding protein 15","Q5T1M5_K615_M1_1","Acetyl (K)",0.868437461189797,0.212291624496161,0.541381272493671,6,"Not significant"
"Unstim / P3C4","GLUD1","P00367","P00367","DHE3_HUMAN","Glutamate dehydrogenase 1, mitochondrial","P00367_K352_M2_1","Acetyl (K)",0.669928281663713,0.220828511897938,0.5432601965113,6,"Not significant"
"Unstim / P3C4","GLUD1","P00367","P00367","DHE3_HUMAN","Glutamate dehydrogenase 1, mitochondrial","P00367_K346_M2_1","Acetyl (K)",0.669928281663713,0.220828511897938,0.5432601965113,6,"Not significant"
"Unstim / P3C4","CANX","P27824","P27824","CALX_HUMAN","Calnexin","P27824_K61_M1_1","Acetyl (K)",-1.19535871676736,0.224913743322869,0.54416932766896,6,"Not significant"
"Unstim / P3C4","ATP1A1","P05023","P05023","AT1A1_HUMAN","Sodium/potassium-transporting ATPase subunit alpha-1","P05023_K45_M1_1","Acetyl (K)",0.375236469314133,0.22494275226538,0.54416932766896,6,"Not significant"
"Unstim / P3C4","S100A9","P06702","P06702","S10A9_HUMAN","Protein S100-A9","P06702_K72_M1_1","Acetyl (K)",-1.08580445404441,0.228893999607657,0.545108771816143,6,"Not significant"
"Unstim / P3C4","H3C1","P68431","P68431","H31_HUMAN","Histone H3.1","P68431_K15_M2_1","Acetyl (K)",0.724262594269957,0.229281361386771,0.545215266465533,6,"Not significant"
"Unstim / P3C4","H3C1","P68431","P68431","H31_HUMAN","Histone H3.1","P68431_K10_M2_1","Acetyl (K)",0.724262594269957,0.229281361386771,0.545215266465533,6,"Not significant"
"Unstim / P3C4","AFF4","Q9UHB7","Q9UHB7","AFF4_HUMAN","AF4/FMR2 family member 4","Q9UHB7_K1015_M1_1","Acetyl (K)",0.339313302520501,0.235147600139601,0.547189127312005,6,"Not significant"
"Unstim / P3C4","H3C1","P68431","P68431","H31_HUMAN","Histone H3.1","P68431_K24_M1_1","Acetyl (K)",0.727697409058839,0.236548045643364,0.547560602623845,6,"Not significant"
"Unstim / P3C4","CDKN2AIP","Q9NXV6","Q9NXV6","CARF_HUMAN","CDKN2A-interacting protein","Q9NXV6_K322_M1_1","Acetyl (K)",1.26340237036296,0.238740178805513,0.548285570672351,6,"Not significant"
"Unstim / P3C4","ACY1","Q03154","Q03154","ACY1_HUMAN","Aminoacylase-1","Q03154_K4_M1_1","Acetyl (K)",-0.241516744463653,0.240432981222358,0.548684861909511,6,"Not significant"
"Unstim / P3C4","EEF1A1","Cont_P68103;P68104","Cont_P68103;P68104","EF1A1_BOVIN;EF1A1_HUMAN","Elongation factor 1-alpha 1","Cont_P68103_K330_M1_1","Acetyl (K)",-0.689542425411675,0.242380629684939,0.549248827429369,6,"Not significant"
"Unstim / P3C4","EEF1A1","Cont_P68103;P68104","Cont_P68103;P68104","EF1A1_BOVIN;EF1A1_HUMAN","Elongation factor 1-alpha 1","P68104_K330_M1_1","Acetyl (K)",-0.689542425411675,0.242380629684939,0.549248827429369,6,"Not significant"
"Unstim / P3C4","JUND","P17535","P17535","JUND_HUMAN","Transcription factor JunD","P17535_K301_M1_1","Acetyl (K)",0.55374556828721,0.243377323264355,0.549630107380547,4,"Not significant"
"Unstim / P3C4","HSPA8","P11142","P11142","HSP7C_HUMAN","Heat shock cognate 71 kDa protein","P11142_K137_M2_1","Acetyl (K)",-0.226761535286549,0.244785008594468,0.550153758422252,6,"Not significant"
"Unstim / P3C4","HSPA8","P11142","P11142","HSP7C_HUMAN","Heat shock cognate 71 kDa protein","P11142_K128_M2_1","Acetyl (K)",-0.226761535286549,0.244785008594468,0.550153758422252,6,"Not significant"
"Unstim / P3C4","ACTB","Cont_P60712;P60709","Cont_P60712;P60709","ACTB_BOVIN;ACTB_HUMAN","Actin, cytoplasmic 1;Actin, cytoplasmic 1","Cont_P60712_K50_M1_1","Acetyl (K)",-0.221974027845132,0.24792283090334,0.55092225271126,6,"Not significant"
"Unstim / P3C4","ACTB","Cont_P60712;P60709","Cont_P60712;P60709","ACTB_BOVIN;ACTB_HUMAN","Actin, cytoplasmic 1;Actin, cytoplasmic 1","P60709_K50_M1_1","Acetyl (K)",-0.221974027845132,0.24792283090334,0.55092225271126,6,"Not significant"
"Unstim / P3C4","WDR46","O15213","O15213","WDR46_HUMAN","WD repeat-containing protein 46","O15213_K6_M1_1","Acetyl (K)",0.682323696461097,0.252085184184263,0.552210117158979,6,"Not significant"
"Unstim / P3C4","NCL","P19338","P19338","NUCL_HUMAN","Nucleolin","P19338_K116_M1_1","Acetyl (K)",-0.377635840658748,0.259943162893426,0.554522075215668,6,"Not significant"
"Unstim / P3C4","RNASEH2A","O75792","O75792","RNH2A_HUMAN","Ribonuclease H2 subunit A","O75792_K26_M1_1","Acetyl (K)",-1.06782057287226,0.262909105725187,0.555391423594643,6,"Not significant"
"Unstim / P3C4","CAP1","Q01518","Q01518","CAP1_HUMAN","Adenylyl cyclase-associated protein 1","Q01518_K149_M1_1","Acetyl (K)",-0.582632252322269,0.263067424320615,0.555421932100559,6,"Not significant"
"Unstim / P3C4","PDCD6IP","Q8WUM4","Q8WUM4","PDC6I_HUMAN","Programmed cell death 6-interacting protein","Q8WUM4_K327_M1_1","Acetyl (K)",-0.378602799430599,0.26383823236857,0.555648737613148,6,"Not significant"
"Unstim / P3C4","AHNAK","Q09666","Q09666","AHNK_HUMAN","Neuroblast differentiation-associated protein AHNAK","Q09666_K3372_M1_1","Acetyl (K)",-0.788329416740956,0.264593103182245,0.555771548231212,6,"Not significant"
"Unstim / P3C4","RPL8","P62917","P62917","RL8_HUMAN","Large ribosomal subunit protein uL2","P62917_K119_M1_1","Acetyl (K)",-0.545071512538447,0.266314922080798,0.556302698302236,6,"Not significant"
"Unstim / P3C4","NBEAL2","Q6ZNJ1","Q6ZNJ1","NBEL2_HUMAN","Neurobeachin-like protein 2","Q6ZNJ1_K833_M1_1","Acetyl (K)",-0.571150506961911,0.266998066969566,0.556565474595111,6,"Not significant"
"Unstim / P3C4","COTL1","Q14019","Q14019","COTL1_HUMAN","Coactosin-like protein","Q14019_K75_M1_1","Acetyl (K)",-0.998899063556184,0.27047670719543,0.557623137179815,6,"Not significant"
"Unstim / P3C4","FAHD2A","Q96GK7","Q96GK7","FAH2A_HUMAN","Fumarylacetoacetate hydrolase domain-containing protein 2A","Q96GK7_K174_M2_1","Acetyl (K)",0.359299351658609,0.273570391988453,0.558522349254421,6,"Not significant"
"Unstim / P3C4","FAHD2A","Q96GK7","Q96GK7","FAH2A_HUMAN","Fumarylacetoacetate hydrolase domain-containing protein 2A","Q96GK7_K171_M2_1","Acetyl (K)",0.359299351658609,0.273570391988453,0.558522349254421,6,"Not significant"
"Unstim / P3C4","MED16","Q9Y2X0","Q9Y2X0","MED16_HUMAN","Mediator of RNA polymerase II transcription subunit 16","Q9Y2X0_K586_M1_1","Acetyl (K)",-3.10405346080475,0.275668448267799,0.559220929922064,6,"Not significant"
"Unstim / P3C4","GPX1","P07203","P07203","GPX1_HUMAN","Glutathione peroxidase 1","P07203_K166_M1_1","Acetyl (K)",1.3120875748332,0.281721628517083,0.560907109474196,6,"Not significant"
"Unstim / P3C4","POTEKP","Q9BYX7","Q9BYX7","ACTBM_HUMAN","Putative beta-actin-like protein 3","Q9BYX7_K238_M2_1","Acetyl (K)",-0.937028040382593,0.286857403388866,0.562193907139215,6,"Not significant"
"Unstim / P3C4","POTEKP","Q9BYX7","Q9BYX7","ACTBM_HUMAN","Putative beta-actin-like protein 3","Q9BYX7_K215_M2_1","Acetyl (K)",-0.937028040382593,0.286857403388866,0.562193907139215,6,"Not significant"
"Unstim / P3C4","PANK2","Q9BZ23","Q9BZ23","PANK2_HUMAN","Pantothenate kinase 2, mitochondrial","Q9BZ23_K207_M1_1","Acetyl (K)",-0.962422746614385,0.28717500360392,0.562288991088835,6,"Not significant"
"Unstim / P3C4","WIZ","O95785","O95785","WIZ_HUMAN","Protein Wiz","O95785_K988_M1_1","Acetyl (K)",0.7838428109793,0.288505906939156,0.562667466687585,6,"Not significant"
"Unstim / P3C4","ARL15","Q9NXU5","Q9NXU5","ARL15_HUMAN","ADP-ribosylation factor-like protein 15","Q9NXU5_K69_M2_1","Acetyl (K)",0.197069949462615,0.292951379423759,0.563996053414629,6,"Not significant"
"Unstim / P3C4","ARL15","Q9NXU5","Q9NXU5","ARL15_HUMAN","ADP-ribosylation factor-like protein 15","Q9NXU5_K51_M2_1","Acetyl (K)",0.197069949462615,0.292951379423759,0.563996053414629,6,"Not significant"
"Unstim / P3C4","LDHA","P00338","P00338","LDHA_HUMAN","L-lactate dehydrogenase A chain","P00338_K5_M1_1","Acetyl (K)",-0.412509821851685,0.293213616016707,0.56411865034061,6,"Not significant"
"Unstim / P3C4","RPL13","P26373","P26373","RL13_HUMAN","Large ribosomal subunit protein eL13","P26373_K145_M1_1","Acetyl (K)",-0.489313098789,0.293581346835408,0.564253356974387,5,"Not significant"
"Unstim / P3C4","HNRNPUL1","Q9BUJ2","Q9BUJ2","HNRL1_HUMAN","Heterogeneous nuclear ribonucleoprotein U-like protein 1","Q9BUJ2_K375_M2_1","Acetyl (K)",0.43264267901617,0.295754512661967,0.564797552851982,6,"Not significant"
"Unstim / P3C4","HNRNPUL1","Q9BUJ2","Q9BUJ2","HNRL1_HUMAN","Heterogeneous nuclear ribonucleoprotein U-like protein 1","Q9BUJ2_K360_M2_1","Acetyl (K)",0.43264267901617,0.295754512661967,0.564797552851982,6,"Not significant"
"Unstim / P3C4","TMSB4X","P62328","P62328","TYB4_HUMAN","Thymosin beta-4","P62328_K4_M1_1","Acetyl (K)",0.585512482214559,0.297974575268402,0.56533068481095,6,"Not significant"
"Unstim / P3C4","ANXA2","P07355","P07355","ANXA2_HUMAN","Annexin A2","P07355_K266_M1_1","Acetyl (K)",0.611886724340716,0.299640431028852,0.565954960689852,6,"Not significant"
"Unstim / P3C4","EEF1A1","Cont_P68103;P68104","Cont_P68103;P68104","EF1A1_BOVIN;EF1A1_HUMAN","Elongation factor 1-alpha 1","Cont_P68103_K408_M1_1","Acetyl (K)",0.70419158194501,0.300254968369728,0.566124516742888,6,"Not significant"
"Unstim / P3C4","EEF1A1","Cont_P68103;P68104","Cont_P68103;P68104","EF1A1_BOVIN;EF1A1_HUMAN","Elongation factor 1-alpha 1","P68104_K408_M1_1","Acetyl (K)",0.70419158194501,0.300254968369728,0.566124516742888,6,"Not significant"
"Unstim / P3C4","IMMT","Q16891","Q16891","MIC60_HUMAN","MICOS complex subunit MIC60","Q16891_K286_M1_1","Acetyl (K)",0.482804407627984,0.30686984005013,0.567676442722789,6,"Not significant"
"Unstim / P3C4","PRSS1","Cont_P00760","Cont_P00760","TRY1_BOVIN","Serine protease 1","Cont_P00760_K114_M1_1","Acetyl (K)",0.287825172324674,0.309227263281403,0.568276063800878,6,"Not significant"
"Unstim / P3C4","PLRG1","O43660","O43660","PLRG1_HUMAN","Pleiotropic regulator 1","O43660_K7_M1_1","Acetyl (K)",0.919974756518366,0.31128205655773,0.568912330790175,6,"Not significant"
"Unstim / P3C4","GTF2IRD2","Q86UP8","Q86UP8","GTD2A_HUMAN","General transcription factor II-I repeat domain-containing protein 2A","Q86UP8_K835_M1_1","Acetyl (K)",0.407791014876958,0.314029153179043,0.569709175182742,6,"Not significant"
"Unstim / P3C4","FSCN1","Q16658","Q16658","FSCN1_HUMAN","Fascin","Q16658_K250_M1_1","Acetyl (K)",0.488087597840909,0.315797284925991,0.570184424420912,6,"Not significant"
"Unstim / P3C4","SLC25A5","P05141","P05141","ADT2_HUMAN","ADP/ATP translocase 2","P05141_K23_M1_1","Acetyl (K)",-0.377777575976927,0.319852594121706,0.571181899507514,6,"Not significant"
"Unstim / P3C4","LMNA","P02545","P02545","LMNA_HUMAN","Prelamin-A/C","P02545_K135_M1_1","Acetyl (K)",-0.776737601552376,0.323773785908627,0.572482577557379,6,"Not significant"
"Unstim / P3C4","ACTB","Cont_P60712;P60709","Cont_P60712;P60709","ACTB_BOVIN;ACTB_HUMAN","Actin, cytoplasmic 1;Actin, cytoplasmic 1","Cont_P60712_K326_M1_1","Acetyl (K)",0.325113206276005,0.327352638920638,0.57351327481061,6,"Not significant"
"Unstim / P3C4","ACTB","Cont_P60712;P60709","Cont_P60712;P60709","ACTB_BOVIN;ACTB_HUMAN","Actin, cytoplasmic 1;Actin, cytoplasmic 1","P60709_K326_M1_1","Acetyl (K)",0.325113206276005,0.327352638920638,0.57351327481061,6,"Not significant"
"Unstim / P3C4","HMGCL","P35914","P35914","HMGCL_HUMAN","Hydroxymethylglutaryl-CoA lyase, mitochondrial","P35914_K48_M1_1","Acetyl (K)",0.344333372404396,0.329173392578271,0.574179944944039,6,"Not significant"
"Unstim / P3C4","SQOR","Q9Y6N5","Q9Y6N5","SQOR_HUMAN","Sulfide:quinone oxidoreductase, mitochondrial","Q9Y6N5_K186_M1_1","Acetyl (K)",0.317011675124984,0.330952129519008,0.57486342775607,6,"Not significant"
"Unstim / P3C4","H1-3","P16402","P16402","H13_HUMAN","Histone H1.3","P16402_K17_M1_1","Acetyl (K)",0.196349854161073,0.331850358621784,0.575088774075296,6,"Not significant"
"Unstim / P3C4","FABP5","Q01469","Q01469","FABP5_HUMAN","Fatty acid-binding protein 5","Q01469_K24_M1_1","Acetyl (K)",-0.356229674663099,0.332987186506362,0.575397404267903,6,"Not significant"
"Unstim / P3C4","NCL","P19338","P19338","NUCL_HUMAN","Nucleolin","P19338_K577_M1_1","Acetyl (K)",-0.717771592858871,0.333806442586507,0.575731724865248,6,"Not significant"
"Unstim / P3C4","FXR2","P51116","P51116","FXR2_HUMAN","RNA-binding protein FXR2","P51116_K320_M1_1","Acetyl (K)",0.315586273237121,0.336623532291179,0.576802437888882,6,"Not significant"
"Unstim / P3C4","APOA2","Cont_P81644","Cont_P81644","APOA2_BOVIN","Apolipoprotein A-II","Cont_P81644_K67_M1_1","Acetyl (K)",0.916974051380622,0.338111722659134,0.577233782525707,6,"Not significant"
"Unstim / P3C4","DHX9","Q08211","Q08211","DHX9_HUMAN","ATP-dependent RNA helicase A","Q08211_K737_M2_1","Acetyl (K)",0.284574535757452,0.339067080698951,0.577657795111087,6,"Not significant"
"Unstim / P3C4","DHX9","Q08211","Q08211","DHX9_HUMAN","ATP-dependent RNA helicase A","Q08211_K735_M2_1","Acetyl (K)",0.284574535757452,0.339067080698951,0.577657795111087,6,"Not significant"
"Unstim / P3C4","ADAM10","O14672","O14672","ADA10_HUMAN","Disintegrin and metalloproteinase domain-containing protein 10","O14672_K431_M1_1","Acetyl (K)",0.891038818073764,0.34014732071052,0.578157634209099,6,"Not significant"
"Unstim / P3C4","DENND4C","Q5VZ89","Q5VZ89","DEN4C_HUMAN","DENN domain-containing protein 4C","Q5VZ89_K1078_M1_1","Acetyl (K)",-1.19959261927428,0.344254510330297,0.579704642673573,6,"Not significant"
"Unstim / P3C4","BDP1","A6H8Y1","A6H8Y1","BDP1_HUMAN","Transcription factor TFIIIB component B'' homolog","A6H8Y1_K1837_M1_1","Acetyl (K)",0.616250127788185,0.345030618809792,0.579962175632826,6,"Not significant"
"Unstim / P3C4","LAIR1","Q6GTX8","Q6GTX8","LAIR1_HUMAN","Leukocyte-associated immunoglobulin-like receptor 1","Q6GTX8_K273_M1_1","Acetyl (K)",-0.774651662065008,0.346213315158168,0.580235885332519,6,"Not significant"
"Unstim / P3C4","MMP10","P09238","P09238","MMP10_HUMAN","Stromelysin-2","P09238_K394_M2_1","Acetyl (K)",1.27047485782122,0.355299379993522,0.58335361527048,5,"Not significant"
"Unstim / P3C4","AHNAK","Q09666","Q09666","AHNK_HUMAN","Neuroblast differentiation-associated protein AHNAK","Q09666_K2637_M1_1","Acetyl (K)",-0.570610852455001,0.368329632124157,0.587271313253067,6,"Not significant"
"Unstim / P3C4","MDH2","P40926","P40926","MDHM_HUMAN","Malate dehydrogenase, mitochondrial","P40926_K307_M1_1","Acetyl (K)",0.35331511907381,0.371335096035496,0.588058854847499,6,"Not significant"
"Unstim / P3C4","ARL8B","Q9NVJ2","Q9NVJ2","ARL8B_HUMAN","ADP-ribosylation factor-like protein 8B","Q9NVJ2_K146_M1_1","Acetyl (K)",-0.243499795185086,0.379268523311123,0.590752387035115,6,"Not significant"
"Unstim / P3C4","SLC25A22","Q9H936","Q9H936","GHC1_HUMAN","Mitochondrial glutamate carrier 1","Q9H936_K4_M1_1","Acetyl (K)",0.959143988622196,0.379592501725496,0.590858692816057,6,"Not significant"
"Unstim / P3C4","GANAB","Q14697","Q14697","GANAB_HUMAN","Neutral alpha-glucosidase AB","Q14697_K237_M1_1","Acetyl (K)",0.704316139797421,0.379835614975804,0.590917966710533,6,"Not significant"
"Unstim / P3C4","PDIA3","P30101","P30101","PDIA3_HUMAN","Protein disulfide-isomerase A3","P30101_K94_M2_1","Acetyl (K)",-1.12187983551558,0.39035941974978,0.594186644828811,6,"Not significant"
"Unstim / P3C4","PDIA3","P30101","P30101","PDIA3_HUMAN","Protein disulfide-isomerase A3","P30101_K82_M2_1","Acetyl (K)",-1.12187983551558,0.39035941974978,0.594186644828811,6,"Not significant"
"Unstim / P3C4","RPS14","P62263","P62263","RS14_HUMAN","Small ribosomal subunit protein uS11","P62263_K86_M1_1","Acetyl (K)",-0.742047308692083,0.398103969106147,0.596954964678275,6,"Not significant"
"Unstim / P3C4","AGPS","O00116","O00116","ADAS_HUMAN","Alkyldihydroxyacetonephosphate synthase, peroxisomal","O00116_K323_M2_1","Acetyl (K)",0.358324187841704,0.402557059101364,0.598367882932665,6,"Not significant"
"Unstim / P3C4","AGPS","O00116","O00116","ADAS_HUMAN","Alkyldihydroxyacetonephosphate synthase, peroxisomal","O00116_K322_M2_1","Acetyl (K)",0.358324187841704,0.402557059101364,0.598367882932665,6,"Not significant"
"Unstim / P3C4","ECH1","Q13011","Q13011","ECH1_HUMAN","Delta(3,5)-Delta(2,4)-dienoyl-CoA isomerase, mitochondrial","Q13011_K231_M1_1","Acetyl (K)",0.460961416106962,0.40678716912246,0.599554262768435,6,"Not significant"
"Unstim / P3C4","ANXA5","P08758","P08758","ANXA5_HUMAN","Annexin A5","P08758_K29_M1_1","Acetyl (K)",-0.54101414200034,0.40739268754872,0.599750568937267,6,"Not significant"
"Unstim / P3C4","SLC25A4","P12235","P12235","ADT1_HUMAN","ADP/ATP translocase 1","P12235_K10_M1_1","Acetyl (K)",-0.739417648400783,0.410842198087376,0.600836086856433,6,"Not significant"
"Unstim / P3C4","HNRNPA2B1","P22626","P22626","ROA2_HUMAN","Heterogeneous nuclear ribonucleoproteins A2/B1","P22626_K22_M1_1","Acetyl (K)",-1.42340294859902,0.413722277482868,0.601600852452342,6,"Not significant"
"Unstim / P3C4","POLR2D","O15514","O15514","RPB4_HUMAN","DNA-directed RNA polymerase II subunit RPB4","O15514_K137_M1_1","Acetyl (K)",-1.07359397762619,0.413759971367755,0.601612450392528,6,"Not significant"
"Unstim / P3C4","HSPA5","P11021","P11021","BIP_HUMAN","Endoplasmic reticulum chaperone BiP","P11021_K353_M1_1","Acetyl (K)",-6.77227506904483,0.414852894534407,0.601894677059985,6,"Not significant"
"Unstim / P3C4","ANXA2","P07355","P07355","ANXA2_HUMAN","Annexin A2","P07355_K157_M1_1","Acetyl (K)",0.207423545477851,0.416577014575437,0.60223858887425,6,"Not significant"
"Unstim / P3C4","HMGA1","P17096","P17096","HMGA1_HUMAN","High mobility group protein HMG-I/HMG-Y","P17096_K46_M1_1","Acetyl (K)",-0.451756197982292,0.418222115888642,0.60261629562093,6,"Not significant"
"Unstim / P3C4","MYH9","P35579","P35579","MYH9_HUMAN","Myosin-9","P35579_K682_M1_1","Acetyl (K)",-0.547456141555975,0.421213275086833,0.603397100691257,6,"Not significant"
"Unstim / P3C4","HNRNPM","P52272","P52272","HNRPM_HUMAN","Heterogeneous nuclear ribonucleoprotein M","P52272_K17_M1_1","Acetyl (K)",0.310522008776122,0.422509813222918,0.603748956059489,6,"Not significant"
"Unstim / P3C4","CCT6A","P40227","P40227","TCPZ_HUMAN","T-complex protein 1 subunit zeta","P40227_K58_M2_1","Acetyl (K)",-8.80842517936996,0.422731564349413,0.603766979335015,5,"Not significant"
"Unstim / P3C4","HSPD1","P10809","P10809","CH60_HUMAN","60 kDa heat shock protein, mitochondrial","P10809_K58_M1_1","Acetyl (K)",-0.598202975946791,0.426302338601796,0.604354072768971,6,"Not significant"
"Unstim / P3C4","SRSF5","Q13243","Q13243","SRSF5_HUMAN","Serine/arginine-rich splicing factor 5","Q13243_K167_M1_1","Acetyl (K)",0.258834839824514,0.427915149544163,0.604907987907008,6,"Not significant"
"Unstim / P3C4","HSP90AA4P","Q58FG1","Q58FG1","HS904_HUMAN","Putative heat shock protein HSP 90-alpha A4","Q58FG1_K289_M1_1","Acetyl (K)",-3.69762758780681,0.429108328861745,0.605263173953744,6,"Not significant"
"Unstim / P3C4","FMNL2","Q96PY5","Q96PY5","FMNL2_HUMAN","Formin-like protein 2","Q96PY5_K956_M1_1","Acetyl (K)",-0.779948470046587,0.432083940415938,0.605829918913006,6,"Not significant"
"Unstim / P3C4","HNRNPH1","P31943","P31943","HNRH1_HUMAN","Heterogeneous nuclear ribonucleoprotein H","P31943_K124_M1_1","Acetyl (K)",-0.53930041379696,0.434845646299557,0.60650037466457,6,"Not significant"
"Unstim / P3C4","AIMP1","Q12904","Q12904","AIMP1_HUMAN","Aminoacyl tRNA synthase complex-interacting multifunctional protein 1","Q12904_K235_M1_1","Acetyl (K)",-0.817448802276056,0.437568946587321,0.607147575132077,6,"Not significant"
"Unstim / P3C4","NFRKB","Q6P4R8","Q6P4R8","NFRKB_HUMAN","Nuclear factor related to kappa-B-binding protein","Q6P4R8_K1237_M1_1","Acetyl (K)",-0.289551855948394,0.440139824576779,0.607851547013647,6,"Not significant"
"Unstim / P3C4","NT5E","P21589","P21589","5NTD_HUMAN","5'-nucleotidase","P21589_K162_M1_1","Acetyl (K)",-0.58486923583069,0.442208924808475,0.608338443955734,6,"Not significant"
"Unstim / P3C4","CMPK1","P30085","P30085","KCY_HUMAN","UMP-CMP kinase","P30085_K26_M1_1","Acetyl (K)",-0.308470631283485,0.444331629501543,0.608931995136651,6,"Not significant"
"Unstim / P3C4","CFL1","P23528","P23528","COF1_HUMAN","Cofilin-1","P23528_K13_M1_1","Acetyl (K)",-1.13344482063126,0.444943071239837,0.609091288005153,6,"Not significant"
"Unstim / P3C4","LAMTOR5","O43504","O43504","LTOR5_HUMAN","Ragulator complex protein LAMTOR5","O43504_K14_M1_1","Acetyl (K)",-0.340827906251443,0.445573212523478,0.609275113918697,6,"Not significant"
"Unstim / P3C4","HSPA6","P17066","P17066","HSP76_HUMAN","Heat shock 70 kDa protein 6","P17066_K142_M2_1","Acetyl (K)",-0.14390011974213,0.445959483993864,0.609447278786543,6,"Not significant"
"Unstim / P3C4","HSPA6","P17066","P17066","HSP76_HUMAN","Heat shock 70 kDa protein 6","P17066_K130_M2_1","Acetyl (K)",-0.14390011974213,0.445959483993864,0.609447278786543,6,"Not significant"
"Unstim / P3C4","NOP58","Q9Y2X3","Q9Y2X3","NOP58_HUMAN","Nucleolar protein 58","Q9Y2X3_K337_M1_1","Acetyl (K)",-0.250318231368353,0.44631717635524,0.609554946224863,6,"Not significant"
"Unstim / P3C4","ATP5F1B","P06576","P06576","ATPB_HUMAN","ATP synthase subunit beta, mitochondrial","P06576_K133_M1_1","Acetyl (K)",0.370256031791601,0.44924774386721,0.610318998149175,6,"Not significant"
"Unstim / P3C4","FASTKD3","Q14CZ7","Q14CZ7","FAKD3_HUMAN","FAST kinase domain-containing protein 3, mitochondrial","Q14CZ7_K142_M1_1","Acetyl (K)",-1.20077973756331,0.451874619326753,0.61123077917465,6,"Not significant"
"Unstim / P3C4","TOMM70","O94826","O94826","TOM70_HUMAN","Mitochondrial import receptor subunit TOM70","O94826_K326_M1_1","Acetyl (K)",0.370916581344865,0.453632695384664,0.611832178138155,6,"Not significant"
"Unstim / P3C4","FKBP1A","P62942","P62942","FKB1A_HUMAN","Peptidyl-prolyl cis-trans isomerase FKBP1A","P62942_K35_M1_1","Acetyl (K)",-0.226007567443948,0.454695704429193,0.612084504225002,6,"Not significant"
"Unstim / P3C4","YWHAQ","P27348","P27348","1433T_HUMAN","14-3-3 protein theta","P27348_K11_M1_1","Acetyl (K)",0.430071521183247,0.454743903476778,0.612087732355674,6,"Not significant"
"Unstim / P3C4","ACTB","Cont_P60712;P60709","Cont_P60712;P60709","ACTB_BOVIN;ACTB_HUMAN","Actin, cytoplasmic 1;Actin, cytoplasmic 1","Cont_P60712_K215_M1_1","Acetyl (K)",-0.213122760943397,0.458851756327379,0.613131509368009,6,"Not significant"
"Unstim / P3C4","ACTB","Cont_P60712;P60709","Cont_P60712;P60709","ACTB_BOVIN;ACTB_HUMAN","Actin, cytoplasmic 1;Actin, cytoplasmic 1","P60709_K215_M1_1","Acetyl (K)",-0.213122760943397,0.458851756327379,0.613131509368009,6,"Not significant"
"Unstim / P3C4","CKAP4","Q07065","Q07065","CKAP4_HUMAN","Cytoskeleton-associated protein 4","Q07065_K294_M1_1","Acetyl (K)",0.277442589946122,0.460603096132319,0.613647619563669,6,"Not significant"
"Unstim / P3C4","EPRS1","P07814","P07814","SYEP_HUMAN","Bifunctional glutamate/proline--tRNA ligase","P07814_K1143_M1_1","Acetyl (K)",0.550514500910245,0.460727278911768,0.61369726783082,6,"Not significant"
"Unstim / P3C4","HSPA1A;HSPA1B","P0DMV8;P0DMV9","P0DMV8;P0DMV9","HS71A_HUMAN;HS71B_HUMAN","Heat shock 70 kDa protein 1A;Heat shock 70 kDa protein 1B","P0DMV8_K108_M1_1","Acetyl (K)",0.631947551469021,0.461519832200778,0.614010229473197,6,"Not significant"
"Unstim / P3C4","HSPA1A;HSPA1B","P0DMV8;P0DMV9","P0DMV8;P0DMV9","HS71A_HUMAN;HS71B_HUMAN","Heat shock 70 kDa protein 1A;Heat shock 70 kDa protein 1B","P0DMV9_K108_M1_1","Acetyl (K)",0.631947551469021,0.461519832200778,0.614010229473197,6,"Not significant"
"Unstim / P3C4","DNM3","Q9UQ16","Q9UQ16","DYN3_HUMAN","Dynamin-3","Q9UQ16_K635_M1_1","Acetyl (K)",-0.268373733149383,0.461695385177512,0.61406899193608,6,"Not significant"
"Unstim / P3C4","HSPE1","P61604","P61604","CH10_HUMAN","10 kDa heat shock protein, mitochondrial","P61604_K54_M1_1","Acetyl (K)",-0.315487264347152,0.462615521348464,0.614270666300895,6,"Not significant"
"Unstim / P3C4","HCLS1","P14317","P14317","HCLS1_HUMAN","Hematopoietic lineage cell-specific protein","P14317_K192_M1_1","Acetyl (K)",-0.451632349774995,0.46367292903928,0.614550348137633,6,"Not significant"
"Unstim / P3C4","NELFB","Q8WX92","Q8WX92","NELFB_HUMAN","Negative elongation factor B","Q8WX92_K547_M2_1","Acetyl (K)",2.39953632660737,0.469378925318356,0.616292727522077,4,"Not significant"
"Unstim / P3C4","P4HB","P07237","P07237","PDIA1_HUMAN","Protein disulfide-isomerase","P07237_K436_M1_1","Acetyl (K)",-0.566151576415234,0.469890493574359,0.616488836505411,6,"Not significant"
"Unstim / P3C4","MYO1G","B0I1T2","B0I1T2","MYO1G_HUMAN","Unconventional myosin-Ig","B0I1T2_K608_M2_1","Acetyl (K)",1.14112864475554,0.473092341976061,0.61748964073965,6,"Not significant"
"Unstim / P3C4","MYO1G","B0I1T2","B0I1T2","MYO1G_HUMAN","Unconventional myosin-Ig","B0I1T2_K603_M2_1","Acetyl (K)",1.14112864475554,0.473092341976061,0.61748964073965,6,"Not significant"
"Unstim / P3C4","PRKCSH","P14314","P14314","GLU2B_HUMAN","Glucosidase 2 subunit beta","P14314_K464_M1_1","Acetyl (K)",0.290285150048175,0.474106185753862,0.617831227292134,5,"Not significant"
"Unstim / P3C4","EEF1A1","Cont_P68103;P68104","Cont_P68103;P68104","EF1A1_BOVIN;EF1A1_HUMAN","Elongation factor 1-alpha 1","Cont_P68103_K55_M1_1","Acetyl (K)",0.407304294570759,0.474920690709963,0.618037584268393,5,"Not significant"
"Unstim / P3C4","EEF1A1","Cont_P68103;P68104","Cont_P68103;P68104","EF1A1_BOVIN;EF1A1_HUMAN","Elongation factor 1-alpha 1","P68104_K55_M1_1","Acetyl (K)",0.407304294570759,0.474920690709963,0.618037584268393,5,"Not significant"
"Unstim / P3C4","ACTB","Cont_P60712;P60709","Cont_P60712;P60709","ACTB_BOVIN;ACTB_HUMAN","Actin, cytoplasmic 1;Actin, cytoplasmic 1","Cont_P60712_K284_M1_1","Acetyl (K)",0.259780452123803,0.475708551212743,0.618290048061954,6,"Not significant"
"Unstim / P3C4","ACTB","Cont_P60712;P60709","Cont_P60712;P60709","ACTB_BOVIN;ACTB_HUMAN","Actin, cytoplasmic 1;Actin, cytoplasmic 1","P60709_K284_M1_1","Acetyl (K)",0.259780452123803,0.475708551212743,0.618290048061954,6,"Not significant"
"Unstim / P3C4","AHNAK","Q09666","Q09666","AHNK_HUMAN","Neuroblast differentiation-associated protein AHNAK","Q09666_K763_M1_1","Acetyl (K)",0.180968225680533,0.477672990274812,0.618877623763725,6,"Not significant"
"Unstim / P3C4","P4HB","P07237","P07237","PDIA1_HUMAN","Protein disulfide-isomerase","P07237_K222_M1_1","Acetyl (K)",-0.657295008633494,0.477746598006638,0.618929493679043,6,"Not significant"
"Unstim / P3C4","HMGA1","P17096","P17096","HMGA1_HUMAN","High mobility group protein HMG-I/HMG-Y","P17096_K15_M1_1","Acetyl (K)",0.682343817404369,0.481902383380554,0.620298615980665,6,"Not significant"
"Unstim / P3C4","AK2","P54819","P54819","KAD2_HUMAN","Adenylate kinase 2, mitochondrial","P54819_K14_M1_1","Acetyl (K)",0.187256588628667,0.483073602830726,0.620607471531452,6,"Not significant"
"Unstim / P3C4","HSPD1","P10809","P10809","CH60_HUMAN","60 kDa heat shock protein, mitochondrial","P10809_K523_M1_1","Acetyl (K)",2.90530530015619,0.489863403503361,0.622775095569026,4,"Not significant"
"Unstim / P3C4","ITGAL","P20701","P20701","ITAL_HUMAN","Integrin alpha-L","P20701_K836_M1_1","Acetyl (K)",0.214223967374597,0.491346960322079,0.623280389657828,4,"Not significant"
"Unstim / P3C4","HIVEP2","P31629","P31629","ZEP2_HUMAN","Transcription factor HIVEP2","P31629_K2412_M1_1","Acetyl (K)",-0.41201861753115,0.491409745522669,0.623305164970851,6,"Not significant"
"Unstim / P3C4","PTMA","P06454","P06454","PTMA_HUMAN","Prothymosin alpha","P06454_K15_M1_1","Acetyl (K)",-0.197703969596114,0.497656940245099,0.625347405659956,6,"Not significant"
"Unstim / P3C4","PRKCSH","P14314","P14314","GLU2B_HUMAN","Glucosidase 2 subunit beta","P14314_K196_M1_1","Acetyl (K)",-1.2469855598523,0.49768913675918,0.625355087006821,6,"Not significant"
"Unstim / P3C4","TLN1","Q9Y490","Q9Y490","TLN1_HUMAN","Talin-1","Q9Y490_K2327_M1_1","Acetyl (K)",0.196555799396961,0.498476705504135,0.625618640764076,6,"Not significant"
"Unstim / P3C4","GOLM2","Q6P4E1","Q6P4E1","GOLM2_HUMAN","Protein GOLM2","Q6P4E1_K240_M2_1","Acetyl (K)",0.194533555386231,0.500179203646435,0.626165370644197,6,"Not significant"
"Unstim / P3C4","KDM5B","Q9UGL1","Q9UGL1","KDM5B_HUMAN","Lysine-specific demethylase 5B","Q9UGL1_K1118_M2_1","Acetyl (K)",3.39453327258299,0.502202555890802,0.6266789063138,4,"Not significant"
"Unstim / P3C4","CANX","P27824","P27824","CALX_HUMAN","Calnexin","P27824_K384_M1_1","Acetyl (K)",-0.727989527819405,0.503914470719595,0.627186427281646,5,"Not significant"
"Unstim / P3C4","RPL8","P62917","P62917","RL8_HUMAN","Large ribosomal subunit protein uL2","P62917_K125_M1_1","Acetyl (K)",0.248566278455969,0.505690249888957,0.627718361868968,6,"Not significant"
"Unstim / P3C4","CALM1;CALM2;CALM3","P0DP23;P0DP24;P0DP25","P0DP23;P0DP24;P0DP25","CALM1_HUMAN;CALM2_HUMAN;CALM3_HUMAN","Calmodulin-1;Calmodulin-2;Calmodulin-3","P0DP23_K116_M1_1","Acetyl (K)",0.386391944339523,0.507080262893553,0.628037772765887,6,"Not significant"
"Unstim / P3C4","CALM1;CALM2;CALM3","P0DP23;P0DP24;P0DP25","P0DP23;P0DP24;P0DP25","CALM1_HUMAN;CALM2_HUMAN;CALM3_HUMAN","Calmodulin-1;Calmodulin-2;Calmodulin-3","P0DP24_K116_M1_1","Acetyl (K)",0.386391944339523,0.507080262893553,0.628037772765887,6,"Not significant"
"Unstim / P3C4","CALM1;CALM2;CALM3","P0DP23;P0DP24;P0DP25","P0DP23;P0DP24;P0DP25","CALM1_HUMAN;CALM2_HUMAN;CALM3_HUMAN","Calmodulin-1;Calmodulin-2;Calmodulin-3","P0DP25_K116_M1_1","Acetyl (K)",0.386391944339523,0.507080262893553,0.628037772765887,6,"Not significant"
"Unstim / P3C4","LILRB4","Q8NHJ6","Q8NHJ6","LIRB4_HUMAN","Leukocyte immunoglobulin-like receptor subfamily B member 4","Q8NHJ6_K310_M1_1","Acetyl (K)",-0.100609525231188,0.50852464809886,0.628450658681987,6,"Not significant"
"Unstim / P3C4","PSMC2","P35998","P35998","PRS7_HUMAN","26S proteasome regulatory subunit 7","P35998_K340_M1_1","Acetyl (K)",-0.845252842338903,0.508527536820484,0.628450658681987,6,"Not significant"
"Unstim / P3C4","PTPN1","P18031","P18031","PTN1_HUMAN","Tyrosine-protein phosphatase non-receptor type 1","P18031_K350_M1_1","Acetyl (K)",-0.185487805735703,0.508723831351223,0.628532684394287,6,"Not significant"
"Unstim / P3C4","LZIC","Q8WZA0","Q8WZA0","LZIC_HUMAN","Protein LZIC","Q8WZA0_K189_M2_1","Acetyl (K)",-3.63404876605221,0.509324613949937,0.628702694084703,4,"Not significant"
"Unstim / P3C4","RPS21","P63220","P63220","RS21_HUMAN","Small ribosomal subunit protein eS21","P63220_K41_M2_1","Acetyl (K)",-0.98556115497832,0.512126902160085,0.629608178002745,6,"Not significant"
"Unstim / P3C4","RPS21","P63220","P63220","RS21_HUMAN","Small ribosomal subunit protein eS21","P63220_K27_M2_1","Acetyl (K)",-0.98556115497832,0.512126902160085,0.629608178002745,6,"Not significant"
"Unstim / P3C4","VPS13D","Q5THJ4","Q5THJ4","VP13D_HUMAN","Intermembrane lipid transfer protein VPS13D","Q5THJ4_K120_M1_1","Acetyl (K)",0.164735499436187,0.513275619895762,0.629950175839315,6,"Not significant"
"Unstim / P3C4","ENO1","P06733","P06733","ENOA_HUMAN","Alpha-enolase","P06733_K5_M1_1","Acetyl (K)",-0.315902403291695,0.514586588310246,0.630433930856758,6,"Not significant"
"Unstim / P3C4","HSPD1","P10809","P10809","CH60_HUMAN","60 kDa heat shock protein, mitochondrial","P10809_K133_M1_1","Acetyl (K)",-0.83788584558806,0.515808663524174,0.630846372773445,6,"Not significant"
"Unstim / P3C4","ACTB","Cont_P60712;P60709","Cont_P60712;P60709","ACTB_BOVIN;ACTB_HUMAN","Actin, cytoplasmic 1;Actin, cytoplasmic 1","Cont_P60712_K328_M1_1","Acetyl (K)",0.159430731875064,0.517870440383453,0.631497035392997,6,"Not significant"
"Unstim / P3C4","ACTB","Cont_P60712;P60709","Cont_P60712;P60709","ACTB_BOVIN;ACTB_HUMAN","Actin, cytoplasmic 1;Actin, cytoplasmic 1","P60709_K328_M1_1","Acetyl (K)",0.159430731875064,0.517870440383453,0.631497035392997,6,"Not significant"
"Unstim / P3C4","PAK2","Q13177","Q13177","PAK2_HUMAN","Serine/threonine-protein kinase PAK 2","Q13177_K52_M1_1","Acetyl (K)",-0.180176235395783,0.51821095365403,0.631593326567208,6,"Not significant"
"Unstim / P3C4","LRRFIP2","Q9Y608","Q9Y608","LRRF2_HUMAN","Leucine-rich repeat flightless-interacting protein 2","Q9Y608_K577_M1_1","Acetyl (K)",0.445323130849311,0.525371411013548,0.633917277282153,6,"Not significant"
"Unstim / P3C4","RBBP4","Q09028","Q09028","RBBP4_HUMAN","Histone-binding protein RBBP4","Q09028_K4_M1_1","Acetyl (K)",-0.250262784807518,0.52642273057797,0.634257556137621,6,"Not significant"
"Unstim / P3C4","HSPA8","P11142","P11142","HSP7C_HUMAN","Heat shock cognate 71 kDa protein","P11142_K187_M1_1","Acetyl (K)",0.47291951251803,0.528060994682486,0.634751866947904,6,"Not significant"
"Unstim / P3C4","ATP5PD","O75947","O75947","ATP5H_HUMAN","ATP synthase subunit d, mitochondrial","O75947_K149_M1_1","Acetyl (K)",0.390388920722352,0.530291529675097,0.635518441056376,6,"Not significant"
"Unstim / P3C4","HNRNPU","Q00839","Q00839","HNRPU_HUMAN","Heterogeneous nuclear ribonucleoprotein U","Q00839_K436_M1_1","Acetyl (K)",0.505795178795336,0.53098309018796,0.635805391173585,6,"Not significant"
"Unstim / P3C4","NAPA","P54920","P54920","SNAA_HUMAN","Alpha-soluble NSF attachment protein","P54920_K6_M1_1","Acetyl (K)",0.326297432193413,0.536009338229823,0.63753529271515,6,"Not significant"
"Unstim / P3C4","RAB11B","Q15907","Q15907","RB11B_HUMAN","Ras-related protein Rab-11B","Q15907_K13_M1_1","Acetyl (K)",-0.401641985429794,0.538186609707959,0.638223066164739,6,"Not significant"
"Unstim / P3C4","DEK","P35659","P35659","DEK_HUMAN","Protein DEK","P35659_K331_M1_1","Acetyl (K)",2.96577808806729,0.538244461503673,0.638235322838536,4,"Not significant"
"Unstim / P3C4","ELMO1","Q92556","Q92556","ELMO1_HUMAN","Engulfment and cell motility protein 1","Q92556_K607_M1_1","Acetyl (K)",0.312108916631729,0.539123078068836,0.638446522794322,6,"Not significant"
"Unstim / P3C4","ERP44","Q9BS26","Q9BS26","ERP44_HUMAN","Endoplasmic reticulum resident protein 44","Q9BS26_K76_M1_1","Acetyl (K)",-0.642750446581622,0.542909774910341,0.639561260403799,6,"Not significant"
"Unstim / P3C4","DHX9","Q08211","Q08211","DHX9_HUMAN","ATP-dependent RNA helicase A","Q08211_K5_M1_1","Acetyl (K)",0.508365357467876,0.543418418539046,0.639693807966307,5,"Not significant"
"Unstim / P3C4","GAPDH","P04406","P04406","G3P_HUMAN","Glyceraldehyde-3-phosphate dehydrogenase","P04406_K139_M1_1","Acetyl (K)",0.489680437412172,0.544086697828732,0.639929614157522,6,"Not significant"
"Unstim / P3C4","ACVR1","Q04771","Q04771","ACVR1_HUMAN","Activin receptor type-1","Q04771_K216_M1_1","Acetyl (K)",0.363311625532817,0.545127579165572,0.640258871394574,6,"Not significant"
"Unstim / P3C4","MYL6","P60660","P60660","MYL6_HUMAN","Myosin light polypeptide 6","P60660_K13_M1_1","Acetyl (K)",-0.24004326771039,0.545329491053963,0.640329862519158,6,"Not significant"
"Unstim / P3C4","BROX","Q5VW32","Q5VW32","BROX_HUMAN","BRO1 domain-containing protein BROX","Q5VW32_K334_M1_1","Acetyl (K)",0.929088081962193,0.547966601036179,0.641109508273931,6,"Not significant"
"Unstim / P3C4","S100A11","P31949","P31949","S10AB_HUMAN","Protein S100-A11","P31949_K66_M1_1","Acetyl (K)",-0.195698607157318,0.552406462338952,0.642605262167503,6,"Not significant"
"Unstim / P3C4","MAPRE1","Q15691","Q15691","MARE1_HUMAN","Microtubule-associated protein RP/EB family member 1","Q15691_K182_M1_1","Acetyl (K)",0.323739463047461,0.553338955580507,0.642889758942496,6,"Not significant"
"Unstim / P3C4","RBMX","P38159","P38159","RBMX_HUMAN","RNA-binding motif protein, X chromosome","P38159_K9_M1_1","Acetyl (K)",0.39507218905389,0.555428466965435,0.643608181452903,6,"Not significant"
"Unstim / P3C4","GOLGA4","Q13439","Q13439","GOGA4_HUMAN","Golgin subfamily A member 4","Q13439_K1138_M2_1","Acetyl (K)",0.374695827847573,0.564489615776987,0.646339319803846,6,"Not significant"
"Unstim / P3C4","GOLGA4","Q13439","Q13439","GOGA4_HUMAN","Golgin subfamily A member 4","Q13439_K1133_M2_1","Acetyl (K)",0.374695827847573,0.564489615776987,0.646339319803846,6,"Not significant"
"Unstim / P3C4","RSF1","Q96T23","Q96T23","RSF1_HUMAN","Remodeling and spacing factor 1","Q96T23_K1061_M1_1","Acetyl (K)",0.196440023586578,0.567064151337497,0.64720433238874,6,"Not significant"
"Unstim / P3C4","AKR1A1","P14550","P14550","AK1A1_HUMAN","Aldo-keto reductase family 1 member A1","P14550_K275_M1_1","Acetyl (K)",0.274908448778397,0.57043912310953,0.648374065521839,6,"Not significant"
"Unstim / P3C4","KIAA0232","Q92628","Q92628","K0232_HUMAN","Uncharacterized protein KIAA0232","Q92628_K376_M1_1","Acetyl (K)",1.16269333888922,0.574053883390851,0.649603996433282,6,"Not significant"
"Unstim / P3C4","CDC73","Q6P1J9","Q6P1J9","CDC73_HUMAN","Parafibromin","Q6P1J9_K378_M1_1","Acetyl (K)",1.21593045192479,0.576002130000485,0.650303474883666,6,"Not significant"
"Unstim / P3C4","HNRNPD","Q14103","Q14103","HNRPD_HUMAN","Heterogeneous nuclear ribonucleoprotein D0","Q14103_K231_M1_1","Acetyl (K)",0.14897550170059,0.582378276852534,0.652421604404359,6,"Not significant"
"Unstim / P3C4","CALR","P27797","P27797","CALR_HUMAN","Calreticulin","P27797_K249_M1_1","Acetyl (K)",-0.349872159615962,0.583138861987466,0.652658391918328,6,"Not significant"
"Unstim / P3C4","COMT","P21964","P21964","COMT_HUMAN","Catechol O-methyltransferase","P21964_K86_M1_1","Acetyl (K)",0.158954660784175,0.583628816220946,0.652791459191169,6,"Not significant"
"Unstim / P3C4","H3C1","P68431","P68431","H31_HUMAN","Histone H3.1","P68431_K24_M2_1","Acetyl (K)",0.205926672011021,0.587978602190322,0.654211822848993,6,"Not significant"
"Unstim / P3C4","H3C1","P68431","P68431","H31_HUMAN","Histone H3.1","P68431_K19_M2_1","Acetyl (K)",0.205926672011021,0.587978602190322,0.654211822848993,6,"Not significant"
"Unstim / P3C4","HADHB","P55084","P55084","ECHB_HUMAN","Trifunctional enzyme subunit beta, mitochondrial","P55084_K72_M1_1","Acetyl (K)",0.328066292887115,0.588416189022647,0.654375166713284,6,"Not significant"
"Unstim / P3C4","POTEF","A5A3E0","A5A3E0","POTEF_HUMAN","POTE ankyrin domain family member F","A5A3E0_K984_M1_1","Acetyl (K)",-0.762663170290559,0.588554636427619,0.65442199843212,6,"Not significant"
"Unstim / P3C4","ITGA6","P23229","P23229","ITA6_HUMAN","Integrin alpha-6","P23229_K986_M1_1","Acetyl (K)",0.294772067290571,0.590009287168372,0.654887940705373,6,"Not significant"
"Unstim / P3C4","NUCB2","P80303","P80303","NUCB2_HUMAN","Nucleobindin-2","P80303_K44_M1_1","Acetyl (K)",0.563853853686306,0.59335058219516,0.656019485228356,6,"Not significant"
"Unstim / P3C4","CA2","P00918","P00918","CAH2_HUMAN","Carbonic anhydrase 2","P00918_K80_M1_1","Acetyl (K)",0.207845871324324,0.594269076771747,0.656290315637438,6,"Not significant"
"Unstim / P3C4","SYNPO2","Q9UMS6","Q9UMS6","SYNP2_HUMAN","Synaptopodin-2","Q9UMS6_K513_M1_1","Acetyl (K)",0.673243719208155,0.594550335331178,0.65639759698158,6,"Not significant"
"Unstim / P3C4","DCUN1D3","Q8IWE4","Q8IWE4","DCNL3_HUMAN","DCN1-like protein 3","Q8IWE4_K46_M1_1","Acetyl (K)",-0.167570680301304,0.595388794862704,0.656668123080585,6,"Not significant"
"Unstim / P3C4","PRSS1","Cont_P00760","Cont_P00760","TRY1_BOVIN","Serine protease 1","Cont_P00760_K92_M1_1","Acetyl (K)",0.413714940798347,0.596310524551464,0.65701521134324,6,"Not significant"
"Unstim / P3C4","HSPE1","P61604","P61604","CH10_HUMAN","10 kDa heat shock protein, mitochondrial","P61604_K56_M1_1","Acetyl (K)",-0.0614117831171467,0.596832937856085,0.657205230396377,6,"Not significant"
"Unstim / P3C4","KIF5B","P33176","P33176","KINH_HUMAN","Kinesin-1 heavy chain","P33176_K44_M1_1","Acetyl (K)",-0.214556981417923,0.599525584968646,0.657937818617977,6,"Not significant"
"Unstim / P3C4","ESF1","Q9H501","Q9H501","ESF1_HUMAN","ESF1 homolog","Q9H501_K4_M1_1","Acetyl (K)",0.290690347534706,0.600223167230537,0.658154698108403,6,"Not significant"
"Unstim / P3C4","PKM","P14618","P14618","KPYM_HUMAN","Pyruvate kinase PKM","P14618_K3_M1_1","Acetyl (K)",-0.14628563578435,0.605986770080338,0.659897895483944,6,"Not significant"
"Unstim / P3C4","RSF1","Q96T23","Q96T23","RSF1_HUMAN","Remodeling and spacing factor 1","Q96T23_K1050_M1_1","Acetyl (K)",0.135958369410195,0.606563059905419,0.660096471047139,6,"Not significant"
"Unstim / P3C4","NPM1","P06748","P06748","NPM_HUMAN","Nucleophosmin","P06748_K54_M1_1","Acetyl (K)",-0.122284737456402,0.607036439204067,0.660217922501157,6,"Not significant"
"Unstim / P3C4","KRT14","Cont_P02533;P02533","Cont_P02533;P02533","K1C14_HUMAN","Keratin, type I cytoskeletal 14;Keratin, type I cytoskeletal 14","Cont_P02533_K132_M1_1","Acetyl (K)",-0.0892665553520503,0.612720633515607,0.66216044753646,6,"Not significant"
"Unstim / P3C4","KRT14","Cont_P02533;P02533","Cont_P02533;P02533","K1C14_HUMAN","Keratin, type I cytoskeletal 14;Keratin, type I cytoskeletal 14","P02533_K132_M1_1","Acetyl (K)",-0.0892665553520503,0.612720633515607,0.66216044753646,6,"Not significant"
"Unstim / P3C4","VDAC1","P21796","P21796","VDAC1_HUMAN","Voltage-dependent anion-selective channel protein 1","P21796_K224_M1_1","Acetyl (K)",0.70583527177288,0.614886165080713,0.662965401361026,6,"Not significant"
"Unstim / P3C4","SOD1","P00441","P00441","SODC_HUMAN","Superoxide dismutase [Cu-Zn]","P00441_K92_M1_1","Acetyl (K)",0.204790533923083,0.618230273836241,0.663979983864564,6,"Not significant"
"Unstim / P3C4","PPIA","P62937","P62937","PPIA_HUMAN","Peptidyl-prolyl cis-trans isomerase A","P62937_K155_M1_1","Acetyl (K)",0.303304528896685,0.623292270958914,0.665571547937769,6,"Not significant"
"Unstim / P3C4","PDIA3","P30101","P30101","PDIA3_HUMAN","Protein disulfide-isomerase A3","P30101_K305_M1_1","Acetyl (K)",-0.477980608415827,0.626650750181485,0.666656623702722,6,"Not significant"
"Unstim / P3C4","ARPC3","O15145","O15145","ARPC3_HUMAN","Actin-related protein 2/3 complex subunit 3","O15145_K14_M1_1","Acetyl (K)",0.547118129789698,0.630272291118549,0.667848508951231,6,"Not significant"
"Unstim / P3C4","DYNC1I2","Q13409","Q13409","DC1I2_HUMAN","Cytoplasmic dynein 1 intermediate chain 2","Q13409_K4_M1_1","Acetyl (K)",0.560724870046756,0.632148365012246,0.668327609118771,6,"Not significant"
"Unstim / P3C4","STRAP","Q9Y3F4","Q9Y3F4","STRAP_HUMAN","Serine-threonine kinase receptor-associated protein","Q9Y3F4_K317_M1_1","Acetyl (K)",0.24203062839005,0.63454654092499,0.668962140364398,6,"Not significant"
"Unstim / P3C4","ARPC1B","O15143","O15143","ARC1B_HUMAN","Actin-related protein 2/3 complex subunit 1B","O15143_K87_M1_1","Acetyl (K)",-0.71442149164,0.635389317795111,0.669173684628833,6,"Not significant"
"Unstim / P3C4","DARS1","P14868","P14868","SYDC_HUMAN","Aspartate--tRNA ligase, cytoplasmic","P14868_K213_M1_1","Acetyl (K)",-0.716325472217775,0.638095184781687,0.670077510667115,6,"Not significant"
"Unstim / P3C4","AHNAK","Q09666","Q09666","AHNK_HUMAN","Neuroblast differentiation-associated protein AHNAK","Q09666_K2568_M1_1","Acetyl (K)",-0.36974646715845,0.642492699348017,0.671409484814054,6,"Not significant"
"Unstim / P3C4","HNRNPA3","P51991","P51991","ROA3_HUMAN","Heterogeneous nuclear ribonucleoprotein A3","P51991_K182_M1_1","Acetyl (K)",0.153405210563275,0.64550220722583,0.67225342190745,6,"Not significant"
"Unstim / P3C4","MVD","P53602","P53602","MVD1_HUMAN","Diphosphomevalonate decarboxylase","P53602_K5_M1_1","Acetyl (K)",-0.140294063836967,0.65012761799388,0.673712577943191,6,"Not significant"
"Unstim / P3C4","AHNAK","Q09666","Q09666","AHNK_HUMAN","Neuroblast differentiation-associated protein AHNAK","Q09666_K3282_M1_1","Acetyl (K)",-0.16057019729971,0.653622820690277,0.674834621206686,6,"Not significant"
"Unstim / P3C4","APOL2","Q9BQE5","Q9BQE5","APOL2_HUMAN","Apolipoprotein L2","Q9BQE5_K320_M1_1","Acetyl (K)",-0.204546129662449,0.65726643048408,0.675948173003731,6,"Not significant"
"Unstim / P3C4","HMGA1","P17096","P17096","HMGA1_HUMAN","High mobility group protein HMG-I/HMG-Y","P17096_K7_M1_1","Acetyl (K)",-0.384636399338777,0.657978075246384,0.676165388761565,6,"Not significant"
"Unstim / P3C4","AHNAK","Q09666","Q09666","AHNK_HUMAN","Neuroblast differentiation-associated protein AHNAK","Q09666_K4330_M1_1","Acetyl (K)",-0.175845956536455,0.658065250007431,0.676207659851318,6,"Not significant"
"Unstim / P3C4","AHNAK","Q09666","Q09666","AHNK_HUMAN","Neuroblast differentiation-associated protein AHNAK","Q09666_K3164_M1_1","Acetyl (K)",0.165383282517399,0.660090764553251,0.676779636176495,6,"Not significant"
"Unstim / P3C4","AHNAK","Q09666","Q09666","AHNK_HUMAN","Neuroblast differentiation-associated protein AHNAK","Q09666_K3946_M1_1","Acetyl (K)",0.165383282517399,0.660090764553251,0.676779636176495,6,"Not significant"
"Unstim / P3C4","H2AC20","Q16777","Q16777","H2A2C_HUMAN","Histone H2A type 2-C","Q16777_K96_M1_1","Acetyl (K)",0.220236318531652,0.660884979818782,0.677007189663509,6,"Not significant"
"Unstim / P3C4","AHNAK","Q09666","Q09666","AHNK_HUMAN","Neuroblast differentiation-associated protein AHNAK","Q09666_K1184_M2_1","Acetyl (K)",-0.204845491456736,0.662107678378046,0.677397679016404,6,"Not significant"
"Unstim / P3C4","AHNAK","Q09666","Q09666","AHNK_HUMAN","Neuroblast differentiation-associated protein AHNAK","Q09666_K1182_M2_1","Acetyl (K)",-0.204845491456736,0.662107678378046,0.677397679016404,6,"Not significant"
"Unstim / P3C4","AHNAK","Q09666","Q09666","AHNK_HUMAN","Neuroblast differentiation-associated protein AHNAK","Q09666_K1312_M2_1","Acetyl (K)",-0.204845491456736,0.662107678378046,0.677397679016404,6,"Not significant"
"Unstim / P3C4","AHNAK","Q09666","Q09666","AHNK_HUMAN","Neuroblast differentiation-associated protein AHNAK","Q09666_K1310_M2_1","Acetyl (K)",-0.204845491456736,0.662107678378046,0.677397679016404,6,"Not significant"
"Unstim / P3C4","AHNAK","Q09666","Q09666","AHNK_HUMAN","Neuroblast differentiation-associated protein AHNAK","Q09666_K1642_M2_1","Acetyl (K)",-0.204845491456736,0.662107678378046,0.677397679016404,6,"Not significant"
"Unstim / P3C4","AHNAK","Q09666","Q09666","AHNK_HUMAN","Neuroblast differentiation-associated protein AHNAK","Q09666_K1640_M2_1","Acetyl (K)",-0.204845491456736,0.662107678378046,0.677397679016404,6,"Not significant"
"Unstim / P3C4","AHNAK","Q09666","Q09666","AHNK_HUMAN","Neuroblast differentiation-associated protein AHNAK","Q09666_K1844_M2_1","Acetyl (K)",-0.204845491456736,0.662107678378046,0.677397679016404,6,"Not significant"
"Unstim / P3C4","AHNAK","Q09666","Q09666","AHNK_HUMAN","Neuroblast differentiation-associated protein AHNAK","Q09666_K1842_M2_1","Acetyl (K)",-0.204845491456736,0.662107678378046,0.677397679016404,6,"Not significant"
"Unstim / P3C4","AHNAK","Q09666","Q09666","AHNK_HUMAN","Neuroblast differentiation-associated protein AHNAK","Q09666_K1978_M2_1","Acetyl (K)",-0.204845491456736,0.662107678378046,0.677397679016404,6,"Not significant"
"Unstim / P3C4","AHNAK","Q09666","Q09666","AHNK_HUMAN","Neuroblast differentiation-associated protein AHNAK","Q09666_K1976_M2_1","Acetyl (K)",-0.204845491456736,0.662107678378046,0.677397679016404,6,"Not significant"
"Unstim / P3C4","AHNAK","Q09666","Q09666","AHNK_HUMAN","Neuroblast differentiation-associated protein AHNAK","Q09666_K2173_M2_1","Acetyl (K)",-0.204845491456736,0.662107678378046,0.677397679016404,6,"Not significant"
"Unstim / P3C4","AHNAK","Q09666","Q09666","AHNK_HUMAN","Neuroblast differentiation-associated protein AHNAK","Q09666_K2171_M2_1","Acetyl (K)",-0.204845491456736,0.662107678378046,0.677397679016404,6,"Not significant"
"Unstim / P3C4","AHNAK","Q09666","Q09666","AHNK_HUMAN","Neuroblast differentiation-associated protein AHNAK","Q09666_K2301_M2_1","Acetyl (K)",-0.204845491456736,0.662107678378046,0.677397679016404,6,"Not significant"
"Unstim / P3C4","AHNAK","Q09666","Q09666","AHNK_HUMAN","Neuroblast differentiation-associated protein AHNAK","Q09666_K2299_M2_1","Acetyl (K)",-0.204845491456736,0.662107678378046,0.677397679016404,6,"Not significant"
"Unstim / P3C4","HSPA1A;HSPA1B","P0DMV8;P0DMV9","P0DMV8;P0DMV9","HS71A_HUMAN;HS71B_HUMAN","Heat shock 70 kDa protein 1A;Heat shock 70 kDa protein 1B","P0DMV8_K100_M1_1","Acetyl (K)",-0.0830133635109787,0.664540760824187,0.678065018761077,6,"Not significant"
"Unstim / P3C4","HSPA1A;HSPA1B","P0DMV8;P0DMV9","P0DMV8;P0DMV9","HS71A_HUMAN;HS71B_HUMAN","Heat shock 70 kDa protein 1A;Heat shock 70 kDa protein 1B","P0DMV9_K100_M1_1","Acetyl (K)",-0.0830133635109787,0.664540760824187,0.678065018761077,6,"Not significant"
"Unstim / P3C4","TUBB6","Q9BUF5","Q9BUF5","TBB6_HUMAN","Tubulin beta-6 chain","Q9BUF5_K336_M1_1","Acetyl (K)",-0.401921679082506,0.66470183546113,0.678131654309625,6,"Not significant"
"Unstim / P3C4","HNRNPA2B1","P22626","P22626","ROA2_HUMAN","Heterogeneous nuclear ribonucleoproteins A2/B1","P22626_K168_M1_1","Acetyl (K)",0.180222405492596,0.666583296188554,0.678754808163949,6,"Not significant"
"Unstim / P3C4","ATRIP","Q8WXE1","Q8WXE1","ATRIP_HUMAN","ATR-interacting protein","Q8WXE1_K195_M1_1","Acetyl (K)",0.508318343626921,0.671121715682912,0.680047234990001,6,"Not significant"
"Unstim / P3C4","PPP1CC","P36873","P36873","PP1G_HUMAN","Serine/threonine-protein phosphatase PP1-gamma catalytic subunit","P36873_K6_M1_1","Acetyl (K)",0.221315349617898,0.672101819931807,0.68037403655952,6,"Not significant"
"Unstim / P3C4","FCHO2","Q0JRZ9","Q0JRZ9","FCHO2_HUMAN","F-BAR domain only protein 2","Q0JRZ9_K756_M1_1","Acetyl (K)",-0.333373505062775,0.679741659227671,0.682727327883015,6,"Not significant"
"Unstim / P3C4","NCOA3","Q9Y6Q9","Q9Y6Q9","NCOA3_HUMAN","Nuclear receptor coactivator 3","Q9Y6Q9_K316_M1_1","Acetyl (K)",0.111847547336092,0.680352211481387,0.682890271894461,6,"Not significant"
"Unstim / P3C4","SMC3","Q9UQE7","Q9UQE7","SMC3_HUMAN","Structural maintenance of chromosomes protein 3","Q9UQE7_K436_M1_1","Acetyl (K)",0.344656533963406,0.685726604534623,0.684763964876117,6,"Not significant"
"Unstim / P3C4","PSMD2","Q13200","Q13200","PSMD2_HUMAN","26S proteasome non-ATPase regulatory subunit 2","Q13200_K66_M1_1","Acetyl (K)",-0.396477175764484,0.688302647790256,0.685527671688207,6,"Not significant"
"Unstim / P3C4","MYH9","P35579","P35579","MYH9_HUMAN","Myosin-9","P35579_K1538_M1_1","Acetyl (K)",-0.24017102526533,0.691570609733293,0.686504787768951,6,"Not significant"
"Unstim / P3C4","ITSN1","Q15811","Q15811","ITSN1_HUMAN","Intersectin-1","Q15811_K1122_M1_1","Acetyl (K)",-0.357316282803551,0.692269687188989,0.68671190037671,6,"Not significant"
"Unstim / P3C4","MDH2","P40926","P40926","MDHM_HUMAN","Malate dehydrogenase, mitochondrial","P40926_K91_M1_1","Acetyl (K)",0.131364171085484,0.694893440726434,0.687502380090455,6,"Not significant"
"Unstim / P3C4","RBBP7","Q16576","Q16576","RBBP7_HUMAN","Histone-binding protein RBBP7","Q16576_K4_M1_1","Acetyl (K)",0.0945298767340653,0.697193542545623,0.688146364327728,6,"Not significant"
"Unstim / P3C4","ALYREF","Q86V81","Q86V81","THOC4_HUMAN","THO complex subunit 4","Q86V81_K4_M1_1","Acetyl (K)",0.136372908596528,0.700458265972538,0.689118018993169,6,"Not significant"
"Unstim / P3C4","ARPC2","O15144","O15144","ARPC2_HUMAN","Actin-related protein 2/3 complex subunit 2","O15144_K52_M2_1","Acetyl (K)",-0.986280004942328,0.703435286728745,0.690041068190538,4,"Not significant"
"Unstim / P3C4","KRAS","P01116","P01116","RASK_HUMAN","GTPase KRas","P01116_K117_M1_1","Acetyl (K)",0.0918325308662371,0.706705590571747,0.691030709355663,6,"Not significant"
"Unstim / P3C4","TRIM25","Q14258","Q14258","TRI25_HUMAN","E3 ubiquitin/ISG15 ligase TRIM25","Q14258_K402_M2_1","Acetyl (K)",0.436940284213252,0.708958887477192,0.691603915441877,6,"Not significant"
"Unstim / P3C4","TRIM25","Q14258","Q14258","TRI25_HUMAN","E3 ubiquitin/ISG15 ligase TRIM25","Q14258_K392_M2_1","Acetyl (K)",0.436940284213252,0.708958887477192,0.691603915441877,6,"Not significant"
"Unstim / P3C4","MTPN","P58546","P58546","MTPN_HUMAN","Myotrophin","P58546_K4_M1_1","Acetyl (K)",-0.177503803736232,0.712217933403025,0.692622956124098,6,"Not significant"
"Unstim / P3C4","MYH9","P35579","P35579","MYH9_HUMAN","Myosin-9","P35579_K14_M2_1","Acetyl (K)",-0.48086979333395,0.720234618011721,0.695055411896231,6,"Not significant"
"Unstim / P3C4","MYH9","P35579","P35579","MYH9_HUMAN","Myosin-9","P35579_K8_M2_1","Acetyl (K)",-0.48086979333395,0.720234618011721,0.695055411896231,6,"Not significant"
"Unstim / P3C4","PKM","P14618","P14618","KPYM_HUMAN","Pyruvate kinase PKM","P14618_K367_M1_1","Acetyl (K)",-0.143260623671736,0.7220264305707,0.695514036026773,6,"Not significant"
"Unstim / P3C4","EEF1A1","Cont_P68103;P68104","Cont_P68103;P68104","EF1A1_BOVIN;EF1A1_HUMAN","Elongation factor 1-alpha 1","Cont_P68103_K273_M1_1","Acetyl (K)",-0.124938118213952,0.724331873297821,0.696361307684127,6,"Not significant"
"Unstim / P3C4","EEF1A1","Cont_P68103;P68104","Cont_P68103;P68104","EF1A1_BOVIN;EF1A1_HUMAN","Elongation factor 1-alpha 1","P68104_K273_M1_1","Acetyl (K)",-0.124938118213952,0.724331873297821,0.696361307684127,6,"Not significant"
"Unstim / P3C4","TINF2","Q9BSI4","Q9BSI4","TINF2_HUMAN","TERF1-interacting nuclear factor 2","Q9BSI4_K106_M1_1","Acetyl (K)",0.238734630968148,0.72769076749353,0.697387748379954,6,"Not significant"
"Unstim / P3C4","SF3B2","Q13435","Q13435","SF3B2_HUMAN","Splicing factor 3B subunit 2","Q13435_K10_M1_1","Acetyl (K)",-0.142683388324832,0.734614802718616,0.699533164833933,6,"Not significant"
"Unstim / P3C4","HNRNPU","Q00839","Q00839","HNRPU_HUMAN","Heterogeneous nuclear ribonucleoprotein U","Q00839_K464_M1_1","Acetyl (K)",-0.245727735781063,0.73725939234246,0.700311805316805,6,"Not significant"
"Unstim / P3C4","AHNAK","Q09666","Q09666","AHNK_HUMAN","Neuroblast differentiation-associated protein AHNAK","Q09666_K1161_M1_1","Acetyl (K)",0.194302326795951,0.7383942462763,0.700616452785611,6,"Not significant"
"Unstim / P3C4","LGALS1","P09382","P09382","LEG1_HUMAN","Galectin-1","P09382_K13_M1_1","Acetyl (K)",-0.16652298523928,0.740052478451847,0.701114350417867,6,"Not significant"
"Unstim / P3C4","NHSL2","Q5HYW2","Q5HYW2","NHSL2_HUMAN","NHS-like protein 2","Q5HYW2_K566_M1_1","Acetyl (K)",-0.167082373717977,0.741154601006213,0.701427026613577,5,"Not significant"
"Unstim / P3C4","NCL","P19338","P19338","NUCL_HUMAN","Nucleolin","P19338_K63_M1_1","Acetyl (K)",0.543436345447029,0.751272410607073,0.704450904420931,4,"Not significant"
"Unstim / P3C4","AHNAK","Q09666","Q09666","AHNK_HUMAN","Neuroblast differentiation-associated protein AHNAK","Q09666_K763_M2_1","Acetyl (K)",0.508064874468473,0.752788946615145,0.704898964005761,6,"Not significant"
"Unstim / P3C4","AHNAK","Q09666","Q09666","AHNK_HUMAN","Neuroblast differentiation-associated protein AHNAK","Q09666_K756_M2_1","Acetyl (K)",0.508064874468473,0.752788946615145,0.704898964005761,6,"Not significant"
"Unstim / P3C4","ATP1B3","P54709","P54709","AT1B3_HUMAN","Sodium/potassium-transporting ATPase subunit beta-3","P54709_K182_M1_1","Acetyl (K)",-0.0971382646662326,0.757677297789234,0.706407050494038,6,"Not significant"
"Unstim / P3C4","CAPRIN1","Q14444","Q14444","CAPR1_HUMAN","Caprin-1","Q14444_K158_M1_1","Acetyl (K)",0.0772964258200144,0.759012458978132,0.706812908282478,6,"Not significant"
"Unstim / P3C4","TSC22D1","Q15714","Q15714","T22D1_HUMAN","TSC22 domain family protein 1","Q15714_K1016_M1_1","Acetyl (K)",0.181151587479832,0.760007240585063,0.707105531022134,6,"Not significant"
"Unstim / P3C4","QSER1","Q2KHR3","Q2KHR3","QSER1_HUMAN","Glutamine and serine-rich protein 1","Q2KHR3_K803_M1_1","Acetyl (K)",-0.117371295302721,0.767321350395592,0.709395185003986,6,"Not significant"
"Unstim / P3C4","PDIA3","P30101","P30101","PDIA3_HUMAN","Protein disulfide-isomerase A3","P30101_K433_M1_1","Acetyl (K)",-0.174463478250974,0.775317897911145,0.711829150774709,6,"Not significant"
"Unstim / P3C4","TCP1","P17987","P17987","TCPA_HUMAN","T-complex protein 1 subunit alpha","P17987_K43_M1_1","Acetyl (K)",-0.144078566103008,0.776590011618477,0.712262221822729,6,"Not significant"
"Unstim / P3C4","BANF1","O75531","O75531","BAF_HUMAN","Barrier-to-autointegration factor","O75531_K18_M1_1","Acetyl (K)",0.0313236422897347,0.784961615513373,0.714757254849852,6,"Not significant"
"Unstim / P3C4","VAT1","Q99536","Q99536","VAT1_HUMAN","Synaptic vesicle membrane protein VAT-1 homolog","Q99536_K22_M1_1","Acetyl (K)",0.0752790733942138,0.790549901868374,0.716458636903044,6,"Not significant"
"Unstim / P3C4","SUPT16H","Q9Y5B9","Q9Y5B9","SP16H_HUMAN","FACT complex subunit SPT16","Q9Y5B9_K184_M1_1","Acetyl (K)",-0.2288633145676,0.790828548806824,0.716533774327217,6,"Not significant"
"Unstim / P3C4","MRPL15","Q9P015","Q9P015","RM15_HUMAN","Large ribosomal subunit protein uL15m","Q9P015_K284_M1_1","Acetyl (K)",0.278516527942581,0.792930850376122,0.717188363654695,6,"Not significant"
"Unstim / P3C4","SQOR","Q9Y6N5","Q9Y6N5","SQOR_HUMAN","Sulfide:quinone oxidoreductase, mitochondrial","Q9Y6N5_K280_M1_1","Acetyl (K)",-0.249864874845194,0.793259314059045,0.717280180109228,6,"Not significant"
"Unstim / P3C4","RLF","Q13129","Q13129","RLF_HUMAN","Zinc finger protein Rlf","Q13129_K5_M1_1","Acetyl (K)",0.113123244555621,0.793804355124529,0.717443582666933,6,"Not significant"
"Unstim / P3C4","ACTB","Cont_P60712;P60709","Cont_P60712;P60709","ACTB_BOVIN;ACTB_HUMAN","Actin, cytoplasmic 1;Actin, cytoplasmic 1","Cont_P60712_K215_M2_1","Acetyl (K)",-0.234208337451508,0.796360361941185,0.718151673751381,6,"Not significant"
"Unstim / P3C4","ACTB","Cont_P60712;P60709","Cont_P60712;P60709","ACTB_BOVIN;ACTB_HUMAN","Actin, cytoplasmic 1;Actin, cytoplasmic 1","Cont_P60712_K213_M2_1","Acetyl (K)",-0.234208337451508,0.796360361941185,0.718151673751381,6,"Not significant"
"Unstim / P3C4","ACTB","Cont_P60712;P60709","Cont_P60712;P60709","ACTB_BOVIN;ACTB_HUMAN","Actin, cytoplasmic 1;Actin, cytoplasmic 1","P60709_K215_M2_1","Acetyl (K)",-0.234208337451508,0.796360361941185,0.718151673751381,6,"Not significant"
"Unstim / P3C4","ACTB","Cont_P60712;P60709","Cont_P60712;P60709","ACTB_BOVIN;ACTB_HUMAN","Actin, cytoplasmic 1;Actin, cytoplasmic 1","P60709_K213_M2_1","Acetyl (K)",-0.234208337451508,0.796360361941185,0.718151673751381,6,"Not significant"
"Unstim / P3C4","FUBP3","Q96I24","Q96I24","FUBP3_HUMAN","Far upstream element-binding protein 3","Q96I24_K372_M1_1","Acetyl (K)",0.143520975080489,0.798981661188164,0.718933076454919,6,"Not significant"
"Unstim / P3C4","LGALS1","P09382","P09382","LEG1_HUMAN","Galectin-1","P09382_K37_M1_1","Acetyl (K)",0.408158977875572,0.800731182094241,0.719379488839077,6,"Not significant"
"Unstim / P3C4","ENO3","P13929","P13929","ENOB_HUMAN","Beta-enolase","P13929_K343_M1_1","Acetyl (K)",-0.164492702152633,0.802147258837888,0.719759748932911,6,"Not significant"
"Unstim / P3C4","HSPD1","P10809","P10809","CH60_HUMAN","60 kDa heat shock protein, mitochondrial","P10809_K250_M1_1","Acetyl (K)",0.117273812435614,0.802780120651855,0.71991089674889,6,"Not significant"
"Unstim / P3C4","AGPS","O00116","O00116","ADAS_HUMAN","Alkyldihydroxyacetonephosphate synthase, peroxisomal","O00116_K389_M1_1","Acetyl (K)",0.539464680565669,0.810856701299467,0.722216706356215,6,"Not significant"
"Unstim / P3C4","LSM5","Q9Y4Y9","Q9Y4Y9","LSM5_HUMAN","U6 snRNA-associated Sm-like protein LSm5","Q9Y4Y9_K68_M1_1","Acetyl (K)",-0.234023252239852,0.816871898173372,0.723790227188241,6,"Not significant"
"Unstim / P3C4","CEP85","Q6P2H3","Q6P2H3","CEP85_HUMAN","Centrosomal protein of 85 kDa","Q6P2H3_K530_M1_1","Acetyl (K)",0.146052724839369,0.818792193227568,0.724293150151248,6,"Not significant"
"Unstim / P3C4","HSPH1","Q92598","Q92598","HS105_HUMAN","Heat shock protein 105 kDa","Q92598_K135_M1_1","Acetyl (K)",0.0653016560644415,0.818937609241858,0.724330539863523,6,"Not significant"
"Unstim / P3C4","ATIC","P31939","P31939","PUR9_HUMAN","Bifunctional purine biosynthesis protein ATIC","P31939_K285_M1_1","Acetyl (K)",-0.139223731241568,0.821573914447391,0.72501141560647,6,"Not significant"
"Unstim / P3C4","DEF6","Q9H4E7","Q9H4E7","DEFI6_HUMAN","Differentially expressed in FDCP 6 homolog","Q9H4E7_K624_M1_1","Acetyl (K)",0.188527856848136,0.821834080254489,0.725054865422729,6,"Not significant"
"Unstim / P3C4","H2BC11","P06899","P06899","H2B1J_HUMAN","Histone H2B type 1-J","P06899_K109_M1_1","Acetyl (K)",0.106134519728527,0.823779460795062,0.72551668022695,6,"Not significant"
"Unstim / P3C4","PGK1","P00558","P00558","PGK1_HUMAN","Phosphoglycerate kinase 1","P00558_K75_M1_1","Acetyl (K)",-0.30461539828254,0.826937497451642,0.726342670355151,6,"Not significant"
"Unstim / P3C4","COL22A1","Q8NFW1","Q8NFW1","COMA1_HUMAN","Collagen alpha-1(XXII) chain","Q8NFW1_K406_M2_1","Acetyl (K)",-0.114013544501337,0.833095566866203,0.72805791113196,6,"Not significant"
"Unstim / P3C4","COL22A1","Q8NFW1","Q8NFW1","COMA1_HUMAN","Collagen alpha-1(XXII) chain","Q8NFW1_K401_M2_1","Acetyl (K)",-0.114013544501337,0.833095566866203,0.72805791113196,6,"Not significant"
"Unstim / P3C4","HSPA2","P54652","P54652","HSP72_HUMAN","Heat shock-related 70 kDa protein 2","P54652_K461_M1_1","Acetyl (K)",-0.101680544279043,0.833180452352291,0.728083004713703,6,"Not significant"
"Unstim / P3C4","PPIA","P62937","P62937","PPIA_HUMAN","Peptidyl-prolyl cis-trans isomerase A","P62937_K91_M1_1","Acetyl (K)",0.494262225815987,0.836531672373113,0.729031778573552,4,"Not significant"
"Unstim / P3C4","TIMM10","P62072","P62072","TIM10_HUMAN","Mitochondrial import inner membrane translocase subunit Tim10","P62072_K45_M1_1","Acetyl (K)",-0.151717400115522,0.839553953031492,0.729850599957377,6,"Not significant"
"Unstim / P3C4","RBM10","P98175","P98175","RBM10_HUMAN","RNA-binding protein 10","P98175_K881_M1_1","Acetyl (K)",-0.153552615484444,0.842198185792027,0.73062435643525,6,"Not significant"
"Unstim / P3C4","AHNAK","Q09666","Q09666","AHNK_HUMAN","Neuroblast differentiation-associated protein AHNAK","Q09666_K584_M1_1","Acetyl (K)",0.0365175023315105,0.847752476624225,0.732023223229266,6,"Not significant"
"Unstim / P3C4","MLH3","Q9UHC1","Q9UHC1","MLH3_HUMAN","DNA mismatch repair protein Mlh3","Q9UHC1_K929_M1_1","Acetyl (K)",-0.0289575909528476,0.849626499581189,0.732513200690094,6,"Not significant"
"Unstim / P3C4","MYH9","P35579","P35579","MYH9_HUMAN","Myosin-9","P35579_K142_M1_1","Acetyl (K)",0.121782721397564,0.85064367297771,0.732769511306096,6,"Not significant"
"Unstim / P3C4","INTS3","Q68E01","Q68E01","INT3_HUMAN","Integrator complex subunit 3","Q68E01_K133_M1_1","Acetyl (K)",0.285178673427483,0.851190648596512,0.732929339603518,6,"Not significant"
"Unstim / P3C4","LYN","P07948","P07948","LYN_HUMAN","Tyrosine-protein kinase Lyn","P07948_K332_M2_1","Acetyl (K)",-0.0993566672558951,0.856111456532206,0.734216877545686,5,"Not significant"
"Unstim / P3C4","SNRPD2","P62316","P62316","SMD2_HUMAN","Small nuclear ribonucleoprotein Sm D2","P62316_K98_M1_1","Acetyl (K)",0.241770264827844,0.862732983603592,0.736031533262383,6,"Not significant"
"Unstim / P3C4","PTPRE","P23469","P23469","PTPRE_HUMAN","Receptor-type tyrosine-protein phosphatase epsilon","P23469_K111_M2_1","Acetyl (K)",-0.0561967981814992,0.864451551709632,0.736533406333758,6,"Not significant"
"Unstim / P3C4","PTPRE","P23469","P23469","PTPRE_HUMAN","Receptor-type tyrosine-protein phosphatase epsilon","P23469_K110_M2_1","Acetyl (K)",-0.0561967981814992,0.864451551709632,0.736533406333758,6,"Not significant"
"Unstim / P3C4","FAF1","Q9UNN5","Q9UNN5","FAF1_HUMAN","FAS-associated factor 1","Q9UNN5_K631_M1_1","Acetyl (K)",0.146486681866185,0.865406595586859,0.736781072251746,6,"Not significant"
"Unstim / P3C4","ITGB2","P05107","P05107","ITB2_HUMAN","Integrin beta-2","P05107_K379_M1_1","Acetyl (K)",0.0125492116383368,0.866156094769047,0.737001059194292,6,"Not significant"
"Unstim / P3C4","LIG3","P49916","P49916","DNLI3_HUMAN","DNA ligase 3","P49916_K389_M1_1","Acetyl (K)",-0.0433805555402684,0.871822316440859,0.738527109355876,6,"Not significant"
"Unstim / P3C4","CABIN1","Q9Y6J0","Q9Y6J0","CABIN_HUMAN","Calcineurin-binding protein cabin-1","Q9Y6J0_K57_M1_1","Acetyl (K)",0.152281039218681,0.873006403106236,0.738780484782196,6,"Not significant"
"Unstim / P3C4","POLR3C","Q9BUI4","Q9BUI4","RPC3_HUMAN","DNA-directed RNA polymerase III subunit RPC3","Q9BUI4_K463_M1_1","Acetyl (K)",0.102859712272813,0.874087822842397,0.739034390637946,6,"Not significant"
"Unstim / P3C4","ANXA1","P04083","P04083","ANXA1_HUMAN","Annexin A1","P04083_K166_M1_1","Acetyl (K)",-0.0472680184666034,0.875740370029931,0.739497496277771,6,"Not significant"
"Unstim / P3C4","NCL","P19338","P19338","NUCL_HUMAN","Nucleolin","P19338_K297_M1_1","Acetyl (K)",0.136479079137434,0.876062224334158,0.739575313757137,6,"Not significant"
"Unstim / P3C4","DIAPH1","O60610","O60610","DIAP1_HUMAN","Protein diaphanous homolog 1","O60610_K1239_M1_1","Acetyl (K)",0.0731237715501989,0.877153963581666,0.739894593625415,6,"Not significant"
"Unstim / P3C4","NPM1","P06748","P06748","NPM_HUMAN","Nucleophosmin","P06748_K267_M1_1","Acetyl (K)",0.0579546949984939,0.87730053207499,0.739931908550932,6,"Not significant"
"Unstim / P3C4","HK2","P52789","P52789","HXK2_HUMAN","Hexokinase-2","P52789_K451_M1_1","Acetyl (K)",0.0843244600118471,0.881483932084169,0.741027534232128,6,"Not significant"
"Unstim / P3C4","SERPINB1","P30740","P30740","ILEU_HUMAN","Leukocyte elastase inhibitor","P30740_K260_M1_1","Acetyl (K)",0.121683020227885,0.888575842346267,0.742951412168038,6,"Not significant"
"Unstim / P3C4","FPGT","O14772","O14772","FPGT_HUMAN","Fucose-1-phosphate guanylyltransferase","O14772_K562_M1_1","Acetyl (K)",-0.0608565322047517,0.889252129083256,0.743102137426401,6,"Not significant"
"Unstim / P3C4","ACTBL2","Q562R1","Q562R1","ACTBL_HUMAN","Beta-actin-like protein 2","Q562R1_K69_M1_1","Acetyl (K)",0.0493502657383679,0.889609832715152,0.74314084865915,6,"Not significant"
"Unstim / P3C4","KRAS","P01116","P01116","RASK_HUMAN","GTPase KRas","P01116_K128_M1_1","Acetyl (K)",-0.0466979348382237,0.894506893469286,0.744357006257739,6,"Not significant"
"Unstim / P3C4","HSPE1","P61604","P61604","CH10_HUMAN","10 kDa heat shock protein, mitochondrial","P61604_K40_M1_1","Acetyl (K)",0.0570198342840878,0.896406381135697,0.744825861844173,6,"Not significant"
"Unstim / P3C4","DMXL2","Q8TDJ6","Q8TDJ6","DMXL2_HUMAN","DmX-like protein 2","Q8TDJ6_K1157_M1_1","Acetyl (K)",0.099945446796455,0.898977148029411,0.745483991319489,6,"Not significant"
"Unstim / P3C4","NCL","P19338","P19338","NUCL_HUMAN","Nucleolin","P19338_K333_M1_1","Acetyl (K)",0.123965371369621,0.902159193027498,0.746419924643874,6,"Not significant"
"Unstim / P3C4","H1-5","P16401","P16401","H15_HUMAN","Histone H1.5","P16401_K67_M1_1","Acetyl (K)",-0.0877417204117348,0.906845169520295,0.747652561580098,6,"Not significant"
"Unstim / P3C4","GCN1","Q92616","Q92616","GCN1_HUMAN","Stalled ribosome sensor GCN1","Q92616_K237_M2_1","Acetyl (K)",-0.19664835994126,0.910404727569758,0.748502277343597,4,"Not significant"
"Unstim / P3C4","SNRPB","P14678","P14678","RSMB_HUMAN","Small nuclear ribonucleoprotein-associated proteins B and B'","P14678_K88_M1_1","Acetyl (K)",-0.0347751590769603,0.915608153004341,0.749712638758259,6,"Not significant"
"Unstim / P3C4","ARFGAP3","Q9NP61","Q9NP61","ARFG3_HUMAN","ADP-ribosylation factor GTPase-activating protein 3","Q9NP61_K6_M1_1","Acetyl (K)",-0.0431914744721094,0.916166572564316,0.749851463369097,6,"Not significant"
"Unstim / P3C4","NPC2","P61916","P61916","NPC2_HUMAN","NPC intracellular cholesterol transporter 2","P61916_K94_M1_1","Acetyl (K)",0.0403616599449364,0.920728435771922,0.751078550016716,6,"Not significant"
"Unstim / P3C4","AHNAK","Q09666","Q09666","AHNK_HUMAN","Neuroblast differentiation-associated protein AHNAK","Q09666_K2673_M1_1","Acetyl (K)",0.0546021279419191,0.923274365285561,0.751695848325393,6,"Not significant"
"Unstim / P3C4","GSN","Cont_Q3SX14","Cont_Q3SX14","GELS_BOVIN","Gelsolin","Cont_Q3SX14_K564_M1_1","Acetyl (K)",-0.0538176927984892,0.927755945310284,0.752780973133839,6,"Not significant"
"Unstim / P3C4","HSPA9","P38646","P38646","GRP75_HUMAN","Stress-70 protein, mitochondrial","P38646_K377_M1_1","Acetyl (K)",0.116928780599859,0.930072994816126,0.75335279272564,6,"Not significant"
"Unstim / P3C4","CARD9","Q9H257","Q9H257","CARD9_HUMAN","Caspase recruitment domain-containing protein 9","Q9H257_K60_M1_1","Acetyl (K)",0.0276930888615611,0.933270927926556,0.754155235560419,6,"Not significant"
"Unstim / P3C4","P4HB","P07237","P07237","PDIA1_HUMAN","Protein disulfide-isomerase","P07237_K352_M1_1","Acetyl (K)",0.0401379660230289,0.933782662531011,0.754276801061622,6,"Not significant"
"Unstim / P3C4","ANXA2","P07355","P07355","ANXA2_HUMAN","Annexin A2","P07355_K10_M1_1","Acetyl (K)",0.0917384728966579,0.939830320296643,0.75570499780273,6,"Not significant"
"Unstim / P3C4","HSPE1","P61604","P61604","CH10_HUMAN","10 kDa heat shock protein, mitochondrial","P61604_K8_M1_1","Acetyl (K)",0.0174491423966355,0.945885034721493,0.757309341865343,6,"Not significant"
"Unstim / P3C4","PKM","P14618","P14618","KPYM_HUMAN","Pyruvate kinase PKM","P14618_K188_M2_1","Acetyl (K)",-0.0154160713042136,0.947474376827402,0.757787844787821,6,"Not significant"
"Unstim / P3C4","PKM","P14618","P14618","KPYM_HUMAN","Pyruvate kinase PKM","P14618_K186_M2_1","Acetyl (K)",-0.0154160713042136,0.947474376827402,0.757787844787821,6,"Not significant"
"Unstim / P3C4","KTN1","Q86UP2","Q86UP2","KTN1_HUMAN","Kinectin","Q86UP2_K638_M2_1","Acetyl (K)",0.0304071866730307,0.95803052956701,0.760371925131332,6,"Not significant"
"Unstim / P3C4","KTN1","Q86UP2","Q86UP2","KTN1_HUMAN","Kinectin","Q86UP2_K633_M2_1","Acetyl (K)",0.0304071866730307,0.95803052956701,0.760371925131332,6,"Not significant"
"Unstim / P3C4","AHNAK","Q09666","Q09666","AHNK_HUMAN","Neuroblast differentiation-associated protein AHNAK","Q09666_K730_M2_1","Acetyl (K)",-0.0524801312078401,0.960685900594879,0.760997007227864,6,"Not significant"
"Unstim / P3C4","AHNAK","Q09666","Q09666","AHNK_HUMAN","Neuroblast differentiation-associated protein AHNAK","Q09666_K727_M2_1","Acetyl (K)",-0.0524801312078401,0.960685900594879,0.760997007227864,6,"Not significant"
"Unstim / P3C4","AP2M1","Q96CW1","Q96CW1","AP2M1_HUMAN","AP-2 complex subunit mu","Q96CW1_K145_M1_1","Acetyl (K)",0.027037255861622,0.968434298770132,0.762679324084532,6,"Not significant"
"Unstim / P3C4","RANBP3","Q9H6Z4","Q9H6Z4","RANB3_HUMAN","Ran-binding protein 3","Q9H6Z4_K9_M1_1","Acetyl (K)",0.0171277277606898,0.979506778862956,0.765400267982346,6,"Not significant"
"Unstim / P3C4","TNPO1","Q92973","Q92973","TNPO1_HUMAN","Transportin-1","Q92973_K14_M1_1","Acetyl (K)",0.0250036343256345,0.981198776396489,0.765726051228697,6,"Not significant"
"Unstim / P3C4","SRSF4","Q08170","Q08170","SRSF4_HUMAN","Serine/arginine-rich splicing factor 4","Q08170_K159_M1_1","Acetyl (K)",0.00610949018978722,0.98779288396819,0.767316000944947,6,"Not significant"
"Unstim / P3C4","GCDH","Q92947","Q92947","GCDH_HUMAN","Glutaryl-CoA dehydrogenase, mitochondrial","Q92947_K361_M1_1","Acetyl (K)",-0.00601348133808887,0.988016895421228,0.767338637032369,6,"Not significant"
"Unstim / P3C4","ALDOA","P04075","P04075","ALDOA_HUMAN","Fructose-bisphosphate aldolase A","P04075_K294_M1_1","Acetyl (K)",0.00877469712739637,0.988787511318532,0.767556832294226,6,"Not significant"
"Unstim / P3C4","GOLIM4","O00461","O00461","GOLI4_HUMAN","Golgi integral membrane protein 4","O00461_K274_M1_1","Acetyl (K)",0.00725898881745557,0.988961430331127,0.76760475029274,6,"Not significant"
"Unstim / P3C4","PDIA3","P30101","P30101","PDIA3_HUMAN","Protein disulfide-isomerase A3","P30101_K252_M1_1","Acetyl (K)",-0.00952109847167323,0.990038312642623,0.767812334259335,5,"Not significant"
"Unstim / P3C4","EEF1A2","Q05639","Q05639","EF1A2_HUMAN","Elongation factor 1-alpha 2","Q05639_K330_M1_1","Acetyl (K)",-0.00579385938367454,0.991014320307105,0.768091709412091,6,"Not significant"
"Unstim / P3C4","CALU","O43852","O43852","CALU_HUMAN","Calumenin","O43852_K293_M1_1","Acetyl (K)",0.00479104763190295,0.99419964581298,0.768805701856449,6,"Not significant"
"Unstim / P3C4","ACTB","Cont_P60712;P60709","Cont_P60712;P60709","ACTB_BOVIN;ACTB_HUMAN","Actin, cytoplasmic 1;Actin, cytoplasmic 1","Cont_P60712_K291_M1_1","Acetyl (K)",-0.00163480494600382,0.995488685538484,0.769085435095741,6,"Not significant"
"Unstim / P3C4","ACTB","Cont_P60712;P60709","Cont_P60712;P60709","ACTB_BOVIN;ACTB_HUMAN","Actin, cytoplasmic 1;Actin, cytoplasmic 1","P60709_K291_M1_1","Acetyl (K)",-0.00163480494600382,0.995488685538484,0.769085435095741,6,"Not significant"
"Unstim / P3C4","CIRBP","Q14011","Q14011","CIRBP_HUMAN","Cold-inducible RNA-binding protein","Q14011_K7_M1_1","Acetyl (K)",-0.00235255971592236,0.995568746968967,0.769090932673722,6,"Not significant"
