"Comparison (group1/group2)","Genes","UniProtIds","ProteinGroups","ProteinNames","ProteinDescriptions","Group","PTM.ModificationTitle","AVG Log2 Ratio","Qvalue","Pvalue","# of Ratios","Significance"
"Unstim / LPS+Nigericin","ERP44","Q9BS26","Q9BS26","ERP44_HUMAN","Endoplasmic reticulum resident protein 44","Q9BS26_K200_M1_0","Acetyl (K)",0.641968369456519,0.391357825084939,0.00138947254666623,6,"Not significant"
"Unstim / LPS+Nigericin","IRGQ","Q8WZA9","Q8WZA9","IRGQ_HUMAN","Immunity-related GTPase family Q protein","Q8WZA9_K20_M1_0","Acetyl (K)",0.644081349952881,0.409402300195777,0.00263036940110841,6,"Not significant"
"Unstim / LPS+Nigericin","PAFAH1B2","P68402","P68402","PA1B2_HUMAN","Platelet-activating factor acetylhydrolase IB subunit alpha2","P68402_K207_M1_0","Acetyl (K)",1.71010397530192,0.420802975078713,0.00361669124150668,6,"Not significant"
"Unstim / LPS+Nigericin","PRSS1","Cont_P00760","Cont_P00760","TRY1_BOVIN","Serine protease 1","Cont_P00760_K112_M2_0","Acetyl (K)",-11.9696269975914,0.429516412546928,0.00497686044207074,5,"Not significant"
"Unstim / LPS+Nigericin","TRIM33","Q9UPN9","Q9UPN9","TRI33_HUMAN","E3 ubiquitin-protein ligase TRIM33","Q9UPN9_K953_M1_0","Acetyl (K)",1.95925728408015,0.440142015074235,0.00656751849422043,6,"Not significant"
"Unstim / LPS+Nigericin","MX2","P20592","P20592","MX2_HUMAN","Interferon-induced GTP-binding protein Mx2","P20592_K345_M2_0","Acetyl (K)",0.961915191091114,0.445336858107627,0.00763802102361508,4,"Not significant"
"Unstim / LPS+Nigericin","HSPA2","P54652","P54652","HSP72_HUMAN","Heat shock-related 70 kDa protein 2","P54652_K129_M2_0","Acetyl (K)",6.05652095297035,0.459204715084514,0.011953322112901,4,"Not significant"
"Unstim / LPS+Nigericin","GSN","Cont_Q3SX14","Cont_Q3SX14","GELS_BOVIN","Gelsolin","Cont_Q3SX14_K564_M1_0","Acetyl (K)",-9.39975587129735,0.466399451257917,0.0140146034945483,6,"Not significant"
"Unstim / LPS+Nigericin","ITGB2","P05107","P05107","ITB2_HUMAN","Integrin beta-2","P05107_K174_M1_0","Acetyl (K)",1.59648009027759,0.469834286793537,0.0154639663412615,6,"Not significant"
"Unstim / LPS+Nigericin","KTN1","Q86UP2","Q86UP2","KTN1_HUMAN","Kinectin","Q86UP2_K311_M1_0","Acetyl (K)",1.70751747714695,0.484686772748685,0.0216030407558482,6,"Not significant"
"Unstim / LPS+Nigericin","TUBB6","Q9BUF5","Q9BUF5","TBB6_HUMAN","Tubulin beta-6 chain","Q9BUF5_K122_M1_0","Acetyl (K)",-0.650210604767807,0.496484673922215,0.0279465640180817,6,"Not significant"
"Unstim / LPS+Nigericin","RIF1","Q5UIP0","Q5UIP0","RIF1_HUMAN","Telomere-associated protein RIF1","Q5UIP0_K1073_M1_0","Acetyl (K)",1.38068289805078,0.496969557080463,0.0286007114366479,6,"Not significant"
"Unstim / LPS+Nigericin","EIF5","P55010","P55010","IF5_HUMAN","Eukaryotic translation initiation factor 5","P55010_K95_M1_0","Acetyl (K)",0.774293635463994,0.510066974799286,0.0366585189180736,6,"Not significant"
"Unstim / LPS+Nigericin","PSMC6","P62333","P62333","PRS10_HUMAN","26S proteasome regulatory subunit 10B","P62333_K168_M1_0","Acetyl (K)",0.971290332171589,0.521265605967058,0.0451105565325681,6,"Not significant"
"Unstim / LPS+Nigericin","ARPC5L","Q9BPX5","Q9BPX5","ARP5L_HUMAN","Actin-related protein 2/3 complex subunit 5-like protein","Q9BPX5_K118_M2_0","Acetyl (K)",-0.708122002984723,0.522634488741858,0.0463115137930304,4,"Not significant"
"Unstim / LPS+Nigericin","PFN1","P07737","P07737","PROF1_HUMAN","Profilin-1","P07737_K127_M2_0","Acetyl (K)",-0.712986322705911,0.524406436229449,0.0474187182996823,4,"Not significant"
"Unstim / LPS+Nigericin","AHNAK","Q09666","Q09666","AHNK_HUMAN","Neuroblast differentiation-associated protein AHNAK","Q09666_K1205_M1_0","Acetyl (K)",0.83097148776574,0.525398962939454,0.0490114201515826,6,"Not significant"
"Unstim / LPS+Nigericin","AHNAK","Q09666","Q09666","AHNK_HUMAN","Neuroblast differentiation-associated protein AHNAK","Q09666_K1663_M1_0","Acetyl (K)",0.83097148776574,0.525398962939454,0.0490114201515826,6,"Not significant"
"Unstim / LPS+Nigericin","AHNAK","Q09666","Q09666","AHNK_HUMAN","Neuroblast differentiation-associated protein AHNAK","Q09666_K1865_M1_0","Acetyl (K)",0.83097148776574,0.525398962939454,0.0490114201515826,6,"Not significant"
"Unstim / LPS+Nigericin","AHNAK","Q09666","Q09666","AHNK_HUMAN","Neuroblast differentiation-associated protein AHNAK","Q09666_K1932_M1_0","Acetyl (K)",0.83097148776574,0.525398962939454,0.0490114201515826,6,"Not significant"
"Unstim / LPS+Nigericin","AHNAK","Q09666","Q09666","AHNK_HUMAN","Neuroblast differentiation-associated protein AHNAK","Q09666_K1999_M1_0","Acetyl (K)",0.83097148776574,0.525398962939454,0.0490114201515826,6,"Not significant"
"Unstim / LPS+Nigericin","AHNAK","Q09666","Q09666","AHNK_HUMAN","Neuroblast differentiation-associated protein AHNAK","Q09666_K2127_M1_0","Acetyl (K)",0.83097148776574,0.525398962939454,0.0490114201515826,6,"Not significant"
"Unstim / LPS+Nigericin","MYL6","P60660","P60660","MYL6_HUMAN","Myosin light polypeptide 6","P60660_K63_M1_0","Acetyl (K)",-1.91893396458135,0.528613891133743,0.0514816201124372,6,"Not significant"
"Unstim / LPS+Nigericin","GSN","Cont_Q3SX14","Cont_Q3SX14","GELS_BOVIN","Gelsolin","Cont_Q3SX14_K226_M1_0","Acetyl (K)",-0.65618673383178,0.536022998591977,0.0598961661679919,6,"Not significant"
"Unstim / LPS+Nigericin","CHMP7","Q8WUX9","Q8WUX9","CHMP7_HUMAN","Charged multivesicular body protein 7","Q8WUX9_K427_M1_0","Acetyl (K)",-0.65670693703873,0.539377827043251,0.0632225866309883,6,"Not significant"
"Unstim / LPS+Nigericin","CELF2","O95319","O95319","CELF2_HUMAN","CUGBP Elav-like family member 2","O95319_K83_M1_0","Acetyl (K)",1.51588001697974,0.543875535396237,0.0676618771359756,6,"Not significant"
"Unstim / LPS+Nigericin","GANAB","Q14697","Q14697","GANAB_HUMAN","Neutral alpha-glucosidase AB","Q14697_K930_M1_0","Acetyl (K)",-0.657745770074052,0.545600587012844,0.0701832542298845,6,"Not significant"
"Unstim / LPS+Nigericin","RPLP2","P05387","P05387","RLA2_HUMAN","Large ribosomal subunit protein P2","P05387_K41_M2_0","Acetyl (K)",8.65913981041146,0.551062638953236,0.0768305811711726,5,"Not significant"
"Unstim / LPS+Nigericin","ACTN1","P12814","P12814","ACTN1_HUMAN","Alpha-actinin-1","P12814_K195_M1_0","Acetyl (K)",0.865376985804041,0.557597288811653,0.0854813237325344,6,"Not significant"
"Unstim / LPS+Nigericin","LGALS1","P09382","P09382","LEG1_HUMAN","Galectin-1","P09382_K37_M1_0","Acetyl (K)",1.21213354515939,0.558977097137966,0.086931880648404,6,"Not significant"
"Unstim / LPS+Nigericin","HSPA2","P54652","P54652","HSP72_HUMAN","Heat shock-related 70 kDa protein 2","P54652_K461_M1_0","Acetyl (K)",1.58761256619061,0.562853509369305,0.0921093604852584,6,"Not significant"
"Unstim / LPS+Nigericin","APEX1","P27695","P27695","APEX1_HUMAN","DNA-(apurinic or apyrimidinic site) endonuclease","P27695_K63_M1_0","Acetyl (K)",1.14798345125155,0.563464070189877,0.0929228257773797,6,"Not significant"
"Unstim / LPS+Nigericin","STAT1","P42224","P42224","STAT1_HUMAN","Signal transducer and activator of transcription 1-alpha/beta","P42224_K525_M1_0","Acetyl (K)",0.827304117582391,0.563911686042005,0.0940551278719879,6,"Not significant"
"Unstim / LPS+Nigericin","EIF3G","O75821","O75821","EIF3G_HUMAN","Eukaryotic translation initiation factor 3 subunit G","O75821_K172_M1_0","Acetyl (K)",1.88257093598625,0.573515793299745,0.108413874539203,6,"Not significant"
"Unstim / LPS+Nigericin","LCP1","P13796","P13796","PLSL_HUMAN","Plastin-2","P13796_K456_M1_0","Acetyl (K)",0.431908438759143,0.576542491543332,0.113566398159815,6,"Not significant"
"Unstim / LPS+Nigericin","ZFYVE16","Q7Z3T8","Q7Z3T8","ZFY16_HUMAN","Zinc finger FYVE domain-containing protein 16","Q7Z3T8_K124_M1_0","Acetyl (K)",3.12507218043241,0.577496134106047,0.115215422069387,6,"Not significant"
"Unstim / LPS+Nigericin","PGK1","P00558","P00558","PGK1_HUMAN","Phosphoglycerate kinase 1","P00558_K332_M1_0","Acetyl (K)",0.90026805590281,0.57779384449878,0.115890433261645,6,"Not significant"
"Unstim / LPS+Nigericin","H2AC11;H2AC12;H2AC14","P0C0S8;Q96KK5;Q99878","P0C0S8;Q96KK5;Q99878","H2A1_HUMAN;H2A1H_HUMAN;H2A1J_HUMAN","Histone H2A type 1;Histone H2A type 1-H;Histone H2A type 1-J","P0C0S8_K96_M1_0","Acetyl (K)",-1.32567639789953,0.579131234388004,0.118040851541392,6,"Not significant"
"Unstim / LPS+Nigericin","H2AC11;H2AC12;H2AC14","P0C0S8;Q96KK5;Q99878","P0C0S8;Q96KK5;Q99878","H2A1_HUMAN;H2A1H_HUMAN;H2A1J_HUMAN","Histone H2A type 1;Histone H2A type 1-H;Histone H2A type 1-J","Q96KK5_K96_M1_0","Acetyl (K)",-1.32567639789953,0.579131234388004,0.118040851541392,6,"Not significant"
"Unstim / LPS+Nigericin","H2AC11;H2AC12;H2AC14","P0C0S8;Q96KK5;Q99878","P0C0S8;Q96KK5;Q99878","H2A1_HUMAN;H2A1H_HUMAN;H2A1J_HUMAN","Histone H2A type 1;Histone H2A type 1-H;Histone H2A type 1-J","Q99878_K96_M1_0","Acetyl (K)",-1.32567639789953,0.579131234388004,0.118040851541392,6,"Not significant"
"Unstim / LPS+Nigericin","LRRC59","Q96AG4","Q96AG4","LRC59_HUMAN","Leucine-rich repeat-containing protein 59","Q96AG4_K50_M1_0","Acetyl (K)",-0.854732560139157,0.580658720325202,0.120554639514664,6,"Not significant"
"Unstim / LPS+Nigericin","RSF1","Q96T23","Q96T23","RSF1_HUMAN","Remodeling and spacing factor 1","Q96T23_K1061_M1_0","Acetyl (K)",0.916263364361852,0.581807005116735,0.122716461107802,6,"Not significant"
"Unstim / LPS+Nigericin","HNRNPUL2","Q1KMD3","Q1KMD3","HNRL2_HUMAN","Heterogeneous nuclear ribonucleoprotein U-like protein 2","Q1KMD3_K305_M1_0","Acetyl (K)",0.80739096044174,0.581831091364646,0.122864205290415,6,"Not significant"
"Unstim / LPS+Nigericin","OSBPL8","Q9BZF1","Q9BZF1","OSBL8_HUMAN","Oxysterol-binding protein-related protein 8","Q9BZF1_K422_M1_0","Acetyl (K)",-0.854564764419568,0.582154983487655,0.123725032484972,6,"Not significant"
"Unstim / LPS+Nigericin","MYH9","P35579","P35579","MYH9_HUMAN","Myosin-9","P35579_K882_M1_0","Acetyl (K)",-1.80759061855856,0.582790792806329,0.124867747545248,6,"Not significant"
"Unstim / LPS+Nigericin","ARL8B","Q9NVJ2","Q9NVJ2","ARL8B_HUMAN","ADP-ribosylation factor-like protein 8B","Q9NVJ2_K167_M1_0","Acetyl (K)",0.551988712237502,0.587442434546373,0.133455341899164,6,"Not significant"
"Unstim / LPS+Nigericin","RNF213","Q63HN8","Q63HN8","RN213_HUMAN","E3 ubiquitin-protein ligase RNF213","Q63HN8_K860_M1_0","Acetyl (K)",0.482509985957365,0.588296431484186,0.135153159924703,6,"Not significant"
"Unstim / LPS+Nigericin","NPM1","P06748","P06748","NPM_HUMAN","Nucleophosmin","P06748_K54_M1_0","Acetyl (K)",1.71448486533878,0.588411753599366,0.135433544213839,6,"Not significant"
"Unstim / LPS+Nigericin","TXNRD1","Q16881","Q16881","TRXR1_HUMAN","Thioredoxin reductase 1, cytoplasmic","Q16881_K607_M1_0","Acetyl (K)",3.57137617107978,0.588955374258683,0.136790507329884,6,"Not significant"
"Unstim / LPS+Nigericin","SMCHD1","A6NHR9","A6NHR9","SMHD1_HUMAN","Structural maintenance of chromosomes flexible hinge domain-containing protein 1","A6NHR9_K1798_M2_0","Acetyl (K)",-0.763318834344896,0.589415958711223,0.137735486780183,5,"Not significant"
"Unstim / LPS+Nigericin","AHNAK","Q09666","Q09666","AHNK_HUMAN","Neuroblast differentiation-associated protein AHNAK","Q09666_K2568_M1_0","Acetyl (K)",0.78031364575527,0.589848392889493,0.139023595625868,6,"Not significant"
"Unstim / LPS+Nigericin","SSRP1","Q08945","Q08945","SSRP1_HUMAN","FACT complex subunit SSRP1","Q08945_K39_M1_0","Acetyl (K)",0.879182604158521,0.591012928595722,0.141256096442584,6,"Not significant"
"Unstim / LPS+Nigericin","MVD","P53602","P53602","MVD1_HUMAN","Diphosphomevalonate decarboxylase","P53602_K5_M1_0","Acetyl (K)",0.766933957319773,0.591949016421302,0.142634716035129,6,"Not significant"
"Unstim / LPS+Nigericin","PPP1R14B","Q96C90","Q96C90","PP14B_HUMAN","Protein phosphatase 1 regulatory subunit 14B","Q96C90_K122_M1_0","Acetyl (K)",1.51104815444927,0.593753209589264,0.14557331841991,6,"Not significant"
"Unstim / LPS+Nigericin","CDC42","P60953","P60953","CDC42_HUMAN","Cell division control protein 42 homolog","P60953_K107_M1_0","Acetyl (K)",0.432383533331604,0.594372373587886,0.146563942485522,6,"Not significant"
"Unstim / LPS+Nigericin","CA2","P00918","P00918","CAH2_HUMAN","Carbonic anhydrase 2","P00918_K80_M1_0","Acetyl (K)",0.788938148830391,0.595516190500511,0.149123044846644,6,"Not significant"
"Unstim / LPS+Nigericin","RPS12","P25398","P25398","RS12_HUMAN","Small ribosomal subunit protein eS12","P25398_K78_M1_0","Acetyl (K)",1.62126243669097,0.601043227428965,0.159655982683856,6,"Not significant"
"Unstim / LPS+Nigericin","RSF1","Q96T23","Q96T23","RSF1_HUMAN","Remodeling and spacing factor 1","Q96T23_K1050_M1_0","Acetyl (K)",0.531243779542755,0.601207665327569,0.160040177778536,6,"Not significant"
"Unstim / LPS+Nigericin","HNRNPA2B1","P22626","P22626","ROA2_HUMAN","Heterogeneous nuclear ribonucleoproteins A2/B1","P22626_K186_M1_0","Acetyl (K)",0.922307731078761,0.6019015759353,0.161399954133607,6,"Not significant"
"Unstim / LPS+Nigericin","NPM1","P06748","P06748","NPM_HUMAN","Nucleophosmin","P06748_K73_M1_0","Acetyl (K)",5.96171169965827,0.602063961499809,0.161991647760195,4,"Not significant"
"Unstim / LPS+Nigericin","TKFC","Q3LXA3","Q3LXA3","TKFC_HUMAN","Triokinase/FMN cyclase","Q3LXA3_K5_M1_0","Acetyl (K)",0.409279416059554,0.602467638255998,0.162912133406799,6,"Not significant"
"Unstim / LPS+Nigericin","MTHFD2","P13995","P13995","MTDC_HUMAN","Bifunctional methylenetetrahydrofolate dehydrogenase/cyclohydrolase, mitochondrial","P13995_K286_M2_0","Acetyl (K)",-0.527499408631562,0.603121480649919,0.170730641001628,5,"Not significant"
"Unstim / LPS+Nigericin","ATP6V1B1","P15313","P15313","VATB1_HUMAN","V-type proton ATPase subunit B, kidney isoform","P15313_K239_M1_0","Acetyl (K)",2.7794646300486,0.603121480649919,0.178618576688078,6,"Not significant"
"Unstim / LPS+Nigericin","LRPPRC","P42704","P42704","LPPRC_HUMAN","Leucine-rich PPR motif-containing protein, mitochondrial","P42704_K1317_M1_0","Acetyl (K)",5.93220950234883,0.603121480649919,0.186398671876148,6,"Not significant"
"Unstim / LPS+Nigericin","ACLY","P53396","P53396","ACLY_HUMAN","ATP-citrate synthase","P53396_K17_M1_0","Acetyl (K)",0.711791005985577,0.603121480649919,0.170848614205338,6,"Not significant"
"Unstim / LPS+Nigericin","DSTN","P60981","P60981","DEST_HUMAN","Destrin","P60981_K44_M1_0","Acetyl (K)",1.03739802336609,0.603121480649919,0.194544620496869,6,"Not significant"
"Unstim / LPS+Nigericin","TUBB4B","P68371","P68371","TBB4B_HUMAN","Tubulin beta-4B chain","P68371_K252_M1_0","Acetyl (K)",0.394232963370688,0.603121480649919,0.188148027109502,6,"Not significant"
"Unstim / LPS+Nigericin","RAB31","Q13636","Q13636","RAB31_HUMAN","Ras-related protein Rab-31","Q13636_K55_M1_0","Acetyl (K)",-6.97979652571753,0.603121480649919,0.194352268116243,6,"Not significant"
"Unstim / LPS+Nigericin","H2BC21","Q16778","Q16778","H2B2E_HUMAN","Histone H2B type 2-E","Q16778_K58_M2_0","Acetyl (K)",-0.531081081121954,0.603121480649919,0.169672389280149,5,"Not significant"
"Unstim / LPS+Nigericin","MAP7D1","Q3KQU3","Q3KQU3","MA7D1_HUMAN","MAP7 domain-containing protein 1","Q3KQU3_K763_M1_0","Acetyl (K)",5.56962486818179,0.603121480649919,0.18827687868043,6,"Not significant"
"Unstim / LPS+Nigericin","CISD1","Q9NZ45","Q9NZ45","CISD1_HUMAN","CDGSH iron-sulfur domain-containing protein 1","Q9NZ45_K89_M1_0","Acetyl (K)",0.352075734052993,0.603121480649919,0.168555188523089,6,"Not significant"
"Unstim / LPS+Nigericin","ENOPH1","Q9UHY7","Q9UHY7","ENOPH_HUMAN","Enolase-phosphatase E1","Q9UHY7_K195_M1_0","Acetyl (K)",5.3726013507267,0.603121480649919,0.187916280795031,6,"Not significant"
"Unstim / LPS+Nigericin","PLIN3","O60664","O60664","PLIN3_HUMAN","Perilipin-3","O60664_K140_M1_0","Acetyl (K)",9.58388592586421,0.603526448284182,0.201999657001548,6,"Not significant"
"Unstim / LPS+Nigericin","PGD","P52209","P52209","6PGD_HUMAN","6-phosphogluconate dehydrogenase, decarboxylating","P52209_K38_M1_0","Acetyl (K)",2.47005098297856,0.603526448284182,0.202156537205109,6,"Not significant"
"Unstim / LPS+Nigericin","MTFR1L","Q9H019","Q9H019","MFR1L_HUMAN","Mitochondrial fission regulator 1-like","Q9H019_K119_M1_0","Acetyl (K)",-0.471014456685454,0.603526448284182,0.201692052055507,6,"Not significant"
"Unstim / LPS+Nigericin","HNRNPUL1","Q9BUJ2","Q9BUJ2","HNRL1_HUMAN","Heterogeneous nuclear ribonucleoprotein U-like protein 1","Q9BUJ2_K416_M2_0","Acetyl (K)",-5.37147342901039,0.603526448284182,0.200918305840068,5,"Not significant"
"Unstim / LPS+Nigericin","MAP4","P27816","P27816","MAP4_HUMAN","Microtubule-associated protein 4","P27816_K352_M1_0","Acetyl (K)",-8.02779557871144,0.603578733439998,0.202604554828265,6,"Not significant"
"Unstim / LPS+Nigericin","TMEM214","Q6NUQ4","Q6NUQ4","TM214_HUMAN","Transmembrane protein 214","Q6NUQ4_K46_M1_0","Acetyl (K)",1.19983229823523,0.604098940811468,0.205372523835952,6,"Not significant"
"Unstim / LPS+Nigericin","UGGT1","Q9NYU2","Q9NYU2","UGGG1_HUMAN","UDP-glucose:glycoprotein glucosyltransferase 1","Q9NYU2_K319_M2_0","Acetyl (K)",6.24152808225832,0.604230582719044,0.205655848972677,6,"Not significant"
"Unstim / LPS+Nigericin","UGGT1","Q9NYU2","Q9NYU2","UGGG1_HUMAN","UDP-glucose:glycoprotein glucosyltransferase 1","Q9NYU2_K306_M2_0","Acetyl (K)",6.24152808225832,0.604230582719044,0.205655848972677,6,"Not significant"
"Unstim / LPS+Nigericin","HNRNPA2B1","P22626","P22626","ROA2_HUMAN","Heterogeneous nuclear ribonucleoproteins A2/B1","P22626_K22_M1_0","Acetyl (K)",1.01777376968019,0.604237809055336,0.205897590307276,6,"Not significant"
"Unstim / LPS+Nigericin","TXNDC17","Q9BRA2","Q9BRA2","TXD17_HUMAN","Thioredoxin domain-containing protein 17","Q9BRA2_K89_M1_0","Acetyl (K)",0.836864275735235,0.604556451135254,0.208254239290317,6,"Not significant"
"Unstim / LPS+Nigericin","PDIA4","P13667","P13667","PDIA4_HUMAN","Protein disulfide-isomerase A4","P13667_K111_M2_0","Acetyl (K)",4.5571639728228,0.604692917073525,0.209007779623412,6,"Not significant"
"Unstim / LPS+Nigericin","PDIA4","P13667","P13667","PDIA4_HUMAN","Protein disulfide-isomerase A4","P13667_K109_M2_0","Acetyl (K)",4.5571639728228,0.604692917073525,0.209007779623412,6,"Not significant"
"Unstim / LPS+Nigericin","PTRH2","Q9Y3E5","Q9Y3E5","PTH2_HUMAN","Peptidyl-tRNA hydrolase 2, mitochondrial","Q9Y3E5_K119_M1_0","Acetyl (K)",3.71227981498968,0.605007075661171,0.210152497838549,6,"Not significant"
"Unstim / LPS+Nigericin","NHP2","Q9NX24","Q9NX24","NHP2_HUMAN","H/ACA ribonucleoprotein complex subunit 2","Q9NX24_K130_M1_0","Acetyl (K)",-5.154175187432,0.605504293906667,0.213440851136619,6,"Not significant"
"Unstim / LPS+Nigericin","CORO1B","Q9BR76","Q9BR76","COR1B_HUMAN","Coronin-1B","Q9BR76_K452_M1_0","Acetyl (K)",9.54864756918245,0.606030087823053,0.215642781395849,6,"Not significant"
"Unstim / LPS+Nigericin","POLB","P06746","P06746","DPOLB_HUMAN","DNA polymerase beta","P06746_K113_M1_0","Acetyl (K)",-1.04215249632917,0.606847368834771,0.218683669275042,6,"Not significant"
"Unstim / LPS+Nigericin","PKM","P14618","P14618","KPYM_HUMAN","Pyruvate kinase PKM","P14618_K322_M1_0","Acetyl (K)",0.479567202536919,0.608078457365845,0.22386735791377,6,"Not significant"
"Unstim / LPS+Nigericin","P4HB","P07237","P07237","PDIA1_HUMAN","Protein disulfide-isomerase","P07237_K71_M1_0","Acetyl (K)",0.384967246094055,0.60941025147297,0.22832445214569,6,"Not significant"
"Unstim / LPS+Nigericin","CANX","P27824","P27824","CALX_HUMAN","Calnexin","P27824_K193_M1_0","Acetyl (K)",7.27097106616708,0.609694844143988,0.229341164618576,5,"Not significant"
"Unstim / LPS+Nigericin","VIM","P08670","P08670","VIME_HUMAN","Vimentin","P08670_K262_M1_0","Acetyl (K)",5.89019460685587,0.611215212155782,0.234767708286257,6,"Not significant"
"Unstim / LPS+Nigericin","HNRNPUL1","Q9BUJ2","Q9BUJ2","HNRL1_HUMAN","Heterogeneous nuclear ribonucleoprotein U-like protein 1","Q9BUJ2_K418_M1_0","Acetyl (K)",4.74259293571088,0.611396858549854,0.235593482412799,6,"Not significant"
"Unstim / LPS+Nigericin","C1QBP","Q07021","Q07021","C1QBP_HUMAN","Complement component 1 Q subcomponent-binding protein, mitochondrial","Q07021_K104_M2_0","Acetyl (K)",-0.788537223053827,0.61161841392692,0.236278812366288,4,"Not significant"
"Unstim / LPS+Nigericin","TACC3","Q9Y6A5","Q9Y6A5","TACC3_HUMAN","Transforming acidic coiled-coil-containing protein 3","Q9Y6A5_K774_M1_0","Acetyl (K)",3.88979060989477,0.611834888767422,0.23676326600112,4,"Not significant"
"Unstim / LPS+Nigericin","TMF1","P82094","P82094","TMF1_HUMAN","TATA element modulatory factor","P82094_K922_M1_0","Acetyl (K)",-0.551785049637708,0.611875725554705,0.237499317764916,6,"Not significant"
"Unstim / LPS+Nigericin","PDIA3","P30101","P30101","PDIA3_HUMAN","Protein disulfide-isomerase A3","P30101_K460_M1_0","Acetyl (K)",-0.437606097979848,0.612269780931549,0.238939560799872,6,"Not significant"
"Unstim / LPS+Nigericin","AHNAK","Q09666","Q09666","AHNK_HUMAN","Neuroblast differentiation-associated protein AHNAK","Q09666_K4422_M2_0","Acetyl (K)",-0.580849043409394,0.612575817750374,0.240063923441639,4,"Not significant"
"Unstim / LPS+Nigericin","RPS14","P62263","P62263","RS14_HUMAN","Small ribosomal subunit protein uS11","P62263_K86_M1_0","Acetyl (K)",1.03142201109486,0.613292240841581,0.243288756439225,6,"Not significant"
"Unstim / LPS+Nigericin","ACTC1","P68032","P68032","ACTC_HUMAN","Actin, alpha cardiac muscle 1","P68032_K217_M1_0","Acetyl (K)",0.462701265341084,0.614213433569132,0.246725807029649,6,"Not significant"
"Unstim / LPS+Nigericin","CTSA","P10619","P10619","PPGB_HUMAN","Lysosomal protective protein","P10619_K252_M1_0","Acetyl (K)",-2.33634855050816,0.617267074443686,0.255144707644657,6,"Not significant"
"Unstim / LPS+Nigericin","RNH1","P13489","P13489","RINI_HUMAN","Ribonuclease inhibitor","P13489_K146_M1_0","Acetyl (K)",-1.34861378038329,0.618798031646921,0.258605172739784,6,"Not significant"
"Unstim / LPS+Nigericin","HNRNPU","Q00839","Q00839","HNRPU_HUMAN","Heterogeneous nuclear ribonucleoprotein U","Q00839_K495_M1_0","Acetyl (K)",0.939273081748925,0.620297664923519,0.262350365484689,6,"Not significant"
"Unstim / LPS+Nigericin","ASH1L","Q9NR48","Q9NR48","ASH1L_HUMAN","Histone-lysine N-methyltransferase ASH1L","Q9NR48_K1917_M1_0","Acetyl (K)",1.96773273064443,0.621591535808391,0.265364328297393,6,"Not significant"
"Unstim / LPS+Nigericin","HMGB2","P26583","P26583","HMGB2_HUMAN","High mobility group protein B2","P26583_K127_M1_0","Acetyl (K)",-6.38509817259985,0.621902165324692,0.266139280199499,6,"Not significant"
"Unstim / LPS+Nigericin","AIF1","P55008","P55008","AIF1_HUMAN","Allograft inflammatory factor 1","P55008_K29_M1_0","Acetyl (K)",1.16756852491799,0.622033886641961,0.266421655273539,6,"Not significant"
"Unstim / LPS+Nigericin","RPS15","P62841","P62841","RS15_HUMAN","Small ribosomal subunit protein uS19","P62841_K72_M1_0","Acetyl (K)",-0.96818081224647,0.623387362799014,0.269497392579213,4,"Not significant"
"Unstim / LPS+Nigericin","LCP1","P13796","P13796","PLSL_HUMAN","Plastin-2","P13796_K328_M1_0","Acetyl (K)",-0.389889650172174,0.623726648011817,0.270441846607625,6,"Not significant"
"Unstim / LPS+Nigericin","TAGLN2","P37802","P37802","TAGL2_HUMAN","Transgelin-2","P37802_K57_M1_0","Acetyl (K)",-9.38130757102397,0.623748312265881,0.27057070983857,6,"Not significant"
"Unstim / LPS+Nigericin","ACTC1","P68032","P68032","ACTC_HUMAN","Actin, alpha cardiac muscle 1","P68032_K293_M1_0","Acetyl (K)",-2.33234915566755,0.624333540507377,0.272223563039944,6,"Not significant"
"Unstim / LPS+Nigericin","SDHAF2","Q9NX18","Q9NX18","SDHF2_HUMAN","Succinate dehydrogenase assembly factor 2, mitochondrial","Q9NX18_K164_M1_0","Acetyl (K)",-0.811977166875397,0.624352298214791,0.27243177352653,6,"Not significant"
"Unstim / LPS+Nigericin","HNRNPDL","O14979","O14979","HNRDL_HUMAN","Heterogeneous nuclear ribonucleoprotein D-like","O14979_K234_M2_0","Acetyl (K)",-0.385150093413179,0.625313257709906,0.275061789904369,6,"Not significant"
"Unstim / LPS+Nigericin","H2BC21","Q16778","Q16778","H2B2E_HUMAN","Histone H2B type 2-E","Q16778_K6_M1_0","Acetyl (K)",0.909350591154395,0.625654275950066,0.276021984691549,6,"Not significant"
"Unstim / LPS+Nigericin","P4HB","P07237","P07237","PDIA1_HUMAN","Protein disulfide-isomerase","P07237_K328_M1_0","Acetyl (K)",-0.924410110028927,0.627656879369793,0.281796501896751,6,"Not significant"
"Unstim / LPS+Nigericin","CFL1","P23528","P23528","COF1_HUMAN","Cofilin-1","P23528_K144_M1_0","Acetyl (K)",2.0299860926171,0.628173494662053,0.283389296641935,6,"Not significant"
"Unstim / LPS+Nigericin","HSP90AB1","P08238","P08238","HS90B_HUMAN","Heat shock protein HSP 90-beta","P08238_K72_M1_0","Acetyl (K)",0.681343024373293,0.628196459390364,0.283569535765522,6,"Not significant"
"Unstim / LPS+Nigericin","ALYREF","Q86V81","Q86V81","THOC4_HUMAN","THO complex subunit 4","Q86V81_K4_M1_0","Acetyl (K)",0.785316812030929,0.628995142266098,0.285719694328977,6,"Not significant"
"Unstim / LPS+Nigericin","CFL1","P23528","P23528","COF1_HUMAN","Cofilin-1","P23528_K152_M1_0","Acetyl (K)",0.449361922584415,0.629355770273848,0.286698644071533,5,"Not significant"
"Unstim / LPS+Nigericin","ACADM","P11310","P11310","ACADM_HUMAN","Medium-chain specific acyl-CoA dehydrogenase, mitochondrial","P11310_K69_M1_0","Acetyl (K)",-0.729487694246416,0.629706740987774,0.287807908237489,6,"Not significant"
"Unstim / LPS+Nigericin","ACTB","Cont_P60712;P60709","Cont_P60712;P60709","ACTB_BOVIN;ACTB_HUMAN","Actin, cytoplasmic 1;Actin, cytoplasmic 1","Cont_P60712_K328_M1_0","Acetyl (K)",0.365553063694741,0.63008271152213,0.289050432614213,6,"Not significant"
"Unstim / LPS+Nigericin","ACTB","Cont_P60712;P60709","Cont_P60712;P60709","ACTB_BOVIN;ACTB_HUMAN","Actin, cytoplasmic 1;Actin, cytoplasmic 1","P60709_K328_M1_0","Acetyl (K)",0.365553063694741,0.63008271152213,0.289050432614213,6,"Not significant"
"Unstim / LPS+Nigericin","AK2","P54819","P54819","KAD2_HUMAN","Adenylate kinase 2, mitochondrial","P54819_K93_M1_0","Acetyl (K)",0.86799951756684,0.630241955555656,0.289397784843501,6,"Not significant"
"Unstim / LPS+Nigericin","ACY1","Q03154","Q03154","ACY1_HUMAN","Aminoacylase-1","Q03154_K4_M1_0","Acetyl (K)",0.551041103262745,0.631233619431833,0.292438620119302,6,"Not significant"
"Unstim / LPS+Nigericin","HSPE1","P61604","P61604","CH10_HUMAN","10 kDa heat shock protein, mitochondrial","P61604_K56_M1_0","Acetyl (K)",0.263119551777978,0.631747334228036,0.293815842783895,6,"Not significant"
"Unstim / LPS+Nigericin","RNH1","P13489","P13489","RINI_HUMAN","Ribonuclease inhibitor","P13489_K238_M1_0","Acetyl (K)",0.43577751160219,0.633146468545223,0.297497344812255,6,"Not significant"
"Unstim / LPS+Nigericin","ACO2","Q99798","Q99798","ACON_HUMAN","Aconitate hydratase, mitochondrial","Q99798_K411_M1_0","Acetyl (K)",-1.77538664863222,0.633307371610385,0.298038098497045,6,"Not significant"
"Unstim / LPS+Nigericin","PRSS1","Cont_P00760","Cont_P00760","TRY1_BOVIN","Serine protease 1","Cont_P00760_K92_M1_0","Acetyl (K)",-10.5570767534211,0.633972537254186,0.422520475744206,6,"Not significant"
"Unstim / LPS+Nigericin","ALB","Cont_P02769","Cont_P02769","ALBU_BOVIN","Albumin","Cont_P02769_K463_M1_0","Acetyl (K)",3.65464552429085,0.633972537254186,0.422911883831862,6,"Not significant"
"Unstim / LPS+Nigericin","ACTB","Cont_P60712;P60709","Cont_P60712;P60709","ACTB_BOVIN;ACTB_HUMAN","Actin, cytoplasmic 1;Actin, cytoplasmic 1","Cont_P60712_K50_M1_0","Acetyl (K)",-0.441117984912673,0.633972537254186,0.327591024833425,6,"Not significant"
"Unstim / LPS+Nigericin","ACTB","Cont_P60712;P60709","Cont_P60712;P60709","ACTB_BOVIN;ACTB_HUMAN","Actin, cytoplasmic 1;Actin, cytoplasmic 1","P60709_K50_M1_0","Acetyl (K)",-0.441117984912673,0.633972537254186,0.327591024833425,6,"Not significant"
"Unstim / LPS+Nigericin","EEF1A1","Cont_P68103;P68104","Cont_P68103;P68104","EF1A1_BOVIN;EF1A1_HUMAN","Elongation factor 1-alpha 1","Cont_P68103_K408_M1_0","Acetyl (K)",0.458704788384272,0.633972537254186,0.327674004693496,6,"Not significant"
"Unstim / LPS+Nigericin","EEF1A1","Cont_P68103;P68104","Cont_P68103;P68104","EF1A1_BOVIN;EF1A1_HUMAN","Elongation factor 1-alpha 1","P68104_K408_M1_0","Acetyl (K)",0.458704788384272,0.633972537254186,0.327674004693496,6,"Not significant"
"Unstim / LPS+Nigericin","CAP1","Cont_Q3SYV4","Cont_Q3SYV4","CAP1_BOVIN","Adenylyl cyclase-associated protein 1","Cont_Q3SYV4_K100_M1_0","Acetyl (K)",0.437960036252111,0.633972537254186,0.425903357388584,6,"Not significant"
"Unstim / LPS+Nigericin","CAP1","Cont_Q3SYV4","Cont_Q3SYV4","CAP1_BOVIN","Adenylyl cyclase-associated protein 1","Cont_Q3SYV4_K37_M1_0","Acetyl (K)",1.74092018198296,0.633972537254186,0.307443571215125,6,"Not significant"
"Unstim / LPS+Nigericin","ENO1","Cont_Q9XSJ4","Cont_Q9XSJ4","ENOA_BOVIN","Alpha-enolase","Cont_Q9XSJ4_K221_M1_0","Acetyl (K)",-0.532771396680968,0.633972537254186,0.306905386519806,6,"Not significant"
"Unstim / LPS+Nigericin","MYO1F","O00160","O00160","MYO1F_HUMAN","Unconventional myosin-If","O00160_K141_M1_0","Acetyl (K)",-9.57983668320795,0.633972537254186,0.422373441559848,6,"Not significant"
"Unstim / LPS+Nigericin","PSMD12","O00232","O00232","PSD12_HUMAN","26S proteasome non-ATPase regulatory subunit 12","O00232_K36_M1_0","Acetyl (K)",0.828270117793708,0.633972537254186,0.306442026376418,6,"Not significant"
"Unstim / LPS+Nigericin","SYNCRIP","O60506","O60506","HNRPQ_HUMAN","Heterogeneous nuclear ribonucleoprotein Q","O60506_K312_M1_0","Acetyl (K)",4.3123192081353,0.633972537254186,0.430096501079997,6,"Not significant"
"Unstim / LPS+Nigericin","MACROH2A1","O75367","O75367","H2AY_HUMAN","Core histone macro-H2A.1","O75367_K236_M1_0","Acetyl (K)",1.29822686818283,0.633972537254186,0.420689224634464,6,"Not significant"
"Unstim / LPS+Nigericin","RP2","O75695","O75695","XRP2_HUMAN","Protein XRP2","O75695_K124_M1_0","Acetyl (K)",0.635710175125073,0.633972537254186,0.415561175451406,6,"Not significant"
"Unstim / LPS+Nigericin","TOMM70","O94826","O94826","TOM70_HUMAN","Mitochondrial import receptor subunit TOM70","O94826_K5_M1_0","Acetyl (K)",-0.258255087568839,0.633972537254186,0.319907508816053,6,"Not significant"
"Unstim / LPS+Nigericin","TOMM70","O94826","O94826","TOM70_HUMAN","Mitochondrial import receptor subunit TOM70","O94826_K84_M1_0","Acetyl (K)",3.6861066178049,0.633972537254186,0.421330580718365,6,"Not significant"
"Unstim / LPS+Nigericin","LDHA","P00338","P00338","LDHA_HUMAN","L-lactate dehydrogenase A chain","P00338_K5_M1_0","Acetyl (K)",0.545268876956107,0.633972537254186,0.422550615708449,6,"Not significant"
"Unstim / LPS+Nigericin","GLUD1","P00367","P00367","DHE3_HUMAN","Glutamate dehydrogenase 1, mitochondrial","P00367_K365_M1_0","Acetyl (K)",4.30607087418019,0.633972537254186,0.428836477587489,6,"Not significant"
"Unstim / LPS+Nigericin","PGK1","P00558","P00558","PGK1_HUMAN","Phosphoglycerate kinase 1","P00558_K106_M1_0","Acetyl (K)",6.14574336628282,0.633972537254186,0.421621462220384,6,"Not significant"
"Unstim / LPS+Nigericin","PGK1","P00558","P00558","PGK1_HUMAN","Phosphoglycerate kinase 1","P00558_K322_M1_0","Acetyl (K)",-3.44714160957104,0.633972537254186,0.388827280254074,6,"Not significant"
"Unstim / LPS+Nigericin","IL1B","P01584","P01584","IL1B_HUMAN","Interleukin-1 beta","P01584_K171_M1_0","Acetyl (K)",5.9421687396327,0.633972537254186,0.420570934922326,6,"Not significant"
"Unstim / LPS+Nigericin","ALDOA","P04075","P04075","ALDOA_HUMAN","Fructose-bisphosphate aldolase A","P04075_K108_M2_0","Acetyl (K)",0.311251112831239,0.633972537254186,0.335811037326934,6,"Not significant"
"Unstim / LPS+Nigericin","ANXA1","P04083","P04083","ANXA1_HUMAN","Annexin A1","P04083_K274_M1_0","Acetyl (K)",-0.894752101224422,0.633972537254186,0.404995031414828,6,"Not significant"
"Unstim / LPS+Nigericin","APOB","P04114","P04114","APOB_HUMAN","Apolipoprotein B-100","P04114_K1778_M1_0","Acetyl (K)",-5.1131391453511,0.633972537254186,0.419149646520534,6,"Not significant"
"Unstim / LPS+Nigericin","ICAM1","P05362","P05362","ICAM1_HUMAN","Intercellular adhesion molecule 1","P05362_K433_M1_0","Acetyl (K)",-1.25946433090486,0.633972537254186,0.350062237258805,6,"Not significant"
"Unstim / LPS+Nigericin","SSB","P05455","P05455","LA_HUMAN","Lupus La protein","P05455_K312_M1_0","Acetyl (K)",6.36235227451806,0.633972537254186,0.422626065741356,6,"Not significant"
"Unstim / LPS+Nigericin","SSB","P05455","P05455","LA_HUMAN","Lupus La protein","P05455_K176_M1_0","Acetyl (K)",0.7359340902071,0.633972537254186,0.374033956899668,6,"Not significant"
"Unstim / LPS+Nigericin","GSN","P06396","P06396","GELS_HUMAN","Gelsolin","P06396_K289_M2_0","Acetyl (K)",0.508732626364763,0.633972537254186,0.352578730981553,5,"Not significant"
"Unstim / LPS+Nigericin","S100A9","P06702","P06702","S10A9_HUMAN","Protein S100-A9","P06702_K38_M1_0","Acetyl (K)",5.98864753764734,0.633972537254186,0.423122466305804,6,"Not significant"
"Unstim / LPS+Nigericin","NPM1","P06748","P06748","NPM_HUMAN","Nucleophosmin","P06748_K267_M1_0","Acetyl (K)",0.595012406462423,0.633972537254186,0.311137937933743,6,"Not significant"
"Unstim / LPS+Nigericin","GPX1","P07203","P07203","GPX1_HUMAN","Glutathione peroxidase 1","P07203_K88_M1_0","Acetyl (K)",5.9836756200204,0.633972537254186,0.419704291179155,6,"Not significant"
"Unstim / LPS+Nigericin","P4HB","P07237","P07237","PDIA1_HUMAN","Protein disulfide-isomerase","P07237_K57_M1_0","Acetyl (K)",0.40408417309539,0.633972537254186,0.323029082680466,6,"Not significant"
"Unstim / LPS+Nigericin","PRSS1","P07477","P07477","TRY1_HUMAN","Serine protease 1","P07477_K102_M1_0","Acetyl (K)",7.98975669083576,0.633972537254186,0.322753479756931,6,"Not significant"
"Unstim / LPS+Nigericin","PLEK","P08567","P08567","PLEK_HUMAN","Pleckstrin","P08567_K75_M1_0","Acetyl (K)",-3.42351075895238,0.633972537254186,0.419486062703215,6,"Not significant"
"Unstim / LPS+Nigericin","VIM","P08670","P08670","VIME_HUMAN","Vimentin","P08670_K334_M1_0","Acetyl (K)",9.56020951934267,0.633972537254186,0.422399726509669,6,"Not significant"
"Unstim / LPS+Nigericin","LGALS1","P09382","P09382","LEG1_HUMAN","Galectin-1","P09382_K130_M2_0","Acetyl (K)",1.92995502008966,0.633972537254186,0.303313737675436,6,"Not significant"
"Unstim / LPS+Nigericin","LGALS1","P09382","P09382","LEG1_HUMAN","Galectin-1","P09382_K128_M2_0","Acetyl (K)",1.92995502008966,0.633972537254186,0.303313737675436,6,"Not significant"
"Unstim / LPS+Nigericin","ANXA4","P09525","P09525","ANXA4_HUMAN","Annexin A4","P09525_K100_M1_0","Acetyl (K)",-7.05018565642709,0.633972537254186,0.422037034214121,6,"Not significant"
"Unstim / LPS+Nigericin","H2AC11;H2AC12;H2AC14","P0C0S8;Q96KK5;Q99878","P0C0S8;Q96KK5;Q99878","H2A1_HUMAN;H2A1H_HUMAN;H2A1J_HUMAN","Histone H2A type 1;Histone H2A type 1-H;Histone H2A type 1-J","P0C0S8_K37_M1_0","Acetyl (K)",1.77321645619609,0.633972537254186,0.369171064771043,6,"Not significant"
"Unstim / LPS+Nigericin","H2AC11;H2AC12;H2AC14","P0C0S8;Q96KK5;Q99878","P0C0S8;Q96KK5;Q99878","H2A1_HUMAN;H2A1H_HUMAN;H2A1J_HUMAN","Histone H2A type 1;Histone H2A type 1-H;Histone H2A type 1-J","Q96KK5_K37_M1_0","Acetyl (K)",1.77321645619609,0.633972537254186,0.369171064771043,6,"Not significant"
"Unstim / LPS+Nigericin","H2AC11;H2AC12;H2AC14","P0C0S8;Q96KK5;Q99878","P0C0S8;Q96KK5;Q99878","H2A1_HUMAN;H2A1H_HUMAN;H2A1J_HUMAN","Histone H2A type 1;Histone H2A type 1-H;Histone H2A type 1-J","Q99878_K37_M1_0","Acetyl (K)",1.77321645619609,0.633972537254186,0.369171064771043,6,"Not significant"
"Unstim / LPS+Nigericin","HSPA1A;HSPA1B","P0DMV8;P0DMV9","P0DMV8;P0DMV9","HS71A_HUMAN;HS71B_HUMAN","Heat shock 70 kDa protein 1A;Heat shock 70 kDa protein 1B","P0DMV8_K25_M1_0","Acetyl (K)",-8.31437715716264,0.633972537254186,0.422465960382548,6,"Not significant"
"Unstim / LPS+Nigericin","HSPA1A;HSPA1B","P0DMV8;P0DMV9","P0DMV8;P0DMV9","HS71A_HUMAN;HS71B_HUMAN","Heat shock 70 kDa protein 1A;Heat shock 70 kDa protein 1B","P0DMV9_K25_M1_0","Acetyl (K)",-8.31437715716264,0.633972537254186,0.422465960382548,6,"Not significant"
"Unstim / LPS+Nigericin","HSPA1A;HSPA1B","P0DMV8;P0DMV9","P0DMV8;P0DMV9","HS71A_HUMAN;HS71B_HUMAN","Heat shock 70 kDa protein 1A;Heat shock 70 kDa protein 1B","P0DMV8_K597_M1_0","Acetyl (K)",-8.60376057298851,0.633972537254186,0.422389875430127,6,"Not significant"
"Unstim / LPS+Nigericin","HSPA1A;HSPA1B","P0DMV8;P0DMV9","P0DMV8;P0DMV9","HS71A_HUMAN;HS71B_HUMAN","Heat shock 70 kDa protein 1A;Heat shock 70 kDa protein 1B","P0DMV9_K597_M1_0","Acetyl (K)",-8.60376057298851,0.633972537254186,0.422389875430127,6,"Not significant"
"Unstim / LPS+Nigericin","HSPD1","P10809","P10809","CH60_HUMAN","60 kDa heat shock protein, mitochondrial","P10809_K352_M1_0","Acetyl (K)",1.04230690688326,0.633972537254186,0.392514215345742,6,"Not significant"
"Unstim / LPS+Nigericin","HSPA5","P11021","P11021","BIP_HUMAN","Endoplasmic reticulum chaperone BiP","P11021_K138_M1_0","Acetyl (K)",1.42782632388225,0.633972537254186,0.377955240926994,6,"Not significant"
"Unstim / LPS+Nigericin","HSPA8","P11142","P11142","HSP7C_HUMAN","Heat shock cognate 71 kDa protein","P11142_K128_M2_0","Acetyl (K)",6.04769041377891,0.633972537254186,0.384755239143465,5,"Not significant"
"Unstim / LPS+Nigericin","HSPA8","P11142","P11142","HSP7C_HUMAN","Heat shock cognate 71 kDa protein","P11142_K88_M1_0","Acetyl (K)",-3.30242965395904,0.633972537254186,0.421697030361951,6,"Not significant"
"Unstim / LPS+Nigericin","COL6A1","P12109","P12109","CO6A1_HUMAN","Collagen alpha-1(VI) chain","P12109_K53_M1_0","Acetyl (K)",0.356675506460755,0.633972537254186,0.312521925158856,4,"Not significant"
"Unstim / LPS+Nigericin","CCL4","P13236","P13236","CCL4_HUMAN","C-C motif chemokine 4","P13236_K42_M1_0","Acetyl (K)",-5.1404602220473,0.633972537254186,0.424422711130361,6,"Not significant"
"Unstim / LPS+Nigericin","ENO3","P13929","P13929","ENOB_HUMAN","Beta-enolase","P13929_K92_M1_0","Acetyl (K)",-0.808369337346232,0.633972537254186,0.352618823037739,6,"Not significant"
"Unstim / LPS+Nigericin","HCLS1","P14317","P14317","HCLS1_HUMAN","Hematopoietic lineage cell-specific protein","P14317_K273_M1_0","Acetyl (K)",-0.300057667311638,0.633972537254186,0.372280266212242,6,"Not significant"
"Unstim / LPS+Nigericin","PKM","P14618","P14618","KPYM_HUMAN","Pyruvate kinase PKM","P14618_K475_M1_0","Acetyl (K)",0.512153031829221,0.633972537254186,0.386889606257846,6,"Not significant"
"Unstim / LPS+Nigericin","HSP90B1","P14625","P14625","ENPL_HUMAN","Endoplasmin","P14625_K708_M2_0","Acetyl (K)",-1.98271233614862,0.633972537254186,0.414634627302849,6,"Not significant"
"Unstim / LPS+Nigericin","H2AX","P16104","P16104","H2AX_HUMAN","Histone H2AX","P16104_K96_M1_0","Acetyl (K)",-4.01402281203198,0.633972537254186,0.426758526178172,6,"Not significant"
"Unstim / LPS+Nigericin","NCL","P19338","P19338","NUCL_HUMAN","Nucleolin","P19338_K116_M1_0","Acetyl (K)",0.662242777172958,0.633972537254186,0.319626832997526,6,"Not significant"
"Unstim / LPS+Nigericin","TNFRSF1B","P20333","P20333","TNR1B_HUMAN","Tumor necrosis factor receptor superfamily member 1B","P20333_K447_M1_0","Acetyl (K)",-3.46124826772345,0.633972537254186,0.43191609767885,6,"Not significant"
"Unstim / LPS+Nigericin","ITGAL","P20701","P20701","ITAL_HUMAN","Integrin alpha-L","P20701_K371_M2_0","Acetyl (K)",-1.47341020750454,0.633972537254186,0.410592282118203,6,"Not significant"
"Unstim / LPS+Nigericin","MMUT","P22033","P22033","MUTA_HUMAN","Methylmalonyl-CoA mutase, mitochondrial","P22033_K128_M1_0","Acetyl (K)",0.376841298026793,0.633972537254186,0.409579688149729,6,"Not significant"
"Unstim / LPS+Nigericin","UBA1","P22314","P22314","UBA1_HUMAN","Ubiquitin-like modifier-activating enzyme 1","P22314_K802_M1_0","Acetyl (K)",1.07428913951212,0.633972537254186,0.392481146179838,6,"Not significant"
"Unstim / LPS+Nigericin","JAK1","P23458","P23458","JAK1_HUMAN","Tyrosine-protein kinase JAK1","P23458_K736_M1_0","Acetyl (K)",-0.364776847604894,0.633972537254186,0.419545460327643,6,"Not significant"
"Unstim / LPS+Nigericin","YWHAQ","P27348","P27348","1433T_HUMAN","14-3-3 protein theta","P27348_K103_M1_0","Acetyl (K)",-0.34277413414504,0.633972537254186,0.377284358652203,6,"Not significant"
"Unstim / LPS+Nigericin","MARCKS","P29966","P29966","MARCS_HUMAN","Myristoylated alanine-rich C-kinase substrate","P29966_K69_M1_0","Acetyl (K)",2.59664134181791,0.633972537254186,0.366535008246668,6,"Not significant"
"Unstim / LPS+Nigericin","PRDX5","P30044","P30044","PRDX5_HUMAN","Peroxiredoxin-5, mitochondrial","P30044_K116_M1_0","Acetyl (K)",-1.76451930730891,0.633972537254186,0.426766801625222,6,"Not significant"
"Unstim / LPS+Nigericin","PRDX3","P30048","P30048","PRDX3_HUMAN","Thioredoxin-dependent peroxide reductase, mitochondrial","P30048_K166_M1_0","Acetyl (K)",2.38434986610703,0.633972537254186,0.354970190461873,6,"Not significant"
"Unstim / LPS+Nigericin","PDIA3","P30101","P30101","PDIA3_HUMAN","Protein disulfide-isomerase A3","P30101_K61_M1_0","Acetyl (K)",-4.35671143408758,0.633972537254186,0.418200856969237,6,"Not significant"
"Unstim / LPS+Nigericin","PDIA3","P30101","P30101","PDIA3_HUMAN","Protein disulfide-isomerase A3","P30101_K152_M2_0","Acetyl (K)",3.22525216121693,0.633972537254186,0.385885788771927,6,"Not significant"
"Unstim / LPS+Nigericin","PDIA3","P30101","P30101","PDIA3_HUMAN","Protein disulfide-isomerase A3","P30101_K147_M2_0","Acetyl (K)",3.22525216121693,0.633972537254186,0.385885788771927,6,"Not significant"
"Unstim / LPS+Nigericin","STIP1","P31948","P31948","STIP1_HUMAN","Stress-induced-phosphoprotein 1","P31948_K415_M1_0","Acetyl (K)",1.10917927206228,0.633972537254186,0.419878300899199,6,"Not significant"
"Unstim / LPS+Nigericin","HSPA1L","P34931","P34931","HS71L_HUMAN","Heat shock 70 kDa protein 1-like","P34931_K332_M1_0","Acetyl (K)",-0.626949598030467,0.633972537254186,0.370370109089342,6,"Not significant"
"Unstim / LPS+Nigericin","MYH9","P35579","P35579","MYH9_HUMAN","Myosin-9","P35579_K1415_M1_0","Acetyl (K)",-9.31215218525947,0.633972537254186,0.422457511387836,6,"Not significant"
"Unstim / LPS+Nigericin","TALDO1","P37837","P37837","TALDO_HUMAN","Transaldolase","P37837_K86_M1_0","Acetyl (K)",1.03808959038076,0.633972537254186,0.391620120341967,6,"Not significant"
"Unstim / LPS+Nigericin","ATP6V1A","P38606","P38606","VATA_HUMAN","V-type proton ATPase catalytic subunit A","P38606_K498_M1_0","Acetyl (K)",1.20485654377757,0.633972537254186,0.38594828271398,6,"Not significant"
"Unstim / LPS+Nigericin","HSPA9","P38646","P38646","GRP75_HUMAN","Stress-70 protein, mitochondrial","P38646_K76_M1_0","Acetyl (K)",0.302712895705945,0.633972537254186,0.36302907320144,6,"Not significant"
"Unstim / LPS+Nigericin","HSPA9","P38646","P38646","GRP75_HUMAN","Stress-70 protein, mitochondrial","P38646_K377_M1_0","Acetyl (K)",3.02271852186898,0.633972537254186,0.432785431188855,6,"Not significant"
"Unstim / LPS+Nigericin","ANP32A","P39687","P39687","AN32A_HUMAN","Acidic leucine-rich nuclear phosphoprotein 32 family member A","P39687_K68_M1_0","Acetyl (K)",2.19445521533271,0.633972537254186,0.430868599020498,6,"Not significant"
"Unstim / LPS+Nigericin","NOP2","P46087","P46087","NOP2_HUMAN","Probable 28S rRNA (cytosine(4447)-C(5))-methyltransferase","P46087_K655_M1_0","Acetyl (K)",6.89740976465492,0.633972537254186,0.422626440812352,6,"Not significant"
"Unstim / LPS+Nigericin","CRKL","P46109","P46109","CRKL_HUMAN","Crk-like protein","P46109_K253_M1_0","Acetyl (K)",0.673144017554445,0.633972537254186,0.403322981374952,6,"Not significant"
"Unstim / LPS+Nigericin","ANXA11","P50995","P50995","ANX11_HUMAN","Annexin A11","P50995_K286_M1_0","Acetyl (K)",1.29655500397816,0.633972537254186,0.398439253295077,6,"Not significant"
"Unstim / LPS+Nigericin","ARHGDIA","P52565","P52565","GDIR1_HUMAN","Rho GDP-dissociation inhibitor 1","P52565_K33_M1_0","Acetyl (K)",8.15851694920275,0.633972537254186,0.422481762315381,6,"Not significant"
"Unstim / LPS+Nigericin","OXCT1","P55809","P55809","SCOT1_HUMAN","Succinyl-CoA:3-ketoacid coenzyme A transferase 1, mitochondrial","P55809_K173_M1_0","Acetyl (K)",0.294586285459177,0.633972537254186,0.409815670478049,6,"Not significant"
"Unstim / LPS+Nigericin","CORO7","P57737","P57737","CORO7_HUMAN","Coronin-7","P57737_K157_M1_0","Acetyl (K)",-2.7739020044839,0.633972537254186,0.424014873855247,6,"Not significant"
"Unstim / LPS+Nigericin","TPI1","P60174","P60174","TPIS_HUMAN","Triosephosphate isomerase","P60174_K131_M1_0","Acetyl (K)",6.41635369749374,0.633972537254186,0.422507325095375,6,"Not significant"
"Unstim / LPS+Nigericin","ACTR2","P61160","P61160","ARP2_HUMAN","Actin-related protein 2","P61160_K46_M2_0","Acetyl (K)",1.40415477433886,0.633972537254186,0.302599061210031,6,"Not significant"
"Unstim / LPS+Nigericin","ACTR2","P61160","P61160","ARP2_HUMAN","Actin-related protein 2","P61160_K232_M1_0","Acetyl (K)",-1.46165473962914,0.633972537254186,0.320321530617734,4,"Not significant"
"Unstim / LPS+Nigericin","HSPE1","P61604","P61604","CH10_HUMAN","10 kDa heat shock protein, mitochondrial","P61604_K80_M1_0","Acetyl (K)",9.16020584580788,0.633972537254186,0.422579471549214,6,"Not significant"
"Unstim / LPS+Nigericin","HNRNPK","P61978","P61978","HNRPK_HUMAN","Heterogeneous nuclear ribonucleoprotein K","P61978_K139_M1_0","Acetyl (K)",-2.1723045508225,0.633972537254186,0.368410592751919,6,"Not significant"
"Unstim / LPS+Nigericin","TRA2B","P62995","P62995","TRA2B_HUMAN","Transformer-2 protein homolog beta","P62995_K140_M1_0","Acetyl (K)",4.62328908006357,0.633972537254186,0.430356979988412,6,"Not significant"
"Unstim / LPS+Nigericin","TMSB10","P63313","P63313","TYB10_HUMAN","Thymosin beta-10","P63313_K4_M1_0","Acetyl (K)",0.430524205293244,0.633972537254186,0.377808317448048,6,"Not significant"
"Unstim / LPS+Nigericin","TMSB10","P63313","P63313","TYB10_HUMAN","Thymosin beta-10","P63313_K4_M2_0","Acetyl (K)",-5.4957008711885,0.633972537254186,0.424477790217982,5,"Not significant"
"Unstim / LPS+Nigericin","UBE2L3","P68036","P68036","UB2L3_HUMAN","Ubiquitin-conjugating enzyme E2 L3","P68036_K82_M1_0","Acetyl (K)",0.638658204255505,0.633972537254186,0.321757964574243,6,"Not significant"
"Unstim / LPS+Nigericin","H3C1","P68431","P68431","H31_HUMAN","Histone H3.1","P68431_K24_M1_0","Acetyl (K)",0.466025596076001,0.633972537254186,0.400042338710334,6,"Not significant"
"Unstim / LPS+Nigericin","SIRPA","P78324","P78324","SHPS1_HUMAN","Tyrosine-protein phosphatase non-receptor type substrate 1","P78324_K488_M1_0","Acetyl (K)",0.743589479926889,0.633972537254186,0.431464158559023,6,"Not significant"
"Unstim / LPS+Nigericin","HNRNPU","Q00839","Q00839","HNRPU_HUMAN","Heterogeneous nuclear ribonucleoprotein U","Q00839_K495_M2_0","Acetyl (K)",-1.33392131502898,0.633972537254186,0.300999492995406,5,"Not significant"
"Unstim / LPS+Nigericin","HNRNPU","Q00839","Q00839","HNRPU_HUMAN","Heterogeneous nuclear ribonucleoprotein U","Q00839_K494_M2_0","Acetyl (K)",-1.33392131502898,0.633972537254186,0.300999541101706,5,"Not significant"
"Unstim / LPS+Nigericin","CAP1","Q01518","Q01518","CAP1_HUMAN","Adenylyl cyclase-associated protein 1","Q01518_K355_M1_0","Acetyl (K)",9.98978698225591,0.633972537254186,0.422487666011664,5,"Not significant"
"Unstim / LPS+Nigericin","YWHAH","Q04917","Q04917","1433F_HUMAN","14-3-3 protein eta","Q04917_K142_M1_0","Acetyl (K)",8.01653409896197,0.633972537254186,0.303532471944666,6,"Not significant"
"Unstim / LPS+Nigericin","EEF1A2","Q05639","Q05639","EF1A2_HUMAN","Elongation factor 1-alpha 2","Q05639_K408_M1_0","Acetyl (K)",-5.65236174581041,0.633972537254186,0.418845686453362,6,"Not significant"
"Unstim / LPS+Nigericin","RBBP4","Q09028","Q09028","RBBP4_HUMAN","Histone-binding protein RBBP4","Q09028_K4_M1_0","Acetyl (K)",0.583848107719342,0.633972537254186,0.333873090579857,6,"Not significant"
"Unstim / LPS+Nigericin","AHNAK","Q09666","Q09666","AHNK_HUMAN","Neuroblast differentiation-associated protein AHNAK","Q09666_K1125_M1_0","Acetyl (K)",0.322760187241009,0.633972537254186,0.384298837457448,6,"Not significant"
"Unstim / LPS+Nigericin","BST1","Q10588","Q10588","BST1_HUMAN","ADP-ribosyl cyclase/cyclic ADP-ribose hydrolase 2","Q10588_K203_M1_0","Acetyl (K)",-3.92990209573925,0.633972537254186,0.429390205263022,6,"Not significant"
"Unstim / LPS+Nigericin","MYO1E","Q12965","Q12965","MYO1E_HUMAN","Unconventional myosin-Ie","Q12965_K914_M1_0","Acetyl (K)",1.85323386004364,0.633972537254186,0.334214139289107,6,"Not significant"
"Unstim / LPS+Nigericin","ECH1","Q13011","Q13011","ECH1_HUMAN","Delta(3,5)-Delta(2,4)-dienoyl-CoA isomerase, mitochondrial","Q13011_K231_M1_0","Acetyl (K)",0.706526485800632,0.633972537254186,0.372978618056666,6,"Not significant"
"Unstim / LPS+Nigericin","PDIA6","Q15084","Q15084","PDIA6_HUMAN","Protein disulfide-isomerase A6","Q15084_K373_M1_0","Acetyl (K)",1.85489328708075,0.633972537254186,0.376625688000647,6,"Not significant"
"Unstim / LPS+Nigericin","TSC22D1","Q15714","Q15714","T22D1_HUMAN","TSC22 domain family protein 1","Q15714_K1016_M1_0","Acetyl (K)",-1.30428248275803,0.633972537254186,0.325471125973737,6,"Not significant"
"Unstim / LPS+Nigericin","NFRKB","Q6P4R8","Q6P4R8","NFRKB_HUMAN","Nuclear factor related to kappa-B-binding protein","Q6P4R8_K1237_M1_0","Acetyl (K)",0.694409446707982,0.633972537254186,0.364798484972593,6,"Not significant"
"Unstim / LPS+Nigericin","XIRP1","Q702N8","Q702N8","XIRP1_HUMAN","Xin actin-binding repeat-containing protein 1","Q702N8_K819_M1_0","Acetyl (K)",-1.19709775025532,0.633972537254186,0.388268225020775,6,"Not significant"
"Unstim / LPS+Nigericin","ABI1","Q8IZP0","Q8IZP0","ABI1_HUMAN","Abl interactor 1","Q8IZP0_K205_M1_0","Acetyl (K)",1.10808776161859,0.633972537254186,0.41730479477156,6,"Not significant"
"Unstim / LPS+Nigericin","NAV1","Q8NEY1","Q8NEY1","NAV1_HUMAN","Neuron navigator 1","Q8NEY1_K1269_M1_0","Acetyl (K)",-4.79500769786212,0.633972537254186,0.414761490391187,6,"Not significant"
"Unstim / LPS+Nigericin","SYNE1","Q8NF91","Q8NF91","SYNE1_HUMAN","Nesprin-1","Q8NF91_K7881_M1_0","Acetyl (K)",-1.66520542946606,0.633972537254186,0.39767010021428,6,"Not significant"
"Unstim / LPS+Nigericin","H1-10","Q92522","Q92522","H1X_HUMAN","Histone H1.10","Q92522_K47_M1_0","Acetyl (K)",-7.0672466079449,0.633972537254186,0.423407163529036,6,"Not significant"
"Unstim / LPS+Nigericin","LPP","Q93052","Q93052","LPP_HUMAN","Lipoma-preferred partner","Q93052_K540_M1_0","Acetyl (K)",-0.617094015081598,0.633972537254186,0.342864396684476,6,"Not significant"
"Unstim / LPS+Nigericin","THOC1","Q96FV9","Q96FV9","THOC1_HUMAN","THO complex subunit 1","Q96FV9_K614_M1_0","Acetyl (K)",2.69351537707804,0.633972537254186,0.410095422522686,6,"Not significant"
"Unstim / LPS+Nigericin","FUBP3","Q96I24","Q96I24","FUBP3_HUMAN","Far upstream element-binding protein 3","Q96I24_K195_M1_0","Acetyl (K)",0.520197219791066,0.633972537254186,0.327983381686833,6,"Not significant"
"Unstim / LPS+Nigericin","QKI","Q96PU8","Q96PU8","QKI_HUMAN","KH domain-containing RNA-binding protein QKI","Q96PU8_K12_M1_0","Acetyl (K)",0.55059189686341,0.633972537254186,0.38192277210938,6,"Not significant"
"Unstim / LPS+Nigericin","GFM1","Q96RP9","Q96RP9","EFGM_HUMAN","Elongation factor G, mitochondrial","Q96RP9_K289_M1_0","Acetyl (K)",-6.56834074018331,0.633972537254186,0.423109447873408,6,"Not significant"
"Unstim / LPS+Nigericin","TRIM56","Q9BRZ2","Q9BRZ2","TRI56_HUMAN","E3 ubiquitin-protein ligase TRIM56","Q9BRZ2_K98_M1_0","Acetyl (K)",3.9968686255842,0.633972537254186,0.425926025543595,6,"Not significant"
"Unstim / LPS+Nigericin","RAB1B","Q9H0U4","Q9H0U4","RAB1B_HUMAN","Ras-related protein Rab-1B","Q9H0U4_K137_M1_0","Acetyl (K)",5.98448171505873,0.633972537254186,0.421756758691909,6,"Not significant"
"Unstim / LPS+Nigericin","APMAP","Q9HDC9","Q9HDC9","APMAP_HUMAN","Adipocyte plasma membrane-associated protein","Q9HDC9_K183_M1_0","Acetyl (K)",0.288986145744747,0.633972537254186,0.425653852845873,6,"Not significant"
"Unstim / LPS+Nigericin","AKAP8L","Q9ULX6","Q9ULX6","AKP8L_HUMAN","A-kinase anchor protein 8-like","Q9ULX6_K478_M1_0","Acetyl (K)",-3.19701312148978,0.633972537254186,0.426219567848956,6,"Not significant"
"Unstim / LPS+Nigericin","DHRS7","Q9Y394","Q9Y394","DHRS7_HUMAN","Dehydrogenase/reductase SDR family member 7","Q9Y394_K103_M1_0","Acetyl (K)",-0.687970873607131,0.633972537254186,0.341864451297721,6,"Not significant"
"Unstim / LPS+Nigericin","TLN1","Q9Y490","Q9Y490","TLN1_HUMAN","Talin-1","Q9Y490_K1960_M1_0","Acetyl (K)",-4.93949708689565,0.633972537254186,0.426738599781641,6,"Not significant"
"Unstim / LPS+Nigericin","SUPT16H","Q9Y5B9","Q9Y5B9","SP16H_HUMAN","FACT complex subunit SPT16","Q9Y5B9_K647_M1_0","Acetyl (K)",-3.36371048056208,0.633972537254186,0.42967935122291,6,"Not significant"
"Unstim / LPS+Nigericin","HSPA6","P17066","P17066","HSP76_HUMAN","Heat shock 70 kDa protein 6","P17066_K142_M2_0","Acetyl (K)",1.29101539882607,0.633972537254186,0.362088496509467,4,"Not significant"
"Unstim / LPS+Nigericin","GRPEL1","Q9HAV7","Q9HAV7","GRPE1_HUMAN","GrpE protein homolog 1, mitochondrial","Q9HAV7_K109_M2_0","Acetyl (K)",-0.67143366807392,0.633972537254186,0.392028608227178,4,"Not significant"
"Unstim / LPS+Nigericin","CCT6A","P40227","P40227","TCPZ_HUMAN","T-complex protein 1 subunit zeta","P40227_K58_M2_0","Acetyl (K)",-9.15746033315729,0.633972537254186,0.422906118473788,6,"Not significant"
"Unstim / LPS+Nigericin","NSF","P46459","P46459","NSF_HUMAN","Vesicle-fusing ATPase","P46459_K549_M1_0","Acetyl (K)",1.01329555389008,0.633999857280485,0.435750274323938,6,"Not significant"
"Unstim / LPS+Nigericin","LMNA","P02545","P02545","LMNA_HUMAN","Prelamin-A/C","P02545_K597_M1_0","Acetyl (K)",-0.292885173981769,0.634128189222172,0.437380908991928,6,"Not significant"
"Unstim / LPS+Nigericin","CHST7","Q9NS84","Q9NS84","CHST7_HUMAN","Carbohydrate sulfotransferase 7","Q9NS84_K243_M1_0","Acetyl (K)",3.54805997732631,0.634128189222172,0.437648907902074,6,"Not significant"
"Unstim / LPS+Nigericin","MAFF","Q9ULX9","Q9ULX9","MAFF_HUMAN","Transcription factor MafF","Q9ULX9_K110_M1_0","Acetyl (K)",0.608365262881699,0.634256019404079,0.438852723395591,6,"Not significant"
"Unstim / LPS+Nigericin","NLN","Q9BYT8","Q9BYT8","NEUL_HUMAN","Neurolysin, mitochondrial","Q9BYT8_K273_M1_0","Acetyl (K)",-3.19889101068622,0.634413884284311,0.439891166629245,6,"Not significant"
"Unstim / LPS+Nigericin","PPP1CC","P36873","P36873","PP1G_HUMAN","Serine/threonine-protein phosphatase PP1-gamma catalytic subunit","P36873_K6_M1_0","Acetyl (K)",0.485424285392746,0.634746156640671,0.441959997920042,6,"Not significant"
"Unstim / LPS+Nigericin","SCP2","P22307","P22307","SCP2_HUMAN","Sterol carrier protein 2","P22307_K470_M1_0","Acetyl (K)",0.447277134858598,0.635496893129595,0.446030759267894,5,"Not significant"
"Unstim / LPS+Nigericin","SLC25A5","P05141","P05141","ADT2_HUMAN","ADP/ATP translocase 2","P05141_K23_M1_0","Acetyl (K)",-0.454683319838942,0.635643934293944,0.446743430991221,6,"Not significant"
"Unstim / LPS+Nigericin","TPI1","P60174","P60174","TPIS_HUMAN","Triosephosphate isomerase","P60174_K33_M1_0","Acetyl (K)",-0.63726790751992,0.636107090854517,0.448236301693902,6,"Not significant"
"Unstim / LPS+Nigericin","H2AZ1;H2AZ2","P0C0S5;Q71UI9","P0C0S5;Q71UI9","H2AZ_HUMAN;H2AV_HUMAN","Histone H2A.Z;Histone H2A.V","P0C0S5_K75_M1_0","Acetyl (K)",-1.67038077186144,0.636751395690419,0.451372364253129,6,"Not significant"
"Unstim / LPS+Nigericin","H2AZ1;H2AZ2","P0C0S5;Q71UI9","P0C0S5;Q71UI9","H2AZ_HUMAN;H2AV_HUMAN","Histone H2A.Z;Histone H2A.V","Q71UI9_K75_M1_0","Acetyl (K)",-1.67038077186144,0.636751395690419,0.451372364253129,6,"Not significant"
"Unstim / LPS+Nigericin","PRDX4","Q13162","Q13162","PRDX4_HUMAN","Peroxiredoxin-4","Q13162_K250_M1_0","Acetyl (K)",-3.25661715178101,0.637196694515104,0.452700827073344,5,"Not significant"
"Unstim / LPS+Nigericin","HSPD1","P10809","P10809","CH60_HUMAN","60 kDa heat shock protein, mitochondrial","P10809_K180_M1_0","Acetyl (K)",0.622362808593856,0.637505482442435,0.454262574155718,6,"Not significant"
"Unstim / LPS+Nigericin","PLRG1","O43660","O43660","PLRG1_HUMAN","Pleiotropic regulator 1","O43660_K7_M1_0","Acetyl (K)",0.595415295583575,0.637948326229777,0.456196414783382,6,"Not significant"
"Unstim / LPS+Nigericin","PRDX5","P30044","P30044","PRDX5_HUMAN","Peroxiredoxin-5, mitochondrial","P30044_K102_M1_0","Acetyl (K)",0.191750155468959,0.638171204362176,0.456944594014412,6,"Not significant"
"Unstim / LPS+Nigericin","ALDOA","P04075","P04075","ALDOA_HUMAN","Fructose-bisphosphate aldolase A","P04075_K294_M1_0","Acetyl (K)",0.731869553112261,0.638501188648212,0.458184092443485,6,"Not significant"
"Unstim / LPS+Nigericin","HSPE1","P61604","P61604","CH10_HUMAN","10 kDa heat shock protein, mitochondrial","P61604_K40_M1_0","Acetyl (K)",-1.76893569803975,0.638583402266176,0.45842537885618,6,"Not significant"
"Unstim / LPS+Nigericin","AHNAK","Q09666","Q09666","AHNK_HUMAN","Neuroblast differentiation-associated protein AHNAK","Q09666_K912_M1_0","Acetyl (K)",0.616699230532545,0.639864952759174,0.462978797136848,6,"Not significant"
"Unstim / LPS+Nigericin","PDIA3","P30101","P30101","PDIA3_HUMAN","Protein disulfide-isomerase A3","P30101_K305_M1_0","Acetyl (K)",-0.312534903276231,0.641044821548951,0.467545062541169,6,"Not significant"
"Unstim / LPS+Nigericin","HSD17B4","P51659","P51659","DHB4_HUMAN","Peroxisomal multifunctional enzyme type 2","P51659_K284_M1_0","Acetyl (K)",0.581720277167099,0.642931977433321,0.473687496547919,6,"Not significant"
"Unstim / LPS+Nigericin","PPIA","P62937","P62937","PPIA_HUMAN","Peptidyl-prolyl cis-trans isomerase A","P62937_K118_M1_0","Acetyl (K)",-1.18031860292187,0.644063722018682,0.477127212988339,6,"Not significant"
"Unstim / LPS+Nigericin","HSPD1","P10809","P10809","CH60_HUMAN","60 kDa heat shock protein, mitochondrial","P10809_K269_M1_0","Acetyl (K)",1.56088583011351,0.644068711466834,0.477169868407558,6,"Not significant"
"Unstim / LPS+Nigericin","MRPL15","Q9P015","Q9P015","RM15_HUMAN","Large ribosomal subunit protein uL15m","Q9P015_K189_M1_0","Acetyl (K)",-0.5494063973052,0.644435577561427,0.478487016305948,6,"Not significant"
"Unstim / LPS+Nigericin","ATP5F1B","P06576","P06576","ATPB_HUMAN","ATP synthase subunit beta, mitochondrial","P06576_K480_M1_0","Acetyl (K)",-0.245656225994963,0.644696789200346,0.490377089475803,6,"Not significant"
"Unstim / LPS+Nigericin","H1-5","P16401","P16401","H15_HUMAN","Histone H1.5","P16401_K37_M1_0","Acetyl (K)",-0.561554179930301,0.644696789200346,0.490380614880087,6,"Not significant"
"Unstim / LPS+Nigericin","HSPA9","P38646","P38646","GRP75_HUMAN","Stress-70 protein, mitochondrial","P38646_K187_M2_0","Acetyl (K)",-6.90596988472549,0.644696789200346,0.500694394930861,4,"Not significant"
"Unstim / LPS+Nigericin","AHNAK","Q09666","Q09666","AHNK_HUMAN","Neuroblast differentiation-associated protein AHNAK","Q09666_K4415_M2_0","Acetyl (K)",-6.47809780106483,0.644696789200346,0.499330350764491,4,"Not significant"
"Unstim / LPS+Nigericin","AHNAK","Q09666","Q09666","AHNK_HUMAN","Neuroblast differentiation-associated protein AHNAK","Q09666_K1322_M1_0","Acetyl (K)",4.25236967431676,0.644696789200346,0.49438547947959,4,"Not significant"
"Unstim / LPS+Nigericin","AHNAK","Q09666","Q09666","AHNK_HUMAN","Neuroblast differentiation-associated protein AHNAK","Q09666_K2801_M1_0","Acetyl (K)",1.24427305145086,0.644696789200346,0.492402630559686,6,"Not significant"
"Unstim / LPS+Nigericin","BNIP1","Q12981","Q12981","SEC20_HUMAN","Vesicle transport protein SEC20","Q12981_K103_M1_0","Acetyl (K)",-4.48484426159455,0.644696789200346,0.502490217297482,4,"Not significant"
"Unstim / LPS+Nigericin","DDB1","Q16531","Q16531","DDB1_HUMAN","DNA damage-binding protein 1","Q16531_K723_M1_0","Acetyl (K)",0.826170476228211,0.644696789200346,0.50104897221093,6,"Not significant"
"Unstim / LPS+Nigericin","SERBP1","Q8NC51","Q8NC51","SERB1_HUMAN","SERPINE1 mRNA-binding protein 1","Q8NC51_K346_M1_0","Acetyl (K)",-1.7131204307413,0.644696789200346,0.49831262833833,6,"Not significant"
"Unstim / LPS+Nigericin","HNRNPUL1","Q9BUJ2","Q9BUJ2","HNRL1_HUMAN","Heterogeneous nuclear ribonucleoprotein U-like protein 1","Q9BUJ2_K418_M2_0","Acetyl (K)",-5.41732791542666,0.644696789200346,0.502004666608931,4,"Not significant"
"Unstim / LPS+Nigericin","MBNL1","Q9NR56","Q9NR56","MBNL1_HUMAN","Muscleblind-like protein 1","Q9NR56_K275_M1_0","Acetyl (K)",1.14149149821874,0.644696789200346,0.48385752605373,6,"Not significant"
"Unstim / LPS+Nigericin","CYRIB","Q9NUQ9","Q9NUQ9","CYRIB_HUMAN","CYFIP-related Rac1 interactor B","Q9NUQ9_K213_M1_0","Acetyl (K)",0.241000201027832,0.644696789200346,0.489202377258219,6,"Not significant"
"Unstim / LPS+Nigericin","RNH1","P13489","P13489","RINI_HUMAN","Ribonuclease inhibitor","P13489_K173_M2_0","Acetyl (K)",9.4217856256235,0.644696789200346,0.500180044959118,4,"Not significant"
"Unstim / LPS+Nigericin","FCER1G","P30273","P30273","FCERG_HUMAN","High affinity immunoglobulin epsilon receptor subunit gamma","P30273_K52_M2_0","Acetyl (K)",9.55202358080016,0.644696789200346,0.499769513221686,4,"Not significant"
"Unstim / LPS+Nigericin","GAPDH","P04406","P04406","G3P_HUMAN","Glyceraldehyde-3-phosphate dehydrogenase","P04406_K66_M1_0","Acetyl (K)",2.88733154137034,0.644696789200346,0.494729925714925,4,"Not significant"
"Unstim / LPS+Nigericin","AHNAK","Q09666","Q09666","AHNK_HUMAN","Neuroblast differentiation-associated protein AHNAK","Q09666_K4330_M2_0","Acetyl (K)",5.28148278522625,0.644733568353936,0.503569819268608,4,"Not significant"
"Unstim / LPS+Nigericin","RAB27A","P51159","P51159","RB27A_HUMAN","Ras-related protein Rab-27A","P51159_K191_M1_0","Acetyl (K)",-0.628453672626411,0.644764271610972,0.503993590039297,6,"Not significant"
"Unstim / LPS+Nigericin","TMED9","Q9BVK6","Q9BVK6","TMED9_HUMAN","Transmembrane emp24 domain-containing protein 9","Q9BVK6_K48_M1_0","Acetyl (K)",-0.113959277709628,0.645926740946507,0.510211931213806,6,"Not significant"
"Unstim / LPS+Nigericin","HSPA2","P54652","P54652","HSP72_HUMAN","Heat shock-related 70 kDa protein 2","P54652_K331_M1_0","Acetyl (K)",0.423268756842453,0.646562367114848,0.512613545581447,6,"Not significant"
"Unstim / LPS+Nigericin","CYB5R1","Q9UHQ9","Q9UHQ9","NB5R1_HUMAN","NADH-cytochrome b5 reductase 1","Q9UHQ9_K294_M1_0","Acetyl (K)",1.36654853233183,0.646995957884398,0.514099575353981,6,"Not significant"
"Unstim / LPS+Nigericin","GRPEL1","Q9HAV7","Q9HAV7","GRPE1_HUMAN","GrpE protein homolog 1, mitochondrial","Q9HAV7_K100_M2_0","Acetyl (K)",2.76282091412151,0.648801671300496,0.52066860633301,5,"Not significant"
"Unstim / LPS+Nigericin","HSPE1","P61604","P61604","CH10_HUMAN","10 kDa heat shock protein, mitochondrial","P61604_K8_M1_0","Acetyl (K)",0.28243456096733,0.649700472977928,0.523703661362404,6,"Not significant"
"Unstim / LPS+Nigericin","SQOR","Q9Y6N5","Q9Y6N5","SQOR_HUMAN","Sulfide:quinone oxidoreductase, mitochondrial","Q9Y6N5_K186_M1_0","Acetyl (K)",-0.238259566189799,0.651609317273691,0.529216630532989,6,"Not significant"
"Unstim / LPS+Nigericin","HSPA5","P11021","P11021","BIP_HUMAN","Endoplasmic reticulum chaperone BiP","P11021_K601_M1_0","Acetyl (K)",-1.23852054609924,0.65211152542718,0.530602672172473,6,"Not significant"
"Unstim / LPS+Nigericin","FLNB","O75369","O75369","FLNB_HUMAN","Filamin-B","O75369_K419_M1_0","Acetyl (K)",-0.327500130511642,0.656934476815697,0.545090893427959,6,"Not significant"
"Unstim / LPS+Nigericin","GSN","P06396","P06396","GELS_HUMAN","Gelsolin","P06396_K64_M1_0","Acetyl (K)",0.311631923177333,0.657270831087108,0.545914698285259,6,"Not significant"
"Unstim / LPS+Nigericin","SOD1","P00441","P00441","SODC_HUMAN","Superoxide dismutase [Cu-Zn]","P00441_K10_M1_0","Acetyl (K)",0.36067494424417,0.65733529734123,0.5461304454586,6,"Not significant"
"Unstim / LPS+Nigericin","TMPO","P42166","P42166","LAP2A_HUMAN","Lamina-associated polypeptide 2, isoform alpha","P42166_K34_M1_0","Acetyl (K)",0.763177294652522,0.659880290817898,0.554026620424027,6,"Not significant"
"Unstim / LPS+Nigericin","HMGB1","P09429","P09429","HMGB1_HUMAN","High mobility group protein B1","P09429_K112_M2_0","Acetyl (K)",-0.48123921282974,0.660490601049086,0.555755543929416,4,"Not significant"
"Unstim / LPS+Nigericin","HSP90AA4P","Q58FG1","Q58FG1","HS904_HUMAN","Putative heat shock protein HSP 90-alpha A4","Q58FG1_K289_M1_0","Acetyl (K)",-0.253385406803693,0.662017639444339,0.560444926564236,6,"Not significant"
"Unstim / LPS+Nigericin","MATR3","P43243","P43243","MATR3_HUMAN","Matrin-3","P43243_K269_M1_0","Acetyl (K)",-0.760726860292708,0.662697355178385,0.562269326341529,6,"Not significant"
"Unstim / LPS+Nigericin","SNRPD3","P62318","P62318","SMD3_HUMAN","Small nuclear ribonucleoprotein Sm D3","P62318_K8_M1_0","Acetyl (K)",0.509660861448637,0.663830141581222,0.565954260906934,6,"Not significant"
"Unstim / LPS+Nigericin","ECI1","P42126","P42126","ECI1_HUMAN","Enoyl-CoA delta isomerase 1, mitochondrial","P42126_K283_M1_0","Acetyl (K)",-0.193492141210759,0.665583301804499,0.571236445645457,6,"Not significant"
"Unstim / LPS+Nigericin","PGD","P52209","P52209","6PGD_HUMAN","6-phosphogluconate dehydrogenase, decarboxylating","P52209_K377_M1_0","Acetyl (K)",0.3489875504997,0.665687587318745,0.57162571993614,6,"Not significant"
"Unstim / LPS+Nigericin","CADM1","Q9BY67","Q9BY67","CADM1_HUMAN","Cell adhesion molecule 1","Q9BY67_K272_M1_0","Acetyl (K)",0.402005234463786,0.666067727633532,0.572682934737654,6,"Not significant"
"Unstim / LPS+Nigericin","UBE2V2","Q15819","Q15819","UB2V2_HUMAN","Ubiquitin-conjugating enzyme E2 variant 2","Q15819_K72_M1_0","Acetyl (K)",1.48669654650086,0.67028665729512,0.585753814827617,6,"Not significant"
"Unstim / LPS+Nigericin","P4HB","P07237","P07237","PDIA1_HUMAN","Protein disulfide-isomerase","P07237_K162_M1_0","Acetyl (K)",-0.591755896666573,0.671218186208942,0.588583546570514,6,"Not significant"
"Unstim / LPS+Nigericin","FABP5","Q01469","Q01469","FABP5_HUMAN","Fatty acid-binding protein 5","Q01469_K24_M1_0","Acetyl (K)",1.28537921653504,0.673650362442125,0.596131786798547,6,"Not significant"
"Unstim / LPS+Nigericin","PPA2","Q9H2U2","Q9H2U2","IPYR2_HUMAN","Inorganic pyrophosphatase 2, mitochondrial","Q9H2U2_K282_M1_0","Acetyl (K)",0.2514720616918,0.674080802462783,0.5975215528477,6,"Not significant"
"Unstim / LPS+Nigericin","CHTOP","Q9Y3Y2","Q9Y3Y2","CHTOP_HUMAN","Chromatin target of PRMT1 protein","Q9Y3Y2_K213_M1_0","Acetyl (K)",1.40767256892677,0.675803844065264,0.602282030487028,6,"Not significant"
"Unstim / LPS+Nigericin","PRKCSH","P14314","P14314","GLU2B_HUMAN","Glucosidase 2 subunit beta","P14314_K180_M1_0","Acetyl (K)",0.150948943191101,0.676615340016561,0.604678188092003,6,"Not significant"
"Unstim / LPS+Nigericin","ANXA2","P07355","P07355","ANXA2_HUMAN","Annexin A2","P07355_K49_M1_0","Acetyl (K)",-0.204256377239045,0.678949843034598,0.611884219943387,6,"Not significant"
"Unstim / LPS+Nigericin","DLST","P36957","P36957","ODO2_HUMAN","Dihydrolipoyllysine-residue succinyltransferase component of 2-oxoglutarate dehydrogenase complex, mitochondrial","P36957_K239_M1_0","Acetyl (K)",0.576526223277156,0.679451031214138,0.613392519586863,6,"Not significant"
"Unstim / LPS+Nigericin","RPS8","P62241","P62241","RS8_HUMAN","Small ribosomal subunit protein eS8","P62241_K125_M2_0","Acetyl (K)",-0.187274351909841,0.680128877924389,0.615389641056375,4,"Not significant"
"Unstim / LPS+Nigericin","VDAC3","Q9Y277","Q9Y277","VDAC3_HUMAN","Voltage-dependent anion-selective channel protein 3","Q9Y277_K63_M1_0","Acetyl (K)",0.778840074522248,0.682231083414624,0.621729616167135,6,"Not significant"
"Unstim / LPS+Nigericin","ANXA2","P07355","P07355","ANXA2_HUMAN","Annexin A2","P07355_K157_M1_0","Acetyl (K)",-0.107331522070217,0.683812143510698,0.62649990320173,6,"Not significant"
"Unstim / LPS+Nigericin","RPL22","P35268","P35268","RL22_HUMAN","Large ribosomal subunit protein eL22","P35268_K67_M2_0","Acetyl (K)",-0.239790014136723,0.684819426876984,0.629405358087354,5,"Not significant"
"Unstim / LPS+Nigericin","SH3BGRL3","Q9H299","Q9H299","SH3L3_HUMAN","SH3 domain-binding glutamic acid-rich-like protein 3","Q9H299_K31_M1_0","Acetyl (K)",-0.66068287978123,0.688170922823481,0.640362437907321,6,"Not significant"
"Unstim / LPS+Nigericin","AHSG","Cont_P12763","Cont_P12763","FETUA_BOVIN","Alpha-2-HS-glycoprotein","Cont_P12763_K120_M1_0","Acetyl (K)",-0.333650018421452,0.688526742558692,0.641560081001069,6,"Not significant"
"Unstim / LPS+Nigericin","HMGA1","P17096","P17096","HMGA1_HUMAN","High mobility group protein HMG-I/HMG-Y","P17096_K15_M2_0","Acetyl (K)",1.40774348946069,0.689392223351962,0.644548492398376,5,"Not significant"
"Unstim / LPS+Nigericin","HSPA9","P38646","P38646","GRP75_HUMAN","Stress-70 protein, mitochondrial","P38646_K498_M1_0","Acetyl (K)",0.163589757018534,0.689396487066062,0.644573275164785,6,"Not significant"
"Unstim / LPS+Nigericin","CLN5","O75503","O75503","CLN5_HUMAN","Ceroid-lipofuscinosis neuronal protein 5","O75503_K340_M1_0","Acetyl (K)",-0.514754242707822,0.690381500357147,0.647399412911084,6,"Not significant"
"Unstim / LPS+Nigericin","NCL","P19338","P19338","NUCL_HUMAN","Nucleolin","P19338_K537_M1_0","Acetyl (K)",0.219828321779475,0.691069295864131,0.649481362802345,6,"Not significant"
"Unstim / LPS+Nigericin","SUB1","P53999","P53999","TCP4_HUMAN","Activated RNA polymerase II transcriptional coactivator p15","P53999_K114_M1_0","Acetyl (K)",-0.236811413001701,0.691112332907793,0.649644645864677,6,"Not significant"
"Unstim / LPS+Nigericin","RALY","Q9UKM9","Q9UKM9","RALY_HUMAN","RNA-binding protein Raly","Q9UKM9_K224_M1_0","Acetyl (K)",1.07062674036272,0.691801049216079,0.651593420998196,6,"Not significant"
"Unstim / LPS+Nigericin","STIP1","P31948","P31948","STIP1_HUMAN","Stress-induced-phosphoprotein 1","P31948_K462_M1_0","Acetyl (K)",0.530800129739966,0.692196477204442,0.652732728216572,6,"Not significant"
"Unstim / LPS+Nigericin","HNRNPM","P52272","P52272","HNRPM_HUMAN","Heterogeneous nuclear ribonucleoprotein M","P52272_K145_M1_0","Acetyl (K)",0.406354400064113,0.692979973930737,0.655180465760722,6,"Not significant"
"Unstim / LPS+Nigericin","AHNAK","Q09666","Q09666","AHNK_HUMAN","Neuroblast differentiation-associated protein AHNAK","Q09666_K584_M1_0","Acetyl (K)",0.211676188762969,0.692982557800282,0.655183974098778,6,"Not significant"
"Unstim / LPS+Nigericin","HSP90AB1","P08238","P08238","HS90B_HUMAN","Heat shock protein HSP 90-beta","P08238_K491_M1_0","Acetyl (K)",1.12816510819296,0.693721050772924,0.657339197336996,6,"Not significant"
"Unstim / LPS+Nigericin","HSPA6","P17066","P17066","HSP76_HUMAN","Heat shock 70 kDa protein 6","P17066_K161_M1_0","Acetyl (K)",0.250800855484445,0.694402282063724,0.659345908816474,6,"Not significant"
"Unstim / LPS+Nigericin","RNH1","P13489","P13489","RINI_HUMAN","Ribonuclease inhibitor","P13489_K283_M2_0","Acetyl (K)",1.27796513525685,0.695533888545058,0.663263849603624,4,"Not significant"
"Unstim / LPS+Nigericin","NUP98","P52948","P52948","NUP98_HUMAN","Nuclear pore complex protein Nup98-Nup96","P52948_K757_M1_0","Acetyl (K)",0.50445903782678,0.69574810415581,0.66403999367233,6,"Not significant"
"Unstim / LPS+Nigericin","HNRNPU","Q00839","Q00839","HNRPU_HUMAN","Heterogeneous nuclear ribonucleoprotein U","Q00839_K436_M1_0","Acetyl (K)",0.258942542497733,0.695959437193675,0.664548933443498,6,"Not significant"
"Unstim / LPS+Nigericin","RPL23A","P62750","P62750","RL23A_HUMAN","Large ribosomal subunit protein uL23","P62750_K78_M1_0","Acetyl (K)",1.03198483649567,0.696288067197787,0.665818049741762,6,"Not significant"
"Unstim / LPS+Nigericin","MRPL44","Q9H9J2","Q9H9J2","RM44_HUMAN","Large ribosomal subunit protein mL44","Q9H9J2_K112_M1_0","Acetyl (K)",-0.415500261677696,0.698680821068705,0.673441996883582,6,"Not significant"
"Unstim / LPS+Nigericin","LMNA","P02545","P02545","LMNA_HUMAN","Prelamin-A/C","P02545_K78_M1_0","Acetyl (K)",0.175976715029296,0.699618645195936,0.676648294849876,6,"Not significant"
"Unstim / LPS+Nigericin","CALR","P27797","P27797","CALR_HUMAN","Calreticulin","P27797_K164_M1_0","Acetyl (K)",0.181067417412131,0.6997223020868,0.677018099786993,6,"Not significant"
"Unstim / LPS+Nigericin","AKAP8","O43823","O43823","AKAP8_HUMAN","A-kinase anchor protein 8","O43823_K475_M1_0","Acetyl (K)",0.374428630117018,0.700299201044545,0.678822612295485,6,"Not significant"
"Unstim / LPS+Nigericin","CDC42","P60953","P60953","CDC42_HUMAN","Cell division control protein 42 homolog","P60953_K5_M1_0","Acetyl (K)",0.409775354816516,0.700367553574793,0.679071044067423,6,"Not significant"
"Unstim / LPS+Nigericin","DENND4C","Q5VZ89","Q5VZ89","DEN4C_HUMAN","DENN domain-containing protein 4C","Q5VZ89_K347_M1_0","Acetyl (K)",-0.233224281477419,0.701486760350413,0.68282887427832,6,"Not significant"
"Unstim / LPS+Nigericin","ALDOC","P09972","P09972","ALDOC_HUMAN","Fructose-bisphosphate aldolase C","P09972_K108_M2_0","Acetyl (K)",0.25274508285504,0.7016122188507,0.683225848703992,4,"Not significant"
"Unstim / LPS+Nigericin","RPLP0","P05388","P05388","RLA0_HUMAN","Large ribosomal subunit protein uL10","P05388_K26_M1_0","Acetyl (K)",-0.213823559328983,0.705060535920491,0.694367601828011,6,"Not significant"
"Unstim / LPS+Nigericin","ACTB","Cont_P60712;P60709","Cont_P60712;P60709","ACTB_BOVIN;ACTB_HUMAN","Actin, cytoplasmic 1;Actin, cytoplasmic 1","Cont_P60712_K315_M1_0","Acetyl (K)",-0.210042138660637,0.706804039392062,0.699659259168578,6,"Not significant"
"Unstim / LPS+Nigericin","ACTB","Cont_P60712;P60709","Cont_P60712;P60709","ACTB_BOVIN;ACTB_HUMAN","Actin, cytoplasmic 1;Actin, cytoplasmic 1","P60709_K315_M1_0","Acetyl (K)",-0.210042138660637,0.706804039392062,0.699659259168578,6,"Not significant"
"Unstim / LPS+Nigericin","ERP44","Q9BS26","Q9BS26","ERP44_HUMAN","Endoplasmic reticulum resident protein 44","Q9BS26_K313_M1_0","Acetyl (K)",0.603008597671869,0.707439729096009,0.701691573286735,6,"Not significant"
"Unstim / LPS+Nigericin","PEX1","O43933","O43933","PEX1_HUMAN","Peroxisomal ATPase PEX1","O43933_K933_M1_0","Acetyl (K)",-0.504331470803061,0.708928216169225,0.706766382977787,6,"Not significant"
"Unstim / LPS+Nigericin","ITGB2","P05107","P05107","ITB2_HUMAN","Integrin beta-2","P05107_K379_M1_0","Acetyl (K)",-0.0333957767057055,0.709245453995281,0.70778932415743,6,"Not significant"
"Unstim / LPS+Nigericin","HMGB1","P09429","P09429","HMGB1_HUMAN","High mobility group protein B1","P09429_K114_M1_0","Acetyl (K)",0.549501750679615,0.711640569552501,0.715740768340795,6,"Not significant"
"Unstim / LPS+Nigericin","HSP90AA1","P07900","P07900","HS90A_HUMAN","Heat shock protein HSP 90-alpha","P07900_K499_M1_0","Acetyl (K)",0.866343120489178,0.712082484866567,0.717361146760638,6,"Not significant"
"Unstim / LPS+Nigericin","ACTA1","Cont_P68138;P68133","Cont_P68138;P68133","ACTS_BOVIN;ACTS_HUMAN","Actin, alpha skeletal muscle;Actin, alpha skeletal muscle","Cont_P68138_K293_M1_0","Acetyl (K)",0.6647115805233,0.714084417875008,0.724014017223711,6,"Not significant"
"Unstim / LPS+Nigericin","ACTA1","Cont_P68138;P68133","Cont_P68138;P68133","ACTS_BOVIN;ACTS_HUMAN","Actin, alpha skeletal muscle;Actin, alpha skeletal muscle","P68133_K293_M1_0","Acetyl (K)",0.6647115805233,0.714084417875008,0.724014017223711,6,"Not significant"
"Unstim / LPS+Nigericin","THBD","P07204","P07204","TRBM_HUMAN","Thrombomodulin","P07204_K559_M1_0","Acetyl (K)",0.294299653745679,0.714084417875008,0.724031483288416,6,"Not significant"
"Unstim / LPS+Nigericin","S100A4","P26447","P26447","S10A4_HUMAN","Protein S100-A4","P26447_K7_M1_0","Acetyl (K)",0.206189688893259,0.715579704405103,0.72900704151066,6,"Not significant"
"Unstim / LPS+Nigericin","HNRNPU","Q00839","Q00839","HNRPU_HUMAN","Heterogeneous nuclear ribonucleoprotein U","Q00839_K186_M2_0","Acetyl (K)",-0.270240573674179,0.71592376038382,0.730072995114469,6,"Not significant"
"Unstim / LPS+Nigericin","HNRNPU","Q00839","Q00839","HNRPU_HUMAN","Heterogeneous nuclear ribonucleoprotein U","Q00839_K181_M2_0","Acetyl (K)",-0.270240573674179,0.71592376038382,0.730072995114469,6,"Not significant"
"Unstim / LPS+Nigericin","CANX","P27824","P27824","CALX_HUMAN","Calnexin","P27824_K398_M1_0","Acetyl (K)",-0.286813872741781,0.717351680850742,0.734702271379953,6,"Not significant"
"Unstim / LPS+Nigericin","DBT","P11182","P11182","ODB2_HUMAN","Lipoamide acyltransferase component of branched-chain alpha-keto acid dehydrogenase complex, mitochondrial","P11182_K468_M1_0","Acetyl (K)",0.523966805408454,0.717833792826912,0.736170617739843,6,"Not significant"
"Unstim / LPS+Nigericin","ATP6V1E1","P36543","P36543","VATE1_HUMAN","V-type proton ATPase subunit E 1","P36543_K191_M2_0","Acetyl (K)",-0.302768815269913,0.718100222704022,0.737348527909014,6,"Not significant"
"Unstim / LPS+Nigericin","ATP6V1E1","P36543","P36543","VATE1_HUMAN","V-type proton ATPase subunit E 1","P36543_K189_M2_0","Acetyl (K)",-0.302768815269913,0.718100222704022,0.737348527909014,6,"Not significant"
"Unstim / LPS+Nigericin","MSN","P26038","P26038","MOES_HUMAN","Moesin","P26038_K193_M1_0","Acetyl (K)",0.168480143251982,0.718916126455223,0.739932278976902,6,"Not significant"
"Unstim / LPS+Nigericin","MBD2","Q9UBB5","Q9UBB5","MBD2_HUMAN","Methyl-CpG-binding domain protein 2","Q9UBB5_K382_M1_0","Acetyl (K)",-0.501946335451538,0.718924404493481,0.739958125489965,6,"Not significant"
"Unstim / LPS+Nigericin","CEBPB","P17676","P17676","CEBPB_HUMAN","CCAAT/enhancer-binding protein beta","P17676_K132_M2_0","Acetyl (K)",0.216797301307909,0.720416649306029,0.744659473988531,5,"Not significant"
"Unstim / LPS+Nigericin","EEF2","P13639","P13639","EF2_HUMAN","Elongation factor 2","P13639_K648_M1_0","Acetyl (K)",0.315987352971645,0.720762433398747,0.745763804816688,6,"Not significant"
"Unstim / LPS+Nigericin","LGALS1","P09382","P09382","LEG1_HUMAN","Galectin-1","P09382_K64_M1_0","Acetyl (K)",-0.371057334127307,0.721554493648091,0.748534479711466,6,"Not significant"
"Unstim / LPS+Nigericin","TMSB4X","P62328","P62328","TYB4_HUMAN","Thymosin beta-4","P62328_K4_M1_0","Acetyl (K)",0.583091288833695,0.722948528662901,0.753714360434876,6,"Not significant"
"Unstim / LPS+Nigericin","HSP90B1","P14625","P14625","ENPL_HUMAN","Endoplasmin","P14625_K702_M2_0","Acetyl (K)",-0.0870221573455048,0.723341822317054,0.754916116898898,5,"Not significant"
"Unstim / LPS+Nigericin","RPS6","P62753","P62753","RS6_HUMAN","Small ribosomal subunit protein eS6","P62753_K119_M1_0","Acetyl (K)",-0.488833336968103,0.723458956116579,0.755299745764092,6,"Not significant"
"Unstim / LPS+Nigericin","PECAM1","P16284","P16284","PECA1_HUMAN","Platelet endothelial cell adhesion molecule","P16284_K564_M1_0","Acetyl (K)",-0.173205571795977,0.724729954219582,0.759610257790681,6,"Not significant"
"Unstim / LPS+Nigericin","INPP5D","Q92835","Q92835","SHIP1_HUMAN","Phosphatidylinositol 3,4,5-trisphosphate 5-phosphatase 1","Q92835_K200_M1_0","Acetyl (K)",-0.221490440320543,0.726446908378853,0.765672268712311,6,"Not significant"
"Unstim / LPS+Nigericin","NDUFV2","P19404","P19404","NDUV2_HUMAN","NADH dehydrogenase [ubiquinone] flavoprotein 2, mitochondrial","P19404_K239_M1_0","Acetyl (K)",-0.0742842631791702,0.726614640513388,0.766299300742266,6,"Not significant"
"Unstim / LPS+Nigericin","RAB1B","Q9H0U4","Q9H0U4","RAB1B_HUMAN","Ras-related protein Rab-1B","Q9H0U4_K58_M2_0","Acetyl (K)",0.0791777656404647,0.727718480143585,0.770156175466316,6,"Not significant"
"Unstim / LPS+Nigericin","RAB1B","Q9H0U4","Q9H0U4","RAB1B_HUMAN","Ras-related protein Rab-1B","Q9H0U4_K55_M2_0","Acetyl (K)",0.0791777656404647,0.727718480143585,0.770156175466316,6,"Not significant"
"Unstim / LPS+Nigericin","CAP1","Q01518","Q01518","CAP1_HUMAN","Adenylyl cyclase-associated protein 1","Q01518_K316_M2_0","Acetyl (K)",-0.239748664120198,0.729068775484182,0.774919941744352,4,"Not significant"
"Unstim / LPS+Nigericin","ALDOA","P04075","P04075","ALDOA_HUMAN","Fructose-bisphosphate aldolase A","P04075_K230_M1_0","Acetyl (K)",0.288091984309867,0.729527352954022,0.776449454601015,6,"Not significant"
"Unstim / LPS+Nigericin","AHNAK","Q09666","Q09666","AHNK_HUMAN","Neuroblast differentiation-associated protein AHNAK","Q09666_K5725_M2_0","Acetyl (K)",-0.428212531646185,0.730005608601976,0.778083797796734,6,"Not significant"
"Unstim / LPS+Nigericin","RAB14","P61106","P61106","RAB14_HUMAN","Ras-related protein Rab-14","P61106_K59_M2_0","Acetyl (K)",0.666362526388864,0.730343317505357,0.779410775011252,5,"Not significant"
"Unstim / LPS+Nigericin","NIF3L1","Q9GZT8","Q9GZT8","NIF3L_HUMAN","NIF3-like protein 1","Q9GZT8_K187_M1_0","Acetyl (K)",-0.266432882412596,0.730586657548383,0.780212878193245,6,"Not significant"
"Unstim / LPS+Nigericin","PDIA3","P30101","P30101","PDIA3_HUMAN","Protein disulfide-isomerase A3","P30101_K252_M1_0","Acetyl (K)",-0.0670391315934228,0.730612215872853,0.780296586580082,6,"Not significant"
"Unstim / LPS+Nigericin","HMGB2","P26583","P26583","HMGB2_HUMAN","High mobility group protein B2","P26583_K43_M1_0","Acetyl (K)",0.577006087555629,0.731005717504113,0.781876173203152,6,"Not significant"
"Unstim / LPS+Nigericin","TPI1","P60174","P60174","TPIS_HUMAN","Triosephosphate isomerase","P60174_K238_M1_0","Acetyl (K)",0.172192416552383,0.732821331647129,0.788732445304861,6,"Not significant"
"Unstim / LPS+Nigericin","TACC1","O75410","O75410","TACC1_HUMAN","Transforming acidic coiled-coil-containing protein 1","O75410_K471_M1_0","Acetyl (K)",-0.492971191267707,0.73315649113405,0.790009996397135,6,"Not significant"
"Unstim / LPS+Nigericin","HSPA2","P54652","P54652","HSP72_HUMAN","Heat shock-related 70 kDa protein 2","P54652_K139_M2_0","Acetyl (K)",-0.58193337024813,0.734071433654505,0.793321176360817,4,"Not significant"
"Unstim / LPS+Nigericin","PNP","P00491","P00491","PNPH_HUMAN","Purine nucleoside phosphorylase","P00491_K41_M1_0","Acetyl (K)",0.148848458339132,0.734236354824139,0.79399568375024,6,"Not significant"
"Unstim / LPS+Nigericin","CD83","Q01151","Q01151","CD83_HUMAN","CD83 antigen","Q01151_K201_M1_0","Acetyl (K)",-0.0852718824908673,0.736262696285876,0.800628176739083,6,"Not significant"
"Unstim / LPS+Nigericin","P4HB","P07237","P07237","PDIA1_HUMAN","Protein disulfide-isomerase","P07237_K409_M1_0","Acetyl (K)",-0.27727632589352,0.736848924799845,0.802590497100333,6,"Not significant"
"Unstim / LPS+Nigericin","CANX","P27824","P27824","CALX_HUMAN","Calnexin","P27824_K193_M2_0","Acetyl (K)",0.114799221546524,0.736865414545285,0.802652640211773,6,"Not significant"
"Unstim / LPS+Nigericin","SNRNP70","P08621","P08621","RU17_HUMAN","U1 small nuclear ribonucleoprotein 70 kDa","P08621_K32_M1_0","Acetyl (K)",0.151205742022064,0.737036351713078,0.803307957969077,6,"Not significant"
"Unstim / LPS+Nigericin","LMNB1","P20700","P20700","LMNB1_HUMAN","Lamin-B1","P20700_K241_M1_0","Acetyl (K)",-0.295029456806008,0.739266756581592,0.811531997722132,6,"Not significant"
"Unstim / LPS+Nigericin","GPD2","P43304","P43304","GPDM_HUMAN","Glycerol-3-phosphate dehydrogenase, mitochondrial","P43304_K271_M1_0","Acetyl (K)",-0.221822317667294,0.73991625233614,0.813864834512155,6,"Not significant"
"Unstim / LPS+Nigericin","DEK","P35659","P35659","DEK_HUMAN","Protein DEK","P35659_K331_M2_0","Acetyl (K)",-0.296022076312405,0.740473108242353,0.816046709370049,4,"Not significant"
"Unstim / LPS+Nigericin","DNAJA1","P31689","P31689","DNJA1_HUMAN","DnaJ homolog subfamily A member 1","P31689_K105_M1_0","Acetyl (K)",-0.214042699617437,0.742492206564633,0.823344752986119,6,"Not significant"
"Unstim / LPS+Nigericin","DDX18","Q9NVP1","Q9NVP1","DDX18_HUMAN","ATP-dependent RNA helicase DDX18","Q9NVP1_K126_M1_0","Acetyl (K)",0.38852803692817,0.742816894862498,0.824620193837959,6,"Not significant"
"Unstim / LPS+Nigericin","TMSB10","P63313","P63313","TYB10_HUMAN","Thymosin beta-10","P63313_K32_M1_0","Acetyl (K)",0.146895725522198,0.74316080217977,0.825825296157721,6,"Not significant"
"Unstim / LPS+Nigericin","DLST","P36957","P36957","ODO2_HUMAN","Dihydrolipoyllysine-residue succinyltransferase component of 2-oxoglutarate dehydrogenase complex, mitochondrial","P36957_K74_M2_0","Acetyl (K)",-0.44901144989461,0.744047652866164,0.829300874816151,4,"Not significant"
"Unstim / LPS+Nigericin","CAPZB","P47756","P47756","CAPZB_HUMAN","F-actin-capping protein subunit beta","P47756_K78_M1_0","Acetyl (K)",0.244374520400206,0.745317633322166,0.834082837937153,6,"Not significant"
"Unstim / LPS+Nigericin","RAP2C","Q9Y3L5","Q9Y3L5","RAP2C_HUMAN","Ras-related protein Rap-2c","Q9Y3L5_K108_M1_0","Acetyl (K)",-0.0734721450831791,0.74661662817739,0.839422177116747,6,"Not significant"
"Unstim / LPS+Nigericin","BANF1","O75531","O75531","BAF_HUMAN","Barrier-to-autointegration factor","O75531_K18_M1_0","Acetyl (K)",-0.381931966551016,0.74714722491589,0.841294286277273,6,"Not significant"
"Unstim / LPS+Nigericin","SMARCC2","Q8TAQ2","Q8TAQ2","SMRC2_HUMAN","SWI/SNF complex subunit SMARCC2","Q8TAQ2_K898_M1_0","Acetyl (K)",0.0416960384012095,0.749042675757833,0.848408407938546,6,"Not significant"
"Unstim / LPS+Nigericin","H2BC12L","P57053","P57053","H2BFS_HUMAN","Histone H2B type F-S","P57053_K44_M1_0","Acetyl (K)",-0.122122272140322,0.749259574837089,0.849231732284394,6,"Not significant"
"Unstim / LPS+Nigericin","HNRNPA3","P51991","P51991","ROA3_HUMAN","Heterogeneous nuclear ribonucleoprotein A3","P51991_K99_M1_0","Acetyl (K)",0.404462991565306,0.749662609840721,0.850583979703158,6,"Not significant"
"Unstim / LPS+Nigericin","CFL1","P23528","P23528","COF1_HUMAN","Cofilin-1","P23528_K53_M2_0","Acetyl (K)",-0.143511427956322,0.749773131704964,0.851030304247823,4,"Not significant"
"Unstim / LPS+Nigericin","RPL31","P62899","P62899","RL31_HUMAN","Large ribosomal subunit protein eL31","P62899_K12_M1_0","Acetyl (K)",-0.208454083908164,0.750258356984253,0.853025937401069,6,"Not significant"
"Unstim / LPS+Nigericin","RPS15","P62841","P62841","RS15_HUMAN","Small ribosomal subunit protein uS19","P62841_K108_M1_0","Acetyl (K)",-0.282244282989127,0.752444958592172,0.861373819356005,6,"Not significant"
"Unstim / LPS+Nigericin","HSPA2","P54652","P54652","HSP72_HUMAN","Heat shock-related 70 kDa protein 2","P54652_K331_M2_0","Acetyl (K)",-0.361692300282444,0.752764780707257,0.862706690424782,6,"Not significant"
"Unstim / LPS+Nigericin","HSPA2","P54652","P54652","HSP72_HUMAN","Heat shock-related 70 kDa protein 2","P54652_K328_M2_0","Acetyl (K)",-0.361692300282444,0.752764780707257,0.862706690424782,6,"Not significant"
"Unstim / LPS+Nigericin","DHRS9","Q9BPW9","Q9BPW9","DHRS9_HUMAN","Dehydrogenase/reductase SDR family member 9","Q9BPW9_K223_M2_0","Acetyl (K)",0.0728012768250222,0.753990189574479,0.867589936626541,6,"Not significant"
"Unstim / LPS+Nigericin","DHRS9","Q9BPW9","Q9BPW9","DHRS9_HUMAN","Dehydrogenase/reductase SDR family member 9","Q9BPW9_K222_M2_0","Acetyl (K)",0.0728012768250222,0.753990189574479,0.867589936626541,6,"Not significant"
"Unstim / LPS+Nigericin","FERMT3","Q86UX7","Q86UX7","URP2_HUMAN","Fermitin family homolog 3","Q86UX7_K166_M1_0","Acetyl (K)",0.178391400666915,0.757755486432541,0.882121953137825,6,"Not significant"
"Unstim / LPS+Nigericin","MDH2","P40926","P40926","MDHM_HUMAN","Malate dehydrogenase, mitochondrial","P40926_K215_M1_0","Acetyl (K)",0.187729159017935,0.757932091407216,0.882718372175756,6,"Not significant"
"Unstim / LPS+Nigericin","LRRC59","Q96AG4","Q96AG4","LRC59_HUMAN","Leucine-rich repeat-containing protein 59","Q96AG4_K33_M1_0","Acetyl (K)",-0.0550942767422167,0.75878647484521,0.885997147856944,6,"Not significant"
"Unstim / LPS+Nigericin","AHSG","Cont_P12763","Cont_P12763","FETUA_BOVIN","Alpha-2-HS-glycoprotein","Cont_P12763_K57_M1_0","Acetyl (K)",0.164135405288649,0.76055892822152,0.893328462709657,6,"Not significant"
"Unstim / LPS+Nigericin","LTA4H","P09960","P09960","LKHA4_HUMAN","Leukotriene A-4 hydrolase","P09960_K127_M1_0","Acetyl (K)",0.0658280000930308,0.7609176378902,0.894828771409253,6,"Not significant"
"Unstim / LPS+Nigericin","RANBP2","P49792","P49792","RBP2_HUMAN","E3 SUMO-protein ligase RanBP2","P49792_K1812_M1_0","Acetyl (K)",-0.0428044939087075,0.761827397896726,0.898520810837442,6,"Not significant"
"Unstim / LPS+Nigericin","RNH1","P13489","P13489","RINI_HUMAN","Ribonuclease inhibitor","P13489_K46_M1_0","Acetyl (K)",-0.121887999993202,0.762020652714274,0.899291168702779,6,"Not significant"
"Unstim / LPS+Nigericin","SQOR","Q9Y6N5","Q9Y6N5","SQOR_HUMAN","Sulfide:quinone oxidoreductase, mitochondrial","Q9Y6N5_K125_M1_0","Acetyl (K)",-0.0375517423484034,0.764054613366098,0.907588873736153,6,"Not significant"
"Unstim / LPS+Nigericin","SP9","P0CG40","P0CG40","SP9_HUMAN","Transcription factor Sp9","P0CG40_K475_M1_0","Acetyl (K)",0.206392370498059,0.764683185458044,0.910026811652997,6,"Not significant"
"Unstim / LPS+Nigericin","DPYSL2","Q16555","Q16555","DPYL2_HUMAN","Dihydropyrimidinase-related protein 2","Q16555_K374_M1_0","Acetyl (K)",0.0629613421220824,0.765432826392535,0.912981860487636,6,"Not significant"
"Unstim / LPS+Nigericin","AHNAK","Q09666","Q09666","AHNK_HUMAN","Neuroblast differentiation-associated protein AHNAK","Q09666_K1024_M2_0","Acetyl (K)",-0.0594443695712561,0.76572473228529,0.914116222175206,5,"Not significant"
"Unstim / LPS+Nigericin","ACTB","Cont_P60712;P60709","Cont_P60712;P60709","ACTB_BOVIN;ACTB_HUMAN","Actin, cytoplasmic 1;Actin, cytoplasmic 1","Cont_P60712_K291_M1_0","Acetyl (K)",0.181179232303222,0.766760320935813,0.918637735138038,6,"Not significant"
"Unstim / LPS+Nigericin","ACTB","Cont_P60712;P60709","Cont_P60712;P60709","ACTB_BOVIN;ACTB_HUMAN","Actin, cytoplasmic 1;Actin, cytoplasmic 1","P60709_K291_M1_0","Acetyl (K)",0.181179232303222,0.766760320935813,0.918637735138038,6,"Not significant"
"Unstim / LPS+Nigericin","HMGB3","O15347","O15347","HMGB3_HUMAN","High mobility group protein B3","O15347_K112_M1_0","Acetyl (K)",-0.0796537596983837,0.767233554838098,0.920316939854352,6,"Not significant"
"Unstim / LPS+Nigericin","AHNAK","Q09666","Q09666","AHNK_HUMAN","Neuroblast differentiation-associated protein AHNAK","Q09666_K2619_M1_0","Acetyl (K)",0.177734220026895,0.768709280196686,0.926644238963535,6,"Not significant"
"Unstim / LPS+Nigericin","P4HA1","P13674","P13674","P4HA1_HUMAN","Prolyl 4-hydroxylase subunit alpha-1","P13674_K353_M1_0","Acetyl (K)",0.108400058615765,0.769617352285226,0.930426854227748,6,"Not significant"
"Unstim / LPS+Nigericin","ACTB","Cont_P60712;P60709","Cont_P60712;P60709","ACTB_BOVIN;ACTB_HUMAN","Actin, cytoplasmic 1;Actin, cytoplasmic 1","Cont_P60712_K215_M1_0","Acetyl (K)",-0.177543794636316,0.769641075299187,0.930623211418816,6,"Not significant"
"Unstim / LPS+Nigericin","ACTB","Cont_P60712;P60709","Cont_P60712;P60709","ACTB_BOVIN;ACTB_HUMAN","Actin, cytoplasmic 1;Actin, cytoplasmic 1","P60709_K215_M1_0","Acetyl (K)",-0.177543794636316,0.769641075299187,0.930623211418816,6,"Not significant"
"Unstim / LPS+Nigericin","P4HB","P07237","P07237","PDIA1_HUMAN","Protein disulfide-isomerase","P07237_K370_M2_0","Acetyl (K)",-0.0724118608531542,0.77016759118384,0.932893370288775,4,"Not significant"
"Unstim / LPS+Nigericin","IMMT","Q16891","Q16891","MIC60_HUMAN","MICOS complex subunit MIC60","Q16891_K84_M1_0","Acetyl (K)",-0.127825052948978,0.77194104951841,0.940576705398544,6,"Not significant"
"Unstim / LPS+Nigericin","RAB10","P61026","P61026","RAB10_HUMAN","Ras-related protein Rab-10","P61026_K177_M1_0","Acetyl (K)",-0.0713491867240481,0.772362341157425,0.942157126113943,6,"Not significant"
"Unstim / LPS+Nigericin","TIMM13","Q9Y5L4","Q9Y5L4","TIM13_HUMAN","Mitochondrial import inner membrane translocase subunit Tim13","Q9Y5L4_K53_M1_0","Acetyl (K)",0.131560154492794,0.772439009964009,0.942489171108909,6,"Not significant"
"Unstim / LPS+Nigericin","TAGLN2","P37802","P37802","TAGL2_HUMAN","Transgelin-2","P37802_K171_M1_0","Acetyl (K)",0.0599742928143969,0.772897810817408,0.944303791733022,6,"Not significant"
"Unstim / LPS+Nigericin","HSPA8","P11142","P11142","HSP7C_HUMAN","Heat shock cognate 71 kDa protein","P11142_K328_M2_0","Acetyl (K)",-0.121274711703986,0.772926165141892,0.944461297265115,4,"Not significant"
"Unstim / LPS+Nigericin","SRP72","O76094","O76094","SRP72_HUMAN","Signal recognition particle subunit SRP72","O76094_K515_M1_0","Acetyl (K)",0.123587886302026,0.773943993621089,0.948962344008765,6,"Not significant"
"Unstim / LPS+Nigericin","PPP2R2A","P63151","P63151","2ABA_HUMAN","Serine/threonine-protein phosphatase 2A 55 kDa regulatory subunit B alpha isoform","P63151_K445_M1_0","Acetyl (K)",0.0255579550298212,0.77534390186283,0.954662764646378,6,"Not significant"
"Unstim / LPS+Nigericin","S100A10","P60903","P60903","S10AA_HUMAN","Protein S100-A10","P60903_K18_M2_0","Acetyl (K)",0.0280858879362427,0.775809231441877,0.956810074997353,5,"Not significant"
"Unstim / LPS+Nigericin","NOP58","Q9Y2X3","Q9Y2X3","NOP58_HUMAN","Nucleolar protein 58","Q9Y2X3_K310_M1_0","Acetyl (K)",0.049016806865755,0.777798779085918,0.965511996667285,6,"Not significant"
"Unstim / LPS+Nigericin","HNRNPDL","O14979","O14979","HNRDL_HUMAN","Heterogeneous nuclear ribonucleoprotein D-like","O14979_K180_M1_0","Acetyl (K)",-0.0909356179993881,0.777900762668084,0.966033904637899,6,"Not significant"
"Unstim / LPS+Nigericin","M6PR","P20645","P20645","MPRD_HUMAN","Cation-dependent mannose-6-phosphate receptor","P20645_K44_M1_0","Acetyl (K)",0.00533086101537947,0.778201446639696,0.967335691788841,5,"Not significant"
"Unstim / LPS+Nigericin","P4HB","P07237","P07237","PDIA1_HUMAN","Protein disulfide-isomerase","P07237_K415_M1_0","Acetyl (K)",-0.0453302832086069,0.778318096507787,0.967834181805248,6,"Not significant"
"Unstim / LPS+Nigericin","TCOF1","Q13428","Q13428","TCOF_HUMAN","Treacle protein","Q13428_K502_M1_0","Acetyl (K)",0.0185445758309745,0.77874766527654,0.96976538171943,5,"Not significant"
"Unstim / LPS+Nigericin","ADGRE2","Q9UHX3","Q9UHX3","AGRE2_HUMAN","Adhesion G protein-coupled receptor E2","Q9UHX3_K255_M1_0","Acetyl (K)",-0.069125989518005,0.779855362145914,0.974512158950306,6,"Not significant"
"Unstim / LPS+Nigericin","AHNAK","Q09666","Q09666","AHNK_HUMAN","Neuroblast differentiation-associated protein AHNAK","Q09666_K2773_M2_0","Acetyl (K)",0.0712094149946726,0.78003951454154,0.975336560622211,4,"Not significant"
"Unstim / LPS+Nigericin","AHNAK","Q09666","Q09666","AHNK_HUMAN","Neuroblast differentiation-associated protein AHNAK","Q09666_K3157_M2_0","Acetyl (K)",0.0712094149946726,0.78003951454154,0.975336560622211,4,"Not significant"
"Unstim / LPS+Nigericin","AHNAK","Q09666","Q09666","AHNK_HUMAN","Neuroblast differentiation-associated protein AHNAK","Q09666_K3939_M2_0","Acetyl (K)",0.0712094149946726,0.78003951454154,0.975336560622211,4,"Not significant"
"Unstim / LPS+Nigericin","RLF","Q13129","Q13129","RLF_HUMAN","Zinc finger protein Rlf","Q13129_K5_M1_0","Acetyl (K)",0.0134883492796598,0.780549934888836,0.977616478752571,6,"Not significant"
"Unstim / LPS+Nigericin","CYB5B","O43169","O43169","CYB5B_HUMAN","Cytochrome b5 type B","O43169_K39_M1_0","Acetyl (K)",0.0273549382683856,0.781278660243393,0.980687193924261,6,"Not significant"
"Unstim / LPS+Nigericin","ACAT1","P24752","P24752","THIL_HUMAN","Acetyl-CoA acetyltransferase, mitochondrial","P24752_K124_M1_0","Acetyl (K)",-0.0125635836781359,0.781549490351433,0.981808645351496,6,"Not significant"
"Unstim / LPS+Nigericin","DMAP1","Q9NPF5","Q9NPF5","DMAP1_HUMAN","DNA methyltransferase 1-associated protein 1","Q9NPF5_K301_M1_0","Acetyl (K)",0.0173790769672005,0.78187004332941,0.983193423462264,6,"Not significant"
"Unstim / LPS+Nigericin","SUCLA2","Q9P2R7","Q9P2R7","SUCB1_HUMAN","Succinate--CoA ligase [ADP-forming] subunit beta, mitochondrial","Q9P2R7_K205_M1_0","Acetyl (K)",0.0336967450089524,0.78188865582048,0.983228849431598,6,"Not significant"
"Unstim / LPS+Nigericin","SLC25A22","Q9H936","Q9H936","GHC1_HUMAN","Mitochondrial glutamate carrier 1","Q9H936_K4_M1_0","Acetyl (K)",-0.0143274781644538,0.782002680151187,0.983764797895501,6,"Not significant"
"Unstim / LPS+Nigericin","RAB2A","P61019","P61019","RAB2A_HUMAN","Ras-related protein Rab-2A","P61019_K120_M1_0","Acetyl (K)",-0.00600316217353164,0.78211086470913,0.984145901433518,6,"Not significant"
"Unstim / LPS+Nigericin","NCL","P19338","P19338","NUCL_HUMAN","Nucleolin","P19338_K577_M1_0","Acetyl (K)",0.036136722924738,0.782705797008402,0.986691171146625,6,"Not significant"
"Unstim / LPS+Nigericin","PARK7","Q99497","Q99497","PARK7_HUMAN","Parkinson disease protein 7","Q99497_K89_M1_0","Acetyl (K)",0.0279263512120356,0.782797253502527,0.987231288989283,6,"Not significant"
"Unstim / LPS+Nigericin","PPIA","P62937","P62937","PPIA_HUMAN","Peptidyl-prolyl cis-trans isomerase A","P62937_K82_M1_0","Acetyl (K)",-0.0117816707705124,0.784452413478,0.994763589588745,6,"Not significant"
"Unstim / LPS+Nigericin","ALDOA","P04075","P04075","ALDOA_HUMAN","Fructose-bisphosphate aldolase A","P04075_K342_M1_0","Acetyl (K)",-0.000604801510556443,0.785392688567311,0.999329922791917,6,"Not significant"
