"Genes","ProteinGroups","Group","PTM.ModificationTitle","AVG Log2 Ratio","Qvalue","Pvalue","Significance"
"INF2","Q27J81","Q27J81_K966_M1_17","GlyGly (K)",1.75269211183108,0.381852740957757,0.00105805232430691,"Not significant"
"MCM3AP","O60318","O60318_K1813_M1_17","GlyGly (K)",2.95375847208292,0.400279347854168,0.00172127295137755,"Not significant"
"HNRNPM","P52272","P52272_K221_M2_17","GlyGly (K)",0.786599151142498,0.427983420722044,0.00480242370559342,"Not significant"
"HNRNPM","P52272","P52272_K219_M2_17","GlyGly (K)",0.786599151142498,0.427983420722044,0.00480242370559342,"Not significant"
"ATXN2L","Q8WWM7","Q8WWM7_K186_M1_17","GlyGly (K)",3.27993940045983,0.42980983039321,0.00500352211842434,"Not significant"
"TMEM109","Q9BVC6","Q9BVC6_K46_M1_17","GlyGly (K)",9.96432565024019,0.435176045142311,0.00595582854286885,"Not significant"
"RPS27A","P62979","P62979_K11_M1_17","GlyGly (K)",1.79467553482156,0.43918906441548,0.00642830817542136,"Not significant"
"HNRNPA3","P51991","P51991_K151_M2_17","GlyGly (K)",0.892245678634961,0.439273061404856,0.00645263037083157,"Not significant"
"HNRNPA3","P51991","P51991_K148_M2_17","GlyGly (K)",0.892245678634961,0.439273061404856,0.00645263037083157,"Not significant"
"ZFC3H1","O60293","O60293_K687_M1_17","GlyGly (K)",2.41754769214262,0.441273801197187,0.0068340000054159,"Not significant"
"SHTN1","A0MZ66","A0MZ66_K169_M1_17","GlyGly (K)",1.8140210966634,0.446866000847038,0.00807049165840228,"Not significant"
"HNRNPA3","P51991","P51991_K118_M1_17","GlyGly (K)",5.03932733364313,0.451116646741107,0.00928205954592793,"Not significant"
"SOD2","P04179","P04179_K114_M1_17","GlyGly (K)",1.02831874655696,0.451425601549999,0.0096717931212565,"Not significant"
"AARS1","P49588","P49588_K898_M1_17","GlyGly (K)",1.95930235244862,0.45196104398822,0.00979492718756307,"Not significant"
"AHNAK","Q09666","Q09666_K3157_M2_17","GlyGly (K)",11.3122309528711,0.456826372311386,0.010959015876582,"Not significant"
"AHNAK","Q09666","Q09666_K3939_M2_17","GlyGly (K)",11.3122309528711,0.456826372311386,0.010959015876582,"Not significant"
"IL1B","P01584","P01584_K171_M1_17","GlyGly (K)",2.77305033905631,0.459525544001756,0.0120003765007792,"Not significant"
"NOP2","P46087","P46087_K649_M2_17","GlyGly (K)",0.476333520337452,0.462682386353442,0.0124993309205738,"Not significant"
"RPL38","P63173","P63173_K9_M1_17","GlyGly (K)",1.15505869051679,0.464399835403665,0.0130815837765897,"Not significant"
"GLO1","Q04760","Q04760_K28_M1_17","GlyGly (K)",3.0164985025153,0.466270877126979,0.0138255960229134,"Not significant"
"EHD1","Q9H4M9","Q9H4M9_K13_M1_17","GlyGly (K)",3.63554243924515,0.469834286793537,0.0155315064958051,"Not significant"
"YWHAB","P31946","P31946_K160_M1_17","GlyGly (K)",0.754940376220594,0.478341946195256,0.0194576135041835,"Not significant"
"CLTC","Q00610","Q00610_K951_M1_17","GlyGly (K)",1.35592258349476,0.478993643466693,0.019958375318223,"Not significant"
"GPI","P06744","P06744_K194_M1_17","GlyGly (K)",1.89003182420981,0.479425735096241,0.0200444043722504,"Not significant"
"UBE2N","P61088","P61088_K10_M1_17","GlyGly (K)",1.52988513477434,0.486623341105042,0.02231000795819,"Not significant"
"NCL","P19338","P19338_K537_M1_17","GlyGly (K)",1.25854910267784,0.487057574171417,0.0229766396102016,"Not significant"
"HMBS","P08397","P08397_K157_M1_17","GlyGly (K)",1.14132512002012,0.490059931053846,0.024446316447435,"Not significant"
"CNDP2","Q96KP4","Q96KP4_K402_M1_17","GlyGly (K)",1.38446948979265,0.490059931053846,0.024414762964322,"Not significant"
"JUNB","P17275","P17275_K304_M1_17","GlyGly (K)",1.67366256282309,0.491169092658436,0.0251726798219988,"Not significant"
"TPI1","P60174","P60174_K131_M1_17","GlyGly (K)",1.67225812187057,0.491179054636132,0.0252414100130799,"Not significant"
"PKM","P14618","P14618_K125_M1_17","GlyGly (K)",0.493437603870208,0.492571413406962,0.0258126065094627,"Not significant"
"HMGB2","P26583","P26583_K59_M2_17","GlyGly (K)",1.68375680215322,0.495397470525129,0.0271309384810931,"Not significant"
"HMGB2","P26583","P26583_K57_M2_17","GlyGly (K)",1.68375680215322,0.495397470525129,0.0271309384810931,"Not significant"
"TCP1","P17987","P17987_K43_M1_17","GlyGly (K)",1.00514585081325,0.496484673922215,0.0278671516752322,"Not significant"
"BRD2","P25440","P25440_K10_M1_17","GlyGly (K)",1.70087261854177,0.496484673922215,0.0278315960869412,"Not significant"
"AGRN","O00468","O00468_K1863_M1_17","GlyGly (K)",0.449727506667762,0.496871471893208,0.0282747782156788,"Not significant"
"EEF1D","P29692","P29692_K59_M1_17","GlyGly (K)",1.0674135333552,0.500758933543358,0.0304351911574082,"Not significant"
"HSP90AA1","P07900","P07900_K443_M1_17","GlyGly (K)",1.73008606495992,0.503492843454907,0.0321400247802575,"Not significant"
"GSPT2","Q8IYD1","Q8IYD1_K57_M1_17","GlyGly (K)",1.65867854575721,0.504359282167346,0.0324886352711382,"Not significant"
"EEF2","P13639","P13639_K498_M1_17","GlyGly (K)",1.40176172435265,0.506520360505947,0.0337133693509155,"Not significant"
"HSP90AB1","P08238","P08238_K624_M1_17","GlyGly (K)",1.42245607362122,0.509455714487814,0.0362730104886866,"Not significant"
"RPS27A","P62979","P62979_K48_M1_17","GlyGly (K)",1.34761611218811,0.509525724594316,0.0363119093447362,"Not significant"
"AHNAK","Q09666","Q09666_K4559_M2_17","GlyGly (K)",1.01368972894796,0.510066974799286,0.0367358479543398,"Not significant"
"AHNAK","Q09666","Q09666_K4556_M2_17","GlyGly (K)",1.01368972894796,0.510066974799286,0.0367358479543398,"Not significant"
"TUBB6","Q9BUF5","Q9BUF5_K122_M1_17","GlyGly (K)",0.74103575599666,0.511011614497593,0.0372493008674912,"Not significant"
"MRE11","P49959","P49959_K28_M1_17","GlyGly (K)",2.68406663015845,0.512791410622692,0.0388734208495783,"Not significant"
"OSTF1","Q92882","Q92882_K190_M1_17","GlyGly (K)",1.73587539917803,0.514004808129624,0.0399500014915872,"Not significant"
"EIF5B","O60841","O60841_K644_M1_17","GlyGly (K)",2.33572901573737,0.515211960924131,0.0411036542010519,"Not significant"
"CAST","P20810","P20810_K283_M1_17","GlyGly (K)",1.89499361528127,0.518194053004709,0.0431217942497221,"Not significant"
"POTEKP","Q9BYX7","Q9BYX7_K68_M1_17","GlyGly (K)",0.679187016207124,0.518835649397128,0.0435610276832787,"Not significant"
"ARHGDIA","P52565","P52565_K167_M1_17","GlyGly (K)",0.836191010109367,0.519249473180336,0.0439048166141341,"Not significant"
"BLMH","Q13867","Q13867_K244_M1_17","GlyGly (K)",1.14877503213602,0.520118471870469,0.0443711674422776,"Not significant"
"RAP1B","P61224","P61224_K42_M1_17","GlyGly (K)",0.958633303049877,0.522374256284084,0.0461439491025006,"Not significant"
"RNH1","P13489","P13489_K287_M1_17","GlyGly (K)",1.445780871689,0.523012201851922,0.0465125214211036,"Not significant"
"ATXN2L","Q8WWM7","Q8WWM7_K3_M1_17","GlyGly (K)",1.21091667272187,0.523923671220344,0.0471133253501781,"Not significant"
"GAPDH","P04406","P04406_K66_M1_17","GlyGly (K)",0.804190991800451,0.525117612960984,0.0482499657096071,"Not significant"
"HSP90AA1","P07900","P07900_K436_M2_17","GlyGly (K)",0.743580523043959,0.52671039042448,0.0500478026105583,"Not significant"
"HSP90AA1","P07900","P07900_K435_M2_17","GlyGly (K)",0.743580523043959,0.52671039042448,0.0500478026105583,"Not significant"
"ANXA6","P08133","P08133_K483_M1_17","GlyGly (K)",4.51558852166738,0.526843113614732,0.0501356434440044,"Not significant"
"PPA1","Q15181","Q15181_K282_M1_17","GlyGly (K)",1.09429405771868,0.52821956176485,0.0512407088841122,"Not significant"
"LRRFIP1","Q32MZ4","Q32MZ4_K580_M2_17","GlyGly (K)",1.2279616017077,0.528488943317947,0.0514486801234277,"Not significant"
"LRRFIP1","Q32MZ4","Q32MZ4_K579_M2_17","GlyGly (K)",1.2279616017077,0.528488943317947,0.0514486801234277,"Not significant"
"VIM","P08670","P08670_K104_M1_17","GlyGly (K)",1.83526237650378,0.529600274328878,0.052341324733559,"Not significant"
"SOD2","P04179","P04179_K75_M1_17","GlyGly (K)",-3.70219899733702,0.531547971545142,0.0545288346157951,"Not significant"
"ELOC","Q15369","Q15369_K72_M1_17","GlyGly (K)",1.26339317900733,0.532428427700594,0.0561109756818367,"Not significant"
"TMEM245","Q9H330","Q9H330_K436_M2_17","GlyGly (K)",3.17680903615445,0.53308520111682,0.0568582914188265,"Not significant"
"AHNAK","Q09666","Q09666_K4761_M1_17","GlyGly (K)",1.29543188908231,0.537375641780291,0.0612498358109153,"Not significant"
"IFIT3","O14879","O14879_K373_M1_17","GlyGly (K)",1.11813252244127,0.53784083796774,0.0617877198679404,"Not significant"
"AHNAK","Q09666","Q09666_K4898_M1_17","GlyGly (K)",1.79980482221405,0.538799166045337,0.0628413170572801,"Not significant"
"LMNA","P02545","P02545_K144_M1_17","GlyGly (K)",1.43465762175192,0.540364504914664,0.0639841908880892,"Not significant"
"WDR5","P61964","P61964_K165_M1_17","GlyGly (K)",0.539124580460111,0.541240281633485,0.0645429291534349,"Not significant"
"BAG3","O95817","O95817_K460_M1_17","GlyGly (K)",1.23111232705315,0.542874904592102,0.0661542016444829,"Not significant"
"PFN1","P07737","P07737_K116_M1_17","GlyGly (K)",0.931629356523937,0.544772862894546,0.068943479332724,"Not significant"
"SUGT1","Q9Y2Z0","Q9Y2Z0_K70_M2_17","GlyGly (K)",2.65169605691125,0.545214017081493,0.0699819286501145,"Not significant"
"SUGT1","Q9Y2Z0","Q9Y2Z0_K69_M2_17","GlyGly (K)",2.65169605691125,0.545214017081493,0.0699819286501145,"Not significant"
"MDH2","P40926","P40926_K241_M2_17","GlyGly (K)",9.99168785586586,0.547476288229854,0.0729638889949472,"Not significant"
"PTGES3","Q15185","Q15185_K67_M2_17","GlyGly (K)",1.52306496248882,0.551062638953236,0.0767919462942227,"Not significant"
"PTGES3","Q15185","Q15185_K65_M2_17","GlyGly (K)",1.52306496248882,0.551062638953236,0.0767919462942227,"Not significant"
"STIP1","P31948","P31948_K415_M1_17","GlyGly (K)",1.49243030726644,0.553650118027588,0.0791758573137191,"Not significant"
"ALDOA","P04075","P04075_K153_M1_17","GlyGly (K)",0.906650145449575,0.554064177753144,0.0796123149385507,"Not significant"
"TPI1","P60174","P60174_K238_M1_17","GlyGly (K)",2.1490121390387,0.554168675013065,0.0798957765969448,"Not significant"
"PRKDC","P78527","P78527_K4070_M1_17","GlyGly (K)",0.716432711074469,0.554904725718983,0.0812887090206879,"Not significant"
"PGD","P52209","P52209_K119_M2_17","GlyGly (K)",1.14596099601329,0.555299670585511,0.0823953480784862,"Not significant"
"PGD","P52209","P52209_K117_M2_17","GlyGly (K)",1.14596099601329,0.555299670585511,0.0823953480784862,"Not significant"
"TOP1","P11387","P11387_K252_M1_17","GlyGly (K)",8.15358665002343,0.555560023748113,0.0827935901971561,"Not significant"
"SRRT","Q9BXP5","Q9BXP5_K391_M1_17","GlyGly (K)",-0.901914681956955,0.556604607267625,0.084260661750646,"Not significant"
"PEPD","P12955","P12955_K17_M1_17","GlyGly (K)",-1.76541480789551,0.558622570800242,0.0865410743940028,"Not significant"
"ACTN4","O43707","O43707_K233_M1_17","GlyGly (K)",1.05743542748457,0.561281957027706,0.090223812800787,"Not significant"
"NSF","P46459","P46459_K283_M1_17","GlyGly (K)",0.657152256612953,0.561540370620606,0.0905187739034886,"Not significant"
"TMSB4X","P62328","P62328_K26_M1_17","GlyGly (K)",0.73136567372867,0.565956619640961,0.0969556414272736,"Not significant"
"RPL4","P36578","P36578_K157_M1_17","GlyGly (K)",1.24966753468346,0.566929403216048,0.0981543388589136,"Not significant"
"TOP2B","Q02880","Q02880_K104_M1_17","GlyGly (K)",1.2503766085392,0.567818622398269,0.100154425902775,"Not significant"
"LGALS1","P09382","P09382_K37_M1_17","GlyGly (K)",1.75366130120027,0.568146565711512,0.100525917080389,"Not significant"
"PSMC2","P35998","P35998_K66_M1_17","GlyGly (K)",1.21611135042441,0.56904272458366,0.101742418599662,"Not significant"
"GSS","P48637","P48637_K293_M1_17","GlyGly (K)",1.07432423317571,0.569293406722293,0.102325268681683,"Not significant"
"TMSB10","P63313","P63313_K32_M1_17","GlyGly (K)",1.3384662785597,0.56970579611331,0.102721546618817,"Not significant"
"RAB13","P51153","P51153_K56_M2_17","GlyGly (K)",1.21692570869352,0.570653550002247,0.104047566195595,"Not significant"
"ACTB","Cont_P60712;P60709","Cont_P60712_K284_M1_17","GlyGly (K)",0.331748860434647,0.572572451969642,0.10681754552282,"Not significant"
"ACTB","Cont_P60712;P60709","P60709_K284_M1_17","GlyGly (K)",0.331748860434647,0.572572451969642,0.10681754552282,"Not significant"
"GAPDH","P04406","P04406_K3_M2_17","GlyGly (K)",0.134512443200968,0.577919468543791,0.116117354006148,"Not significant"
"FADD","Q13158","Q13158_K110_M1_17","GlyGly (K)",0.913496907718882,0.579848336236199,0.119105336654435,"Not significant"
"DYNLRB1","Q9NP97","Q9NP97_K75_M1_17","GlyGly (K)",3.17483859159943,0.582541958946932,0.124368324393606,"Not significant"
"HSPA9","P38646","P38646_K288_M1_17","GlyGly (K)",-10.0031376363164,0.583525920808812,0.126223294470031,"Not significant"
"TLK1","Q9UKI8","Q9UKI8_K404_M1_17","GlyGly (K)",0.894582750673778,0.583800690628377,0.126871499957322,"Not significant"
"APEX1","P27695","P27695_K58_M2_17","GlyGly (K)",1.89548494684988,0.584447167792218,0.128265361712615,"Not significant"
"FBLL1","A6NHQ2","A6NHQ2_K170_M1_17","GlyGly (K)",-3.31068027104747,0.585397653010335,0.129705115829746,"Not significant"
"ACTB","Cont_P60712;P60709","Cont_P60712_K18_M1_17","GlyGly (K)",0.406144728064417,0.587582321812412,0.133894117813463,"Not significant"
"ACTB","Cont_P60712;P60709","P60709_K18_M1_17","GlyGly (K)",0.406144728064417,0.587582321812412,0.133894117813463,"Not significant"
"ITGAV","P06756","P06756_K134_M1_17","GlyGly (K)",0.403943006156711,0.588969301662673,0.136849085542427,"Not significant"
"CADM1","Q9BY67","Q9BY67_K108_M1_17","GlyGly (K)",7.69596091776755,0.590449932712824,0.139835114905683,"Not significant"
"CAP2","P40123","P40123_K320_M2_17","GlyGly (K)",-6.78054994128654,0.591226682951985,0.14159193920708,"Not significant"
"MTF1","Q14872","Q14872_K627_M1_17","GlyGly (K)",-1.61955641155819,0.5913778887292,0.141812233254694,"Not significant"
"CSTB","P04080","P04080_K39_M1_17","GlyGly (K)",1.00900770371737,0.59204893637925,0.142821013437804,"Not significant"
"P4HB","P07237","P07237_K415_M2_17","GlyGly (K)",0.285272572100612,0.597105970172634,0.153253314520599,"Not significant"
"RAB44","Q7Z6P3","Q7Z6P3_K880_M1_17","GlyGly (K)",0.424175224557316,0.597105970172634,0.152899099433727,"Not significant"
"ITGB5","P18084","P18084_K170_M1_17","GlyGly (K)",-0.562733695237534,0.599334971515857,0.156853777906655,"Not significant"
"FGA","Cont_P02672","Cont_P02672_K543_M1_17","GlyGly (K)",-0.502764503576573,0.603121480649919,0.174635760271999,"Not significant"
"SYNCRIP","O60506","O60506_K407_M1_17","GlyGly (K)",-0.601950324547751,0.603121480649919,0.178542925724955,"Not significant"
"CAT","P04040","P04040_K499_M1_17","GlyGly (K)",1.52980625386387,0.603121480649919,0.180362826549861,"Not significant"
"ITGB1","P05556","P05556_K190_M1_17","GlyGly (K)",10.3164375422005,0.603121480649919,0.185146609357368,"Not significant"
"ANXA8","P13928","P13928_K112_M1_17","GlyGly (K)",-8.29196710673703,0.603121480649919,0.189343497532914,"Not significant"
"UQCRB","P14927","P14927_K45_M1_17","GlyGly (K)",0.637653411871728,0.603121480649919,0.17591258828058,"Not significant"
"LMNB1","P20700","P20700_K332_M1_17","GlyGly (K)",-1.51566269337766,0.603121480649919,0.194638005598657,"Not significant"
"PPIB","P23284","P23284_K84_M1_17","GlyGly (K)",8.91911552131478,0.603121480649919,0.185004530245705,"Not significant"
"HSPA9","P38646","P38646_K498_M1_17","GlyGly (K)",0.498840325134221,0.603121480649919,0.173432085099884,"Not significant"
"CAPG","P40121","P40121_K115_M1_17","GlyGly (K)",-7.64520333726036,0.603121480649919,0.184321464496876,"Not significant"
"WAS","P42768","P42768_K235_M1_17","GlyGly (K)",-5.11020434857391,0.603121480649919,0.178224980613159,"Not significant"
"FASN","P49327","P49327_K787_M1_17","GlyGly (K)",-4.62557633121701,0.603121480649919,0.194063053446675,"Not significant"
"DNM2","P50570","P50570_K414_M1_17","GlyGly (K)",6.24867710169652,0.603121480649919,0.193001674251373,"Not significant"
"RPS6","P62753","P62753_K119_M1_17","GlyGly (K)",0.416286752183463,0.603121480649919,0.170171326619615,"Not significant"
"H2BC21","Q16778","Q16778_K58_M1_17","GlyGly (K)",2.66399402899088,0.603121480649919,0.192152661305326,"Not significant"
"RAB12","Q6IQ22","Q6IQ22_K127_M1_17","GlyGly (K)",-1.60271577248736,0.603121480649919,0.168174201501036,"Not significant"
"PPP1R10","Q96QC0","Q96QC0_K458_M1_17","GlyGly (K)",-0.488737470106161,0.603121480649919,0.164878860072004,"Not significant"
"TMEM30A","Q9NV96","Q9NV96_K155_M1_17","GlyGly (K)",-1.60571600917062,0.603121480649919,0.168029200040225,"Not significant"
"UGGT1","Q9NYU2","Q9NYU2_K319_M1_17","GlyGly (K)",0.978495423771252,0.603121480649919,0.188508232742899,"Not significant"
"HYOU1","Q9Y4L1","Q9Y4L1_K463_M1_17","GlyGly (K)",3.58988055342388,0.603121480649919,0.195439694758645,"Not significant"
"XIRP1","Q702N8","Q702N8_K233_M2_17","GlyGly (K)",1.91920190967091,0.603121480649919,0.178943459980911,"Not significant"
"IMMT","Q16891","Q16891_K110_M1_17","GlyGly (K)",0.593828365235154,0.603155862916318,0.195776472319547,"Not significant"
"CFL1","P23528","P23528_K53_M1_17","GlyGly (K)",-0.568848921443411,0.603202993881853,0.197642825072233,"Not significant"
"ATP5F1C","P36542","P36542_K115_M1_17","GlyGly (K)",-4.24053301338195,0.603202993881853,0.199037514389512,"Not significant"
"CAP1","Q01518","Q01518_K304_M1_17","GlyGly (K)",4.44814327853258,0.603202993881853,0.196220122647224,"Not significant"
"GOLGA2","Q08379","Q08379_K280_M1_17","GlyGly (K)",3.90286795355341,0.603202993881853,0.195979474495709,"Not significant"
"TM9SF3","Q9HD45","Q9HD45_K114_M1_17","GlyGly (K)",4.33459731957505,0.603202993881853,0.199160386647211,"Not significant"
"TMSB4X","P62328","P62328_K32_M1_17","GlyGly (K)",2.18705937969044,0.603789792412415,0.204487479624703,"Not significant"
"VMA21","Q3ZAQ7","Q3ZAQ7_K6_M1_17","GlyGly (K)",-4.6755021650451,0.604297821839308,0.206133408245235,"Not significant"
"CCT2","P78371","P78371_K120_M1_17","GlyGly (K)",-6.47495269085243,0.604416217482606,0.207127138851037,"Not significant"
"POLR3E","Q9NVU0","Q9NVU0_K410_M1_17","GlyGly (K)",1.60347790663422,0.605043898694828,0.211263945195322,"Not significant"
"TXNDC12","O95881","O95881_K123_M1_17","GlyGly (K)",1.45031137632878,0.605236817660251,0.212188698257881,"Not significant"
"LMNA","P02545","P02545_K597_M1_17","GlyGly (K)",0.553272894482642,0.605290855935159,0.21246221618527,"Not significant"
"OSBPL8","Q9BZF1","Q9BZF1_K482_M1_17","GlyGly (K)",-0.335340632792263,0.605504293906667,0.213456459287017,"Not significant"
"POTEKP","Q9BYX7","Q9BYX7_K238_M1_17","GlyGly (K)",-9.49207071525253,0.606030087823053,0.215536814687407,"Not significant"
"CANX","P27824","P27824_K571_M2_17","GlyGly (K)",0.107588791831088,0.606223999324689,0.216382481618874,"Not significant"
"CAP1","Q01518","Q01518_K149_M1_17","GlyGly (K)",3.18402604000934,0.60767948238059,0.222434349935131,"Not significant"
"GLIPR1","P48060","P48060_K200_M1_17","GlyGly (K)",-3.49906236691843,0.607749741167404,0.222762654981245,"Not significant"
"TMSB4X","P62328","P62328_K15_M1_17","GlyGly (K)",-6.29888769263338,0.607977497937549,0.223339485277738,"Not significant"
"GAA","P10253","P10253_K849_M1_17","GlyGly (K)",-1.5452127661402,0.608757725924449,0.225926385079607,"Not significant"
"HSPA1A;HSPA1B","P0DMV8;P0DMV9","P0DMV8_K573_M1_17","GlyGly (K)",2.53023007893382,0.610017667601171,0.230690374212526,"Not significant"
"HSPA1A;HSPA1B","P0DMV8;P0DMV9","P0DMV9_K573_M1_17","GlyGly (K)",2.53023007893382,0.610017667601171,0.230690374212526,"Not significant"
"SNRPA1","P09661","P09661_K205_M1_17","GlyGly (K)",0.68556739099367,0.610063509873628,0.230945934747497,"Not significant"
"HNRNPAB","Q99729","Q99729_K190_M1_17","GlyGly (K)",2.99745436768111,0.610063509873628,0.230930018437859,"Not significant"
"RTN4","Q9NQC3","Q9NQC3_K58_M1_17","GlyGly (K)",-2.39221395669572,0.613033425883515,0.241655675113857,"Not significant"
"FKBP2","P26885","P26885_K59_M1_17","GlyGly (K)",2.39326326048398,0.613071946260425,0.241872789794792,"Not significant"
"HSPA9","P38646","P38646_K485_M1_17","GlyGly (K)",7.17047885987269,0.613878789912812,0.245514672419222,"Not significant"
"NACA4P","Q9BZK3","Q9BZK3_K199_M1_17","GlyGly (K)",0.990977540160758,0.614388891747394,0.247144017352325,"Not significant"
"DOCK8","Q8NF50","Q8NF50_K224_M1_17","GlyGly (K)",0.684144723171455,0.614835853729985,0.248432335863951,"Not significant"
"LSM7","Q9UK45","Q9UK45_K8_M2_17","GlyGly (K)",-0.652145441153194,0.615936658605697,0.251723995981577,"Not significant"
"HGS","O14964","O14964_K56_M1_17","GlyGly (K)",1.91775599497697,0.616461589555286,0.253123324790771,"Not significant"
"AIDA","Q96BJ3","Q96BJ3_K106_M1_17","GlyGly (K)",7.26926130810298,0.617285833035713,0.255248737340119,"Not significant"
"POTEF","A5A3E0","A5A3E0_K938_M1_17","GlyGly (K)",0.517466548108933,0.618206420232119,0.257422147899896,"Not significant"
"SUMF1","Q8NBK3","Q8NBK3_K90_M1_17","GlyGly (K)",2.20527809545482,0.620492884525015,0.262742363307301,"Not significant"
"SUB1","P53999","P53999_K114_M1_17","GlyGly (K)",6.33030721535147,0.620993423755093,0.26388697561809,"Not significant"
"AHNAK","Q09666","Q09666_K3488_M2_17","GlyGly (K)",1.92922469139133,0.620993423755093,0.263886233427632,"Not significant"
"AHNAK","Q09666","Q09666_K3481_M2_17","GlyGly (K)",1.92922469139133,0.620993423755093,0.263886233427632,"Not significant"
"PARP14","Q460N5","Q460N5_K1020_M2_17","GlyGly (K)",0.685776040642293,0.622487587164738,0.267527783471462,"Not significant"
"CAMK1","Q14012","Q14012_K304_M1_17","GlyGly (K)",0.868012893688206,0.62344184274881,0.269725223019509,"Not significant"
"S100A4","P26447","P26447_K7_M1_17","GlyGly (K)",0.973710643431486,0.62400112804085,0.271218371170351,"Not significant"
"NSMAF","Q92636","Q92636_K161_M1_17","GlyGly (K)",0.857745844211389,0.624035284879256,0.271311740365408,"Not significant"
"MYO1F","O00160","O00160_K141_M1_17","GlyGly (K)",-1.22795590135346,0.624887742952874,0.273927710823579,"Not significant"
"SAMHD1","Q9Y3Z3","Q9Y3Z3_K354_M1_17","GlyGly (K)",0.40072060828618,0.625682978656173,0.276205633839809,"Not significant"
"LMNA","P02545","P02545_K201_M1_17","GlyGly (K)",-0.275681546728198,0.627736823606841,0.282113786078013,"Not significant"
"NCL","P19338","P19338_K297_M1_17","GlyGly (K)",0.660850814056438,0.627808338116824,0.282293963980065,"Not significant"
"RAB14","P61106","P61106_K61_M2_17","GlyGly (K)",0.247628586952416,0.628486721105316,0.284367829095616,"Not significant"
"RAB14","P61106","P61106_K59_M2_17","GlyGly (K)",0.247628586952416,0.628486721105316,0.284367829095616,"Not significant"
"ATP5F1A","P25705","P25705_K316_M1_17","GlyGly (K)",-0.88164886417301,0.628935971375179,0.28562699973934,"Not significant"
"TPI1","P60174","P60174_K85_M1_17","GlyGly (K)",0.435342425226003,0.629119377371818,0.28603508707005,"Not significant"
"COMT","P21964","P21964_K95_M2_17","GlyGly (K)",-0.521664016156566,0.62926175134976,0.286467739246925,"Not significant"
"COMT","P21964","P21964_K86_M2_17","GlyGly (K)",-0.521664016156566,0.62926175134976,0.286467739246925,"Not significant"
"CKAP4","Q07065","Q07065_K161_M1_17","GlyGly (K)",0.44248877294049,0.630133428271542,0.28914594996327,"Not significant"
"TRIM56","Q9BRZ2","Q9BRZ2_K98_M1_17","GlyGly (K)",0.497013236984508,0.630190521949296,0.289320046321474,"Not significant"
"HSPD1","P10809","P10809_K389_M2_17","GlyGly (K)",0.506795091044146,0.630577929121221,0.290521129958786,"Not significant"
"HSPD1","P10809","P10809_K387_M2_17","GlyGly (K)",0.506795091044146,0.630577929121221,0.290521129958786,"Not significant"
"MRPL40","Q9NQ50","Q9NQ50_K163_M1_17","GlyGly (K)",-0.974067008094674,0.63094608164586,0.291785387339845,"Not significant"
"NELFA","Q9H3P2","Q9H3P2_K288_M1_17","GlyGly (K)",1.70221110212669,0.631233619431833,0.292436458817099,"Not significant"
"CBX3","Q13185","Q13185_K34_M1_17","GlyGly (K)",-6.40554405557787,0.632907080134996,0.296729175297109,"Not significant"
"HSPA1A;HSPA1B","P0DMV8;P0DMV9","P0DMV8_K25_M1_17","GlyGly (K)",2.14934642200843,0.633194955338043,0.297668936114572,"Not significant"
"HSPA1A;HSPA1B","P0DMV8;P0DMV9","P0DMV9_K25_M1_17","GlyGly (K)",2.14934642200843,0.633194955338043,0.297668936114572,"Not significant"
"AHNAK","Q09666","Q09666_K171_M1_17","GlyGly (K)",0.485292330772414,0.63336985745985,0.298222784639014,"Not significant"
"AHNAK","Q09666","Q09666_K4687_M2_17","GlyGly (K)",1.18056963712603,0.633805081081023,0.299332165582928,"Not significant"
"PRSS1","Cont_P00760","Cont_P00760_K114_M1_17","GlyGly (K)",-2.32984650892764,0.633972537254186,0.317227078782655,"Not significant"
"ALB","Cont_P02769","Cont_P02769_K463_M1_17","GlyGly (K)",-1.336388801389,0.633972537254186,0.396246339746678,"Not significant"
"ALB","Cont_P02769","Cont_P02769_K587_M1_17","GlyGly (K)",-3.90696836118637,0.633972537254186,0.41499491603823,"Not significant"
"AHSG","Cont_P12763","Cont_P12763_K333_M1_17","GlyGly (K)",-1.34279634882589,0.633972537254186,0.420919380856439,"Not significant"
"F5","Cont_Q28107","Cont_Q28107_K564_M1_17","GlyGly (K)",-5.65582871053364,0.633972537254186,0.424566978169158,"Not significant"
"SNAP23","O00161","O00161_K167_M1_17","GlyGly (K)",-1.60508865444501,0.633972537254186,0.404286102686748,"Not significant"
"PHGDH","O43175","O43175_K58_M1_17","GlyGly (K)",0.349942453478586,0.633972537254186,0.302622853834733,"Not significant"
"XPOT","O43592","O43592_K316_M1_17","GlyGly (K)",1.32408107138299,0.633972537254186,0.416848853753285,"Not significant"
"VPS4B","O75351","O75351_K155_M1_17","GlyGly (K)",-3.95359789532434,0.633972537254186,0.413872499243711,"Not significant"
"MACROH2A1","O75367","O75367_K18_M1_17","GlyGly (K)",0.5494652849624,0.633972537254186,0.372277897620024,"Not significant"
"MACROH2A1","O75367","O75367_K282_M1_17","GlyGly (K)",5.63384933948603,0.633972537254186,0.421673680491672,"Not significant"
"C6orf47","O95873","O95873_K147_M1_17","GlyGly (K)",2.39262341266378,0.633972537254186,0.350768629399912,"Not significant"
"LMNA","P02545","P02545_K171_M1_17","GlyGly (K)",0.476868542370166,0.633972537254186,0.310683823003833,"Not significant"
"ANXA1","P04083","P04083_K53_M1_17","GlyGly (K)",-1.42999697630519,0.633972537254186,0.377606093322172,"Not significant"
"SOD2","P04179","P04179_K68_M1_17","GlyGly (K)",2.36228955639569,0.633972537254186,0.306956542236716,"Not significant"
"SLC25A5","P05141","P05141_K10_M1_17","GlyGly (K)",6.39253961430439,0.633972537254186,0.42089291778825,"Not significant"
"ITGB1","P05556","P05556_K163_M1_17","GlyGly (K)",5.37936475701566,0.633972537254186,0.423804964997164,"Not significant"
"ATP5F1B","P06576","P06576_K432_M1_17","GlyGly (K)",-1.18297595730907,0.633972537254186,0.326339782309717,"Not significant"
"GPI","P06744","P06744_K211_M1_17","GlyGly (K)",1.14918721141474,0.633972537254186,0.411387400250743,"Not significant"
"GPX1","P07203","P07203_K88_M1_17","GlyGly (K)",0.35420272406359,0.633972537254186,0.328990158881194,"Not significant"
"P4HB","P07237","P07237_K285_M2_17","GlyGly (K)",-5.65666484283855,0.633972537254186,0.426060916419903,"Not significant"
"P4HB","P07237","P07237_K283_M2_17","GlyGly (K)",-5.65666484283855,0.633972537254186,0.426060916419903,"Not significant"
"ANXA2","P07355","P07355_K49_M2_17","GlyGly (K)",-4.45235445499661,0.633972537254186,0.43414716490271,"Not significant"
"ANXA2","P07355","P07355_K47_M2_17","GlyGly (K)",-4.45235445499661,0.633972537254186,0.43414716490271,"Not significant"
"PRSS1","P07477","P07477_K102_M1_17","GlyGly (K)",-1.24870934391846,0.633972537254186,0.383296787148653,"Not significant"
"HSP90AA1","P07900","P07900_K534_M1_17","GlyGly (K)",-0.454676968702197,0.633972537254186,0.428680206406095,"Not significant"
"HSP90AB1","P08238","P08238_K607_M1_17","GlyGly (K)",1.18261478793273,0.633972537254186,0.387326818829513,"Not significant"
"SRPRA","P08240","P08240_K206_M1_17","GlyGly (K)",6.6032175188064,0.633972537254186,0.423138817611432,"Not significant"
"SRP19","P09132","P09132_K39_M1_17","GlyGly (K)",-0.273131531397413,0.633972537254186,0.355908350096652,"Not significant"
"GSTP1","P09211","P09211_K191_M1_17","GlyGly (K)",-6.66746685626341,0.633972537254186,0.422033923390097,"Not significant"
"ALDOC","P09972","P09972_K153_M1_17","GlyGly (K)",10.6396658903446,0.633972537254186,0.42261881582678,"Not significant"
"RNASE2","P10153","P10153_K93_M1_17","GlyGly (K)",1.83530228781968,0.633972537254186,0.435234042612681,"Not significant"
"HSPD1","P10809","P10809_K91_M2_17","GlyGly (K)",3.68052278493044,0.633972537254186,0.414371499944137,"Not significant"
"HSPD1","P10809","P10809_K314_M1_17","GlyGly (K)",0.24216459346741,0.633972537254186,0.320455548950089,"Not significant"
"HSPA5","P11021","P11021_K573_M1_17","GlyGly (K)",-0.606557653506726,0.633972537254186,0.419288397291733,"Not significant"
"IMPDH2","P12268","P12268_K492_M1_17","GlyGly (K)",-5.56809470604223,0.633972537254186,0.421356929433316,"Not significant"
"XRCC6","P12956","P12956_K351_M1_17","GlyGly (K)",1.12108947911788,0.633972537254186,0.397785921122857,"Not significant"
"RNH1","P13489","P13489_K86_M1_17","GlyGly (K)",0.807639317215087,0.633972537254186,0.38945220894954,"Not significant"
"PKM","P14618","P14618_K151_M1_17","GlyGly (K)",5.58245562569306,0.633972537254186,0.38030876678514,"Not significant"
"HSP90B1","P14625","P14625_K708_M2_17","GlyGly (K)",3.18878327666659,0.633972537254186,0.405264519418145,"Not significant"
"BRAF","P15056","P15056_K680_M1_17","GlyGly (K)",-5.00169639905244,0.633972537254186,0.419435990692474,"Not significant"
"ATP2A2","P16615","P16615_K352_M1_17","GlyGly (K)",1.20956825406493,0.633972537254186,0.348569672151941,"Not significant"
"PLCG2","P16885","P16885_K60_M1_17","GlyGly (K)",6.72174407047541,0.633972537254186,0.424296369532296,"Not significant"
"HMGA1","P17096","P17096_K18_M2_17","GlyGly (K)",0.583502424073946,0.633972537254186,0.329122741812168,"Not significant"
"NCF2","P19878","P19878_K92_M1_17","GlyGly (K)",-3.20247246869669,0.633972537254186,0.40417073644293,"Not significant"
"TGM2","P21980","P21980_K527_M1_17","GlyGly (K)",-4.90668221419979,0.633972537254186,0.421614085759576,"Not significant"
"HNRNPA2B1","P22626","P22626_K173_M1_17","GlyGly (K)",7.89509701523918,0.633972537254186,0.422986152377882,"Not significant"
"HNRNPA2B1","P22626","P22626_K104_M1_17","GlyGly (K)",3.40889661175487,0.633972537254186,0.40170747891097,"Not significant"
"HNRNPA2B1","P22626","P22626_K168_M1_17","GlyGly (K)",1.18272063145636,0.633972537254186,0.414008137129375,"Not significant"
"FECH","P22830","P22830_K57_M1_17","GlyGly (K)",-0.203291939232797,0.633972537254186,0.385094516765117,"Not significant"
"RPS3","P23396","P23396_K214_M1_17","GlyGly (K)",1.21022888632735,0.633972537254186,0.387885975066495,"Not significant"
"MSN","P26038","P26038_K438_M2_17","GlyGly (K)",6.50945506347575,0.633972537254186,0.423370271309498,"Not significant"
"MSN","P26038","P26038_K437_M2_17","GlyGly (K)",6.50945506347575,0.633972537254186,0.423370271309498,"Not significant"
"RPL13","P26373","P26373_K145_M1_17","GlyGly (K)",4.11676397126793,0.633972537254186,0.411056769200403,"Not significant"
"YWHAQ","P27348","P27348_K103_M1_17","GlyGly (K)",2.39552787079726,0.633972537254186,0.42630695027777,"Not significant"
"CALR","P27797","P27797_K164_M1_17","GlyGly (K)",-3.21532733441663,0.633972537254186,0.397202358210927,"Not significant"
"EEF1D","P29692","P29692_K117_M1_17","GlyGly (K)",5.09395303083531,0.633972537254186,0.425079515619415,"Not significant"
"PDIA3","P30101","P30101_K305_M1_17","GlyGly (K)",1.27722237506019,0.633972537254186,0.414362578312864,"Not significant"
"FCER1G","P30273","P30273_K52_M2_17","GlyGly (K)",1.13405302985213,0.633972537254186,0.352999574855962,"Not significant"
"UQCRC1","P31930","P31930_K447_M1_17","GlyGly (K)",-6.27334824578678,0.633972537254186,0.424625070608124,"Not significant"
"ACSL1","P33121","P33121_K386_M1_17","GlyGly (K)",1.64053223894226,0.633972537254186,0.379609223142118,"Not significant"
"MYH9","P35579","P35579_K682_M1_17","GlyGly (K)",6.09727077767603,0.633972537254186,0.391670579302336,"Not significant"
"PSMC2","P35998","P35998_K84_M1_17","GlyGly (K)",4.75780255050527,0.633972537254186,0.42604148318828,"Not significant"
"CUX1","P39880","P39880_K272_M1_17","GlyGly (K)",5.32487717386187,0.633972537254186,0.42087919588378,"Not significant"
"CAPG","P40121","P40121_K253_M1_17","GlyGly (K)",-4.06967474789293,0.633972537254186,0.428359989714803,"Not significant"
"HADHA","P40939","P40939_K267_M1_17","GlyGly (K)",0.313680549618053,0.633972537254186,0.401733873736605,"Not significant"
"TMPO","P42166","P42166_K15_M1_17","GlyGly (K)",1.32281337025853,0.633972537254186,0.359929358392989,"Not significant"
"TMPO","P42166","P42166_K17_M1_17","GlyGly (K)",-6.15330379424438,0.633972537254186,0.346173833571928,"Not significant"
"RPL21","P46778","P46778_K122_M1_17","GlyGly (K)",0.289280456438318,0.633972537254186,0.425773826754946,"Not significant"
"RPS9","P46781","P46781_K101_M1_17","GlyGly (K)",2.44186007517118,0.633972537254186,0.329836627209959,"Not significant"
"HSPA13","P48723","P48723_K396_M1_17","GlyGly (K)",8.48196919984498,0.633972537254186,0.42265128072894,"Not significant"
"RPL14","P50914","P50914_K160_M1_17","GlyGly (K)",-0.966011507962443,0.633972537254186,0.359552349244466,"Not significant"
"HSD17B4","P51659","P51659_K614_M1_17","GlyGly (K)",6.12423604303124,0.633972537254186,0.421021815248172,"Not significant"
"PGD","P52209","P52209_K38_M1_17","GlyGly (K)",-3.56217945181171,0.633972537254186,0.428774860231868,"Not significant"
"ARHGDIA","P52565","P52565_K33_M1_17","GlyGly (K)",-7.88733416207723,0.633972537254186,0.421613309617871,"Not significant"
"AK2","P54819","P54819_K164_M1_17","GlyGly (K)",-4.72775487655871,0.633972537254186,0.426842272925268,"Not significant"
"AK2","P54819","P54819_K119_M2_17","GlyGly (K)",0.327912087176533,0.633972537254186,0.431087510250237,"Not significant"
"AK2","P54819","P54819_K121_M1_17","GlyGly (K)",-3.75781577918489,0.633972537254186,0.423676154258652,"Not significant"
"AK2","P54819","P54819_K229_M1_17","GlyGly (K)",-3.11839088032904,0.633972537254186,0.433367839328767,"Not significant"
"VCP","P55072","P55072_K426_M1_17","GlyGly (K)",0.242670600579171,0.633972537254186,0.418074912449698,"Not significant"
"RAB14","P61106","P61106_K156_M2_17","GlyGly (K)",-7.89937576927262,0.633972537254186,0.422168055933072,"Not significant"
"RAB14","P61106","P61106_K140_M2_17","GlyGly (K)",-7.89937576927262,0.633972537254186,0.422168055933072,"Not significant"
"ACTR2","P61160","P61160_K106_M1_17","GlyGly (K)",-1.36263285813553,0.633972537254186,0.393604323484278,"Not significant"
"SUMO2","P61956","P61956_K11_M1_17","GlyGly (K)",-3.03583619754186,0.633972537254186,0.42010789065154,"Not significant"
"CNBP","P62633","P62633_K103_M1_17","GlyGly (K)",1.18722911088519,0.633972537254186,0.382024296953066,"Not significant"
"H4C1","P62805","P62805_K80_M1_17","GlyGly (K)",4.11593858640415,0.633972537254186,0.414148344152316,"Not significant"
"ACTC1","P68032","P68032_K293_M1_17","GlyGly (K)",-5.55216055218024,0.633972537254186,0.346345493835125,"Not significant"
"ACTC1","P68032","P68032_K70_M1_17","GlyGly (K)",0.395587174649853,0.633972537254186,0.433431549487107,"Not significant"
"BASP1","P80723","P80723_K97_M2_17","GlyGly (K)",5.56518215965419,0.633972537254186,0.423608374290546,"Not significant"
"BASP1","P80723","P80723_K150_M1_17","GlyGly (K)",0.633072773844421,0.633972537254186,0.412564916904087,"Not significant"
"HNRNPU","Q00839","Q00839_K494_M2_17","GlyGly (K)",5.66657417269333,0.633972537254186,0.420862360838149,"Not significant"
"NUCB1","Q02818","Q02818_K439_M1_17","GlyGly (K)",6.88747405528291,0.633972537254186,0.422737319021424,"Not significant"
"NSUN2","Q08J23","Q08J23_K338_M1_17","GlyGly (K)",-4.47740763177112,0.633972537254186,0.421323755821605,"Not significant"
"AHNAK","Q09666","Q09666_K2578_M1_17","GlyGly (K)",8.81793335365516,0.633972537254186,0.422435970465653,"Not significant"
"AHNAK","Q09666","Q09666_K4000_M1_17","GlyGly (K)",8.81793335365516,0.633972537254186,0.422435970465653,"Not significant"
"AHNAK","Q09666","Q09666_K4256_M1_17","GlyGly (K)",8.81793335365516,0.633972537254186,0.422435970465653,"Not significant"
"AHNAK","Q09666","Q09666_K4458_M1_17","GlyGly (K)",8.81793335365516,0.633972537254186,0.422435970465653,"Not significant"
"AHNAK","Q09666","Q09666_K4559_M1_17","GlyGly (K)",0.590080154894121,0.633972537254186,0.343014565103454,"Not significant"
"MYO1E","Q12965","Q12965_K679_M1_17","GlyGly (K)",-1.89521498133722,0.633972537254186,0.431548468949036,"Not significant"
"SF3B2","Q13435","Q13435_K770_M1_17","GlyGly (K)",5.35353792570849,0.633972537254186,0.420098485590411,"Not significant"
"TUBB3","Q13509","Q13509_K103_M1_17","GlyGly (K)",6.65096896416391,0.633972537254186,0.424326477754093,"Not significant"
"TUBB3","Q13509","Q13509_K324_M1_17","GlyGly (K)",2.29659601271803,0.633972537254186,0.419172262245578,"Not significant"
"CAMK2D","Q13557","Q13557_K22_M1_17","GlyGly (K)",-0.499263658746806,0.633972537254186,0.332802912819422,"Not significant"
"ALCAM","Q13740","Q13740_K60_M1_17","GlyGly (K)",0.729563592830754,0.633972537254186,0.366307654655485,"Not significant"
"RAB3GAP1","Q15042","Q15042_K744_M1_17","GlyGly (K)",2.53555844804364,0.633972537254186,0.404908421163389,"Not significant"
"RAB35","Q15286","Q15286_K10_M1_17","GlyGly (K)",-8.86342928064119,0.633972537254186,0.422495528694146,"Not significant"
"ZNF326","Q5BKZ1","Q5BKZ1_K442_M1_17","GlyGly (K)",-6.39097496460179,0.633972537254186,0.423784140558698,"Not significant"
"HP1BP3","Q5SSJ5","Q5SSJ5_K33_M1_17","GlyGly (K)",1.37933221213821,0.633972537254186,0.39459030987854,"Not significant"
"BTN2A1","Q7KYR7","Q7KYR7_K311_M1_17","GlyGly (K)",5.93959321457145,0.633972537254186,0.41739216651221,"Not significant"
"CNTRL","Q7Z7A1","Q7Z7A1_K546_M1_17","GlyGly (K)",-4.02193189369292,0.633972537254186,0.415686611092173,"Not significant"
"SUMF1","Q8NBK3","Q8NBK3_K109_M1_17","GlyGly (K)",1.67556962880612,0.633972537254186,0.304953024215368,"Not significant"
"NRGN","Q92686","Q92686_K11_M1_17","GlyGly (K)",5.13353095845027,0.633972537254186,0.432492446313529,"Not significant"
"SYMPK","Q92797","Q92797_K1109_M1_17","GlyGly (K)",-0.451793312096356,0.633972537254186,0.434848676708178,"Not significant"
"MCEE","Q96PE7","Q96PE7_K156_M1_17","GlyGly (K)",1.4402212769117,0.633972537254186,0.349824946350881,"Not significant"
"PARK7","Q99497","Q99497_K12_M1_17","GlyGly (K)",-10.171874851631,0.633972537254186,0.422320108371393,"Not significant"
"PARK7","Q99497","Q99497_K148_M1_17","GlyGly (K)",-2.68571483823022,0.633972537254186,0.412744444885547,"Not significant"
"DDX50","Q9BQ39","Q9BQ39_K213_M1_17","GlyGly (K)",-2.79039970672972,0.633972537254186,0.426792962010077,"Not significant"
"ACAT2","Q9BWD1","Q9BWD1_K200_M1_17","GlyGly (K)",-6.15128799374039,0.633972537254186,0.421777732004084,"Not significant"
"HELZ2","Q9BYK8","Q9BYK8_K2077_M1_17","GlyGly (K)",4.21695470693297,0.633972537254186,0.425022510257354,"Not significant"
"WDR33","Q9C0J8","Q9C0J8_K536_M1_17","GlyGly (K)",-1.5432385655891,0.633972537254186,0.345517954470202,"Not significant"
"ECHDC1","Q9NTX5","Q9NTX5_K301_M1_17","GlyGly (K)",-0.271738628183287,0.633972537254186,0.429360092710744,"Not significant"
"DNAJB11","Q9UBS4","Q9UBS4_K66_M1_17","GlyGly (K)",3.24400972985011,0.633972537254186,0.411647383727842,"Not significant"
"LRRFIP2","Q9Y608","Q9Y608_K14_M1_17","GlyGly (K)",2.83748598917641,0.633972537254186,0.395533571489603,"Not significant"
"CLIC4","Q9Y696","Q9Y696_K238_M1_17","GlyGly (K)",-2.52482000389038,0.633972537254186,0.409558574321961,"Not significant"
"SQOR","Q9Y6N5","Q9Y6N5_K280_M1_17","GlyGly (K)",6.45105074701329,0.633972537254186,0.417203198842129,"Not significant"
"SQOR","Q9Y6N5","Q9Y6N5_K320_M1_17","GlyGly (K)",1.32900077255918,0.633972537254186,0.42106118501755,"Not significant"
"STX3","Q13277","Q13277_K58_M2_17","GlyGly (K)",7.26523569780601,0.633972537254186,0.422187780369728,"Not significant"
"DDX20","Q9UHI6","Q9UHI6_K582_M2_17","GlyGly (K)",0.344522827076031,0.633972537254186,0.384409614328513,"Not significant"
"ERLIN2","O94905","O94905_K273_M2_17","GlyGly (K)",-1.26941499942461,0.633972537254186,0.391478438158145,"Not significant"
"H2AC4;H2AC25","P04908;Q7L7L0","P04908_K96_M1_17","GlyGly (K)",-1.16359848652059,0.634128189222172,0.437706517367212,"Not significant"
"H2AC4;H2AC25","P04908;Q7L7L0","Q7L7L0_K96_M1_17","GlyGly (K)",-1.16359848652059,0.634128189222172,0.437706517367212,"Not significant"
"P4HB","P07237","P07237_K366_M1_17","GlyGly (K)",2.43799902774513,0.634710479503395,0.441850777094719,"Not significant"
"NUDC","Q9Y266","Q9Y266_K275_M1_17","GlyGly (K)",-2.18914502289135,0.635301484430613,0.445286006761623,"Not significant"
"HSP90AA1","P07900","P07900_K100_M1_17","GlyGly (K)",4.08579969564657,0.635465083355533,0.445770257284422,"Not significant"
"CAPZB","P47756","P47756_K168_M1_17","GlyGly (K)",-1.62968450662569,0.635738249038305,0.44700617474944,"Not significant"
"LRRC8B","Q6P9F7","Q6P9F7_K588_M1_17","GlyGly (K)",0.101594467403517,0.635817034356015,0.447323204741475,"Not significant"
"HSPE1","P61604","P61604_K80_M1_17","GlyGly (K)",1.2113740560213,0.636107090854517,0.44824055162086,"Not significant"
"APOBR","Q0VD83","Q0VD83_K933_M1_17","GlyGly (K)",-1.78992513487037,0.636201854860353,0.449018304951536,"Not significant"
"CDC42","P60953","P60953_K166_M2_17","GlyGly (K)",-0.483032626859948,0.636976723081642,0.452215300106784,"Not significant"
"CAP1","Q01518","Q01518_K155_M1_17","GlyGly (K)",1.31349606726651,0.6370228779419,0.452299812788916,"Not significant"
"DEF6","Q9H4E7","Q9H4E7_K254_M1_17","GlyGly (K)",1.69467221220217,0.637095805776032,0.452455192490892,"Not significant"
"HSPD1","P10809","P10809_K387_M1_17","GlyGly (K)",-2.13605703171336,0.637158606345623,0.4526247385651,"Not significant"
"RPL10L","Q96L21","Q96L21_K187_M1_17","GlyGly (K)",0.901088247978367,0.638233236635572,0.457268551553938,"Not significant"
"PML","P29590","P29590_K209_M1_17","GlyGly (K)",0.600791504180401,0.638238698836558,0.457295253738241,"Not significant"
"FLOT2","Q14254","Q14254_K350_M2_17","GlyGly (K)",-1.0549540790122,0.638292354428181,0.457438015708333,"Not significant"
"SLC2A3","P11169","P11169_K243_M1_17","GlyGly (K)",3.24140487718438,0.638738909350398,0.459006545807316,"Not significant"
"HSPA8","P11142","P11142_K583_M1_17","GlyGly (K)",1.00116999495035,0.639246484682871,0.460830307745327,"Not significant"
"ATP1A1","P05023","P05023_K177_M1_17","GlyGly (K)",-3.29860572096151,0.639797802123833,0.46275437839164,"Not significant"
"RPS14","P62263","P62263_K125_M1_17","GlyGly (K)",0.446953696029407,0.640188727462349,0.464535713953955,"Not significant"
"MATK","P42679","P42679_K116_M1_17","GlyGly (K)",-1.07084145919726,0.64038438534156,0.465229295314473,"Not significant"
"ZMPSTE24","O75844","O75844_K325_M1_17","GlyGly (K)",-0.669977928407651,0.640404224874167,0.465293074715694,"Not significant"
"DR1","Q01658","Q01658_K103_M1_17","GlyGly (K)",2.12110068385319,0.64156790160951,0.46910135477799,"Not significant"
"DNAJB11","Q9UBS4","Q9UBS4_K328_M1_17","GlyGly (K)",0.238827542169989,0.641691282967021,0.469521717710563,"Not significant"
"CHMP4B","Q9H444","Q9H444_K77_M1_17","GlyGly (K)",0.904271576236163,0.642706860097405,0.473017162290986,"Not significant"
"HYOU1","Q9Y4L1","Q9Y4L1_K170_M1_17","GlyGly (K)",1.0159997486986,0.643461865100021,0.47535045619724,"Not significant"
"AHNAK","Q09666","Q09666_K4351_M2_17","GlyGly (K)",0.902176274142064,0.64391356053144,0.476711050261959,"Not significant"
"AHNAK","Q09666","Q09666_K4342_M2_17","GlyGly (K)",0.902176274142064,0.64391356053144,0.476711050261959,"Not significant"
"ACADM","P11310","P11310_K217_M1_17","GlyGly (K)",0.232646499065731,0.643921831038393,0.476740665178791,"Not significant"
"ACTB","Cont_P60712;P60709","Cont_P60712_K50_M1_17","GlyGly (K)",0.862574276044715,0.644545632627178,0.478913911557681,"Not significant"
"ACTB","Cont_P60712;P60709","P60709_K50_M1_17","GlyGly (K)",0.862574276044715,0.644545632627178,0.478913911557681,"Not significant"
"PIPSL","A2A3N6","A2A3N6_K637_M1_17","GlyGly (K)",-5.95147696808544,0.644696789200346,0.501820186000338,"Not significant"
"ALDOA","P04075","P04075_K289_M1_17","GlyGly (K)",0.256508762781018,0.644696789200346,0.490491210886402,"Not significant"
"GPX1","P07203","P07203_K166_M1_17","GlyGly (K)",-1.1541078905365,0.644696789200346,0.494502660412838,"Not significant"
"LTA4H","P09960","P09960_K83_M1_17","GlyGly (K)",2.43179617104992,0.644696789200346,0.495132070537584,"Not significant"
"ATP2A2","P16615","P16615_K7_M1_17","GlyGly (K)",5.24873256008937,0.644696789200346,0.496641278338733,"Not significant"
"PHB1","P35232","P35232_K208_M1_17","GlyGly (K)",-0.897108476505437,0.644696789200346,0.489561166176391,"Not significant"
"MATR3","P43243","P43243_K132_M1_17","GlyGly (K)",0.683626385204542,0.644696789200346,0.488269463061201,"Not significant"
"VASP","P50552","P50552_K240_M1_17","GlyGly (K)",2.31883882944586,0.644696789200346,0.497991225050851,"Not significant"
"H4C1","P62805","P62805_K60_M1_17","GlyGly (K)",-0.874171880882893,0.644696789200346,0.494856824377243,"Not significant"
"TOP2B","Q02880","Q02880_K251_M2_17","GlyGly (K)",7.30752544556177,0.644696789200346,0.499997258478519,"Not significant"
"AHNAK","Q09666","Q09666_K696_M1_17","GlyGly (K)",-6.79104360621531,0.644696789200346,0.501260329956896,"Not significant"
"SRSF7","Q16629","Q16629_K24_M1_17","GlyGly (K)",-2.7004391151134,0.644696789200346,0.483267053569324,"Not significant"
"RAVER1","Q8IY67","Q8IY67_K434_M1_17","GlyGly (K)",2.28459291088931,0.644696789200346,0.479576903722388,"Not significant"
"MYO18A","Q92614","Q92614_K1662_M1_17","GlyGly (K)",-0.847682530600486,0.644696789200346,0.498943456379469,"Not significant"
"DHRS9","Q9BPW9","Q9BPW9_K180_M1_17","GlyGly (K)",-1.06269184528078,0.644696789200346,0.491175521405528,"Not significant"
"HYOU1","Q9Y4L1","Q9Y4L1_K774_M1_17","GlyGly (K)",-5.991665671157,0.644696789200346,0.498386100085539,"Not significant"
"UBB;UBC","P0CG47;P0CG48","P0CG47_K87_M1_17","GlyGly (K)",11.5308335712158,0.644696789200346,0.499991978852689,"Not significant"
"UBB;UBC","P0CG47;P0CG48","P0CG47_K163_M1_17","GlyGly (K)",11.5308335712158,0.644696789200346,0.499991978852689,"Not significant"
"UBB;UBC","P0CG47;P0CG48","P0CG48_K87_M1_17","GlyGly (K)",11.5308335712158,0.644696789200346,0.499991978852689,"Not significant"
"UBB;UBC","P0CG47;P0CG48","P0CG48_K163_M1_17","GlyGly (K)",11.5308335712158,0.644696789200346,0.499991978852689,"Not significant"
"UBB;UBC","P0CG47;P0CG48","P0CG48_K239_M1_17","GlyGly (K)",11.5308335712158,0.644696789200346,0.499991978852689,"Not significant"
"UBB;UBC","P0CG47;P0CG48","P0CG48_K315_M1_17","GlyGly (K)",11.5308335712158,0.644696789200346,0.499991978852689,"Not significant"
"UBB;UBC","P0CG47;P0CG48","P0CG48_K391_M1_17","GlyGly (K)",11.5308335712158,0.644696789200346,0.499991978852689,"Not significant"
"UBB;UBC","P0CG47;P0CG48","P0CG48_K467_M1_17","GlyGly (K)",11.5308335712158,0.644696789200346,0.499991978852689,"Not significant"
"UBB;UBC","P0CG47;P0CG48","P0CG48_K543_M1_17","GlyGly (K)",11.5308335712158,0.644696789200346,0.499991978852689,"Not significant"
"UBB;UBC","P0CG47;P0CG48","P0CG48_K619_M1_17","GlyGly (K)",11.5308335712158,0.644696789200346,0.499991978852689,"Not significant"
"TOP2B","Q02880","Q02880_K254_M2_17","GlyGly (K)",7.46669296938416,0.644696789200346,0.499655122285628,"Not significant"
"AHNAK","Q09666","Q09666_K4489_M1_17","GlyGly (K)",3.54092207141862,0.644696789200346,0.496262087170373,"Not significant"
"RPLP1","P05386","P05386_K92_M1_17","GlyGly (K)",2.27417645170815,0.644768366034598,0.504108871651388,"Not significant"
"CAP1","Q01518","Q01518_K100_M1_17","GlyGly (K)",2.17048452390473,0.644947817966416,0.505682285949087,"Not significant"
"UBR7","Q8N806","Q8N806_K384_M1_17","GlyGly (K)",3.92957224190326,0.645551351615047,0.508730359875336,"Not significant"
"EEA1","Q15075","Q15075_K813_M1_17","GlyGly (K)",0.96877009083075,0.645642502372472,0.509068900251403,"Not significant"
"MYO1E","Q12965","Q12965_K883_M2_17","GlyGly (K)",0.334030267014706,0.645926740946507,0.510208246647267,"Not significant"
"MYO1E","Q12965","Q12965_K882_M2_17","GlyGly (K)",0.334030267014706,0.645926740946507,0.510208246647267,"Not significant"
"HP1BP3","Q5SSJ5","Q5SSJ5_K33_M2_17","GlyGly (K)",-3.58192654668588,0.647126129559111,0.514500743279292,"Not significant"
"EEF1A1","Cont_P68103;P68104","Cont_P68103_K100_M1_17","GlyGly (K)",0.330469788043586,0.647414065445209,0.515668030906434,"Not significant"
"EEF1A1","Cont_P68103;P68104","P68104_K100_M1_17","GlyGly (K)",0.330469788043586,0.647414065445209,0.515668030906434,"Not significant"
"ATG16L1","Q676U5","Q676U5_K266_M1_17","GlyGly (K)",-0.879877567890907,0.648671974515067,0.520269888920458,"Not significant"
"IFIT3","O14879","O14879_K254_M2_17","GlyGly (K)",0.367983124257459,0.649340323691328,0.522472656222682,"Not significant"
"RUVBL2","Q9Y230","Q9Y230_K115_M1_17","GlyGly (K)",-1.69393865748202,0.64954987971346,0.523015887835904,"Not significant"
"COPG1","Q9Y678","Q9Y678_K497_M1_17","GlyGly (K)",-0.83494498957697,0.650081359512329,0.524948008795331,"Not significant"
"ACTR2","P61160","P61160_K46_M2_17","GlyGly (K)",-0.406339424423858,0.650659032055879,0.526396785340054,"Not significant"
"ATP5F1D","P30049","P30049_K136_M1_17","GlyGly (K)",0.494352367451601,0.651127269215117,0.527783700386416,"Not significant"
"KRT2","Cont_P35908;P35908","Cont_P35908_K267_M1_17","GlyGly (K)",-1.08904134225891,0.652556875065551,0.531941409444385,"Not significant"
"KRT2","Cont_P35908;P35908","P35908_K267_M1_17","GlyGly (K)",-1.08904134225891,0.652556875065551,0.531941409444385,"Not significant"
"ATP5F1B","P06576","P06576_K480_M1_17","GlyGly (K)",0.963471274167106,0.652822630632068,0.532537151866246,"Not significant"
"EIF2AK2","P19525","P19525_K388_M2_17","GlyGly (K)",1.65261010026562,0.653827338983069,0.535654472470925,"Not significant"
"MDH2","P40926","P40926_K91_M1_17","GlyGly (K)",-0.651099701144372,0.65391015858842,0.53585430082353,"Not significant"
"XRCC5","P13010","P13010_K291_M1_17","GlyGly (K)",1.59430560484147,0.653912336244757,0.535867628382999,"Not significant"
"NCL","P19338","P19338_K362_M1_17","GlyGly (K)",1.61837685447315,0.656297997415717,0.543271212497275,"Not significant"
"RIDA","P52758","P52758_K67_M2_17","GlyGly (K)",0.735349031293383,0.657415124059404,0.54641806323128,"Not significant"
"RPS2","P15880","P15880_K246_M2_17","GlyGly (K)",0.406151524098107,0.658054045602902,0.548432933347472,"Not significant"
"NONO","Q15233","Q15233_K467_M1_17","GlyGly (K)",1.74796719560856,0.658698812299862,0.550529157376475,"Not significant"
"CBX1","P83916","P83916_K25_M1_17","GlyGly (K)",1.912613691366,0.660888682382753,0.55693489518249,"Not significant"
"CAP1","Q01518","Q01518_K328_M1_17","GlyGly (K)",0.626761217635928,0.662335508105633,0.561251785528617,"Not significant"
"ARL8B","Q9NVJ2","Q9NVJ2_K117_M1_17","GlyGly (K)",0.634016948990519,0.664040234933148,0.566531435173831,"Not significant"
"EEA1","Q15075","Q15075_K1055_M1_17","GlyGly (K)",0.831361967494581,0.665537393425049,0.57108346803253,"Not significant"
"H1-3","P16402","P16402_K35_M1_17","GlyGly (K)",-0.401447852304533,0.665781252795672,0.571808607477576,"Not significant"
"RBM25","P49756","P49756_K261_M1_17","GlyGly (K)",-0.439998888293232,0.66584773339389,0.571976260322562,"Not significant"
"RNH1","P13489","P13489_K283_M2_17","GlyGly (K)",0.329614435153363,0.667130177335728,0.576045150740608,"Not significant"
"PFDN4","Q9NQP4","Q9NQP4_K6_M2_17","GlyGly (K)",-0.47691597710908,0.667635862648822,0.577520551234989,"Not significant"
"DBN1","Q16643","Q16643_K165_M1_17","GlyGly (K)",0.727991585656247,0.668662288879335,0.580952769901385,"Not significant"
"PDIA6","Q15084","Q15084_K373_M1_17","GlyGly (K)",0.0755754423779197,0.669901750858775,0.584525504772982,"Not significant"
"LAMTOR5","O43504","O43504_K14_M1_17","GlyGly (K)",0.225270030063385,0.670499266399937,0.586379162243754,"Not significant"
"H2BC21","Q16778","Q16778_K58_M2_17","GlyGly (K)",-0.415866861184154,0.67108350400405,0.588225422029963,"Not significant"
"H2BC21","Q16778","Q16778_K47_M2_17","GlyGly (K)",-0.415866861184154,0.67108350400405,0.588225422029963,"Not significant"
"CTTNBP2NL","Q9P2B4","Q9P2B4_K8_M1_17","GlyGly (K)",-0.189793253805884,0.671192318535837,0.588510672440922,"Not significant"
"TMSB4X","P62328","P62328_K32_M2_17","GlyGly (K)",-0.131810096691053,0.671590167087384,0.5898913693701,"Not significant"
"TMSB4X","P62328","P62328_K26_M2_17","GlyGly (K)",-0.131810096691053,0.671590167087384,0.5898913693701,"Not significant"
"HNRNPD","Q14103","Q14103_K218_M1_17","GlyGly (K)",-0.905712096627171,0.673935123551256,0.597063908146645,"Not significant"
"HCLS1","P14317","P14317_K273_M1_17","GlyGly (K)",-0.197415240678432,0.674759661506008,0.599508063703426,"Not significant"
"ACTC1","P68032","P68032_K217_M2_17","GlyGly (K)",0.367734499009442,0.674818299646051,0.599700283737538,"Not significant"
"ACTC1","P68032","P68032_K215_M2_17","GlyGly (K)",0.367734499009442,0.674818299646051,0.599700283737538,"Not significant"
"ACAA2","P42765","P42765_K312_M1_17","GlyGly (K)",0.945752867159363,0.675205183682189,0.600791621763799,"Not significant"
"ANXA6","P08133","P08133_K113_M2_17","GlyGly (K)",-0.685408013116222,0.676533210081969,0.604338596782296,"Not significant"
"ANXA6","P08133","P08133_K102_M2_17","GlyGly (K)",-0.685408013116222,0.676533210081969,0.604338596782296,"Not significant"
"ENO1","P06733","P06733_K221_M1_17","GlyGly (K)",0.544994559465658,0.676738023382834,0.605014642553426,"Not significant"
"POTEF","A5A3E0","A5A3E0_K813_M1_17","GlyGly (K)",-0.24327683107351,0.677266040207037,0.60658199744034,"Not significant"
"EEF1D","P29692","P29692_K17_M1_17","GlyGly (K)",1.73517499494501,0.677422202589286,0.607017735299497,"Not significant"
"STIP1","P31948","P31948_K100_M1_17","GlyGly (K)",0.520970450695826,0.677608145807485,0.60759689518737,"Not significant"
"LIMA1","Q9UHB6","Q9UHB6_K250_M1_17","GlyGly (K)",0.274567595914255,0.677827686662487,0.608210596671126,"Not significant"
"CYRIB","Q9NUQ9","Q9NUQ9_K286_M2_17","GlyGly (K)",0.317974820173432,0.678184345372594,0.609384140778929,"Not significant"
"RAB1A","P62820","P62820_K140_M1_17","GlyGly (K)",-0.227505311192565,0.678197064978796,0.609478849250338,"Not significant"
"MTHFD1","P11586","P11586_K370_M1_17","GlyGly (K)",0.630998838071471,0.679451031214138,0.613356967992979,"Not significant"
"EIF3B","P55884","P55884_K552_M2_17","GlyGly (K)",0.167109831685354,0.679554909430198,0.613686068213632,"Not significant"
"XRN2","Q9H0D6","Q9H0D6_K533_M1_17","GlyGly (K)",0.45074007129849,0.680418761304024,0.616308202666775,"Not significant"
"EEF1A1","Cont_P68103;P68104","Cont_P68103_K408_M1_17","GlyGly (K)",0.640879344072936,0.681033765853655,0.618182126040693,"Not significant"
"EEF1A1","Cont_P68103;P68104","P68104_K408_M1_17","GlyGly (K)",0.640879344072936,0.681033765853655,0.618182126040693,"Not significant"
"RAB1A","P62820","P62820_K156_M1_17","GlyGly (K)",0.124948799275959,0.681956880808135,0.620865187926603,"Not significant"
"PGAM1","P18669","P18669_K138_M1_17","GlyGly (K)",-0.653985192395476,0.683257602591531,0.624826425536019,"Not significant"
"GAPDH","P04406","P04406_K139_M1_17","GlyGly (K)",1.21549558278164,0.684009832168424,0.626972381593348,"Not significant"
"DNAJC13","O75165","O75165_K599_M1_17","GlyGly (K)",0.500853959753499,0.686558733769229,0.635107722584532,"Not significant"
"KRT80","Cont_Q6KB66;Q6KB66","Cont_Q6KB66_K373_M2_17","GlyGly (K)",1.14483477033312,0.686773437292829,0.635695007369488,"Not significant"
"KRT80","Cont_Q6KB66;Q6KB66","Q6KB66_K373_M2_17","GlyGly (K)",1.14483477033312,0.686773437292829,0.635695007369488,"Not significant"
"SUMO3","P55854","P55854_K20_M1_17","GlyGly (K)",1.18205412210135,0.687926080210635,0.639720347077481,"Not significant"
"ANPEP","P15144","P15144_K641_M1_17","GlyGly (K)",0.717882123218231,0.689664860219206,0.645297976602714,"Not significant"
"HINT1","P49773","P49773_K30_M1_17","GlyGly (K)",1.06849492043704,0.690746835890532,0.648587765070457,"Not significant"
"VDAC1","P21796","P21796_K256_M1_17","GlyGly (K)",0.528709502111984,0.692348412052022,0.653161809742858,"Not significant"
"RAP2B","P61225","P61225_K5_M1_17","GlyGly (K)",-0.153711784295737,0.694276386598973,0.658946571735697,"Not significant"
"IDH3B","O43837","O43837_K105_M1_17","GlyGly (K)",1.03037101692598,0.694979692712288,0.661082179419249,"Not significant"
"TXN","P10599","P10599_K96_M2_17","GlyGly (K)",0.231557569468899,0.695004025785819,0.661182390225052,"Not significant"
"TXN","P10599","P10599_K94_M2_17","GlyGly (K)",0.231557569468899,0.695004025785819,0.661182390225052,"Not significant"
"ALB","Cont_P02769","Cont_P02769_K580_M1_17","GlyGly (K)",0.170549580576855,0.69566186517584,0.663684037762786,"Not significant"
"HP1BP3","Q5SSJ5","Q5SSJ5_K334_M1_17","GlyGly (K)",-0.405025842368506,0.695753035656672,0.664069454875489,"Not significant"
"SYNCRIP","O60506","O60506_K363_M2_17","GlyGly (K)",-0.280455998603483,0.696381814359937,0.666074273286228,"Not significant"
"HSP90B1","P14625","P14625_K702_M2_17","GlyGly (K)",-1.10369763572392,0.69870000034484,0.673576038104635,"Not significant"
"SND1","Q7KZF4","Q7KZF4_K93_M1_17","GlyGly (K)",0.968053582772757,0.70015089804294,0.67844361309044,"Not significant"
"XIRP1","Q702N8","Q702N8_K230_M2_17","GlyGly (K)",1.11153097246132,0.701144498815025,0.681631185087622,"Not significant"
"HNRNPU","Q00839","Q00839_K436_M1_17","GlyGly (K)",-0.0943334921050919,0.701628520408165,0.683273370787763,"Not significant"
"RAB1B","Q9H0U4","Q9H0U4_K58_M2_17","GlyGly (K)",-0.315084538623567,0.702273993964628,0.685316320290567,"Not significant"
"RAB1B","Q9H0U4","Q9H0U4_K55_M2_17","GlyGly (K)",-0.315084538623567,0.702273993964628,0.685316320290567,"Not significant"
"RPL30","P62888","P62888_K87_M1_17","GlyGly (K)",0.996136981054551,0.702289591172185,0.685379214151295,"Not significant"
"ACTB","Cont_P60712;P60709","Cont_P60712_K215_M1_17","GlyGly (K)",0.708636220213086,0.703520369515031,0.689574481733918,"Not significant"
"ACTB","Cont_P60712;P60709","P60709_K215_M1_17","GlyGly (K)",0.708636220213086,0.703520369515031,0.689574481733918,"Not significant"
"MLLT1","Q03111","Q03111_K269_M1_17","GlyGly (K)",0.19370081576423,0.704225930027259,0.691408684625549,"Not significant"
"MACROH2A1","O75367","O75367_K236_M2_17","GlyGly (K)",0.184949894165352,0.704380065238293,0.691989907730711,"Not significant"
"MACROH2A1","O75367","O75367_K233_M2_17","GlyGly (K)",0.184949894165352,0.704380065238293,0.691989907730711,"Not significant"
"SOD1","P00441","P00441_K4_M2_17","GlyGly (K)",-0.189044872701816,0.704454353948591,0.692240474606864,"Not significant"
"AHNAK","Q09666","Q09666_K2773_M2_17","GlyGly (K)",-0.16320987163852,0.704974573095742,0.69402094256496,"Not significant"
"ANXA5","P08758","P08758_K70_M1_17","GlyGly (K)",0.608529064597748,0.706170423497945,0.697987619784288,"Not significant"
"RAB11B","Q15907","Q15907_K41_M1_17","GlyGly (K)",0.296014150737128,0.707052417484243,0.700392597348371,"Not significant"
"YBX1","P67809","P67809_K98_M1_17","GlyGly (K)",0.928484473283034,0.707275421511843,0.701207822675311,"Not significant"
"ITGB2","P05107","P05107_K742_M2_17","GlyGly (K)",0.193531048145992,0.707395761432872,0.70152920396344,"Not significant"
"INPP5D","Q92835","Q92835_K568_M1_17","GlyGly (K)",-0.6029696760571,0.708083596242591,0.703783479012173,"Not significant"
"NANS","Q9NR45","Q9NR45_K246_M2_17","GlyGly (K)",-0.339481304611146,0.70973789670854,0.709508751181513,"Not significant"
"HNRNPAB","Q99729","Q99729_K169_M1_17","GlyGly (K)",0.138297042435926,0.709779934485893,0.709718949571993,"Not significant"
"TGFB1","P01137","P01137_K291_M1_17","GlyGly (K)",-0.190498511368773,0.711334693482665,0.714826635337677,"Not significant"
"ARPC4","P59998","P59998_K44_M1_17","GlyGly (K)",-0.617639899820351,0.71234765098878,0.718201769730679,"Not significant"
"PPP1R12A","O14974","O14974_K945_M1_17","GlyGly (K)",-0.153760823200778,0.712960917048101,0.720224162136491,"Not significant"
"HSPA8","P11142","P11142_K88_M1_17","GlyGly (K)",0.421759009662852,0.713026658481473,0.720507300629499,"Not significant"
"CRKL","P46109","P46109_K253_M1_17","GlyGly (K)",-0.152695404382056,0.714259252928247,0.724523205233755,"Not significant"
"HSPA5","P11021","P11021_K185_M1_17","GlyGly (K)",0.55328440790456,0.714637084259426,0.725780187813348,"Not significant"
"HSPA5","P11021","P11021_K81_M1_17","GlyGly (K)",-0.127379549977483,0.715377481400943,0.728276400439914,"Not significant"
"HSPA1A;HSPA1B","P0DMV8;P0DMV9","P0DMV8_K128_M1_17","GlyGly (K)",0.387452963413339,0.715388306893658,0.728317117245352,"Not significant"
"HSPA1A;HSPA1B","P0DMV8;P0DMV9","P0DMV9_K128_M1_17","GlyGly (K)",0.387452963413339,0.715388306893658,0.728317117245352,"Not significant"
"HYPK","Q9NX55","Q9NX55_K83_M2_17","GlyGly (K)",0.806058013237975,0.716733365380303,0.732698579174229,"Not significant"
"PDIA3","P30101","P30101_K252_M1_17","GlyGly (K)",-0.392753645945476,0.717875746060993,0.736312863784756,"Not significant"
"HSPA1L","P34931","P34931_K130_M1_17","GlyGly (K)",0.397286726438577,0.717974853073329,0.73680403439995,"Not significant"
"ACADM","P11310","P11310_K69_M1_17","GlyGly (K)",-0.524251029456673,0.718093175465193,0.737213347178752,"Not significant"
"ITGAM","P11215","P11215_K912_M1_17","GlyGly (K)",-0.106890336751868,0.718522891280655,0.738592397679167,"Not significant"
"CANX","P27824","P27824_K384_M1_17","GlyGly (K)",0.340760280899144,0.718565173253727,0.738755355604005,"Not significant"
"RPL14","P50914","P50914_K23_M1_17","GlyGly (K)",-0.699682612191729,0.71890047971343,0.739856291494716,"Not significant"
"HSPA2","P54652","P54652_K109_M2_17","GlyGly (K)",-0.491825511714161,0.719237527971592,0.74093591654337,"Not significant"
"HDAC2","Q92769","Q92769_K362_M1_17","GlyGly (K)",0.506982994578595,0.72062200893968,0.745343749532142,"Not significant"
"ATP5F1A","P25705","P25705_K175_M1_17","GlyGly (K)",0.0760685036370726,0.720897953272841,0.7463436163692,"Not significant"
"HP1BP3","Q5SSJ5","Q5SSJ5_K258_M1_17","GlyGly (K)",0.356334923384237,0.721185313939701,0.747298473555756,"Not significant"
"PDIA3","P30101","P30101_K61_M1_17","GlyGly (K)",-0.314015737859087,0.723835866265634,0.756645010998338,"Not significant"
"MRRF","Q96E11","Q96E11_K160_M1_17","GlyGly (K)",-0.513316546352218,0.727333192354664,0.768606148798609,"Not significant"
"RAB1B","Q9H0U4","Q9H0U4_K137_M1_17","GlyGly (K)",-0.124576035252166,0.727981013203403,0.771082058841244,"Not significant"
"NCL","P19338","P19338_K297_M2_17","GlyGly (K)",0.443942511913162,0.728129098021361,0.771592167831625,"Not significant"
"NCL","P19338","P19338_K295_M2_17","GlyGly (K)",0.443942511913162,0.728129098021361,0.771592167831625,"Not significant"
"HSPA2","P54652","P54652_K461_M1_17","GlyGly (K)",0.202857025336341,0.729180484602272,0.775287408549773,"Not significant"
"RPL27","P61353","P61353_K69_M2_17","GlyGly (K)",-0.198592273073324,0.730805426970733,0.781003793096634,"Not significant"
"P4HB","P07237","P07237_K263_M1_17","GlyGly (K)",-0.630744092714582,0.731289144806982,0.78305315984484,"Not significant"
"SSBP1","Q04837","Q04837_K145_M1_17","GlyGly (K)",-0.155303037843863,0.732051665902181,0.785700527994375,"Not significant"
"CD2AP","Q9Y5K6","Q9Y5K6_K557_M1_17","GlyGly (K)",-0.103853501817926,0.732597280622835,0.787738185475952,"Not significant"
"TMSB4X","P62328","P62328_K15_M2_17","GlyGly (K)",-0.153022021980025,0.732847592503088,0.788856907258562,"Not significant"
"TFRC","P02786","P02786_K134_M1_17","GlyGly (K)",-0.289647089679026,0.733936799096446,0.792726100251851,"Not significant"
"HSPA1L","P34931","P34931_K332_M1_17","GlyGly (K)",0.275709798946833,0.734277644170332,0.794183703572678,"Not significant"
"FCHO2","Q0JRZ9","Q0JRZ9_K103_M2_17","GlyGly (K)",0.519116369646775,0.735257219735256,0.79725041017105,"Not significant"
"FCHO2","Q0JRZ9","Q0JRZ9_K99_M2_17","GlyGly (K)",0.519116369646775,0.735257219735256,0.79725041017105,"Not significant"
"CHI3L1","P36222","P36222_K91_M1_17","GlyGly (K)",-0.147827178447756,0.736138996244968,0.800258796798224,"Not significant"
"HSP90AA4P","Q58FG1","Q58FG1_K289_M1_17","GlyGly (K)",-0.393478831747542,0.736276055971975,0.800673570712336,"Not significant"
"HSPA2","P54652","P54652_K139_M2_17","GlyGly (K)",-0.604855168851166,0.736290978675245,0.800737579270442,"Not significant"
"AHNAK","Q09666","Q09666_K5744_M2_17","GlyGly (K)",0.438990146213028,0.736318966371019,0.800821587039645,"Not significant"
"MOV10","Q9HCE1","Q9HCE1_K952_M1_17","GlyGly (K)",0.233682191578641,0.736389198356768,0.800988178227315,"Not significant"
"SPN","P16150","P16150_K350_M1_17","GlyGly (K)",0.552390837531612,0.737962353119255,0.806965290146858,"Not significant"
"SH3GL1","Q99961","Q99961_K239_M1_17","GlyGly (K)",0.0909470560527005,0.73799768247187,0.807129989474171,"Not significant"
"CAP1","Cont_Q3SYV4","Cont_Q3SYV4_K272_M1_17","GlyGly (K)",-0.0937234479923197,0.73909691929493,0.810862412147046,"Not significant"
"GRPEL1","Q9HAV7","Q9HAV7_K153_M1_17","GlyGly (K)",-0.262736793120498,0.73960246527028,0.812699892665205,"Not significant"
"NRDC","O43847","O43847_K623_M1_17","GlyGly (K)",0.195723198408696,0.739797435062458,0.813423628999013,"Not significant"
"PLIN2","Q99541","Q99541_K153_M2_17","GlyGly (K)",-0.380273478713892,0.739835162566801,0.813567417102397,"Not significant"
"PLIN2","Q99541","Q99541_K151_M2_17","GlyGly (K)",-0.380273478713892,0.739835162566801,0.813567417102397,"Not significant"
"RPLP2","P05387","P05387_K94_M1_17","GlyGly (K)",0.118320752150444,0.740200632164912,0.815059909484064,"Not significant"
"RPL17","P18621","P18621_K105_M1_17","GlyGly (K)",0.476464969144888,0.74292296106463,0.824967119691422,"Not significant"
"ACTB","Cont_P60712;P60709","Cont_P60712_K315_M1_17","GlyGly (K)",0.255989861839477,0.743077982891303,0.825530416633128,"Not significant"
"ACTB","Cont_P60712;P60709","P60709_K315_M1_17","GlyGly (K)",0.255989861839477,0.743077982891303,0.825530416633128,"Not significant"
"GPI","Cont_Q3ZBD7","Cont_Q3ZBD7_K550_M1_17","GlyGly (K)",-0.111276212165949,0.743538829606069,0.827132881994208,"Not significant"
"KRT1","Cont_P04264;P04264","Cont_P04264_K395_M1_17","GlyGly (K)",-0.443019486485042,0.744893170614816,0.832360212557232,"Not significant"
"KRT1","Cont_P04264;P04264","P04264_K395_M1_17","GlyGly (K)",-0.443019486485042,0.744893170614816,0.832360212557232,"Not significant"
"LRPPRC","P42704","P42704_K155_M1_17","GlyGly (K)",-0.393641713473964,0.746276456427137,0.838123677668677,"Not significant"
"NDRG1","Q92597","Q92597_K285_M1_17","GlyGly (K)",-0.329724813616036,0.747725194802782,0.843317944788288,"Not significant"
"ETFB","P38117","P38117_K23_M1_17","GlyGly (K)",-0.056351507765042,0.747730214049377,0.843339594455,"Not significant"
"CANX","P27824","P27824_K398_M1_17","GlyGly (K)",0.197172839442538,0.748502100600198,0.846357534914744,"Not significant"
"GALK1","P51570","P51570_K252_M1_17","GlyGly (K)",-0.309745021264644,0.748551439976961,0.846505244361951,"Not significant"
"HSPA9","P38646","P38646_K76_M1_17","GlyGly (K)",0.203710475161783,0.749217841975342,0.849058548373385,"Not significant"
"PDCD6","O75340","O75340_K90_M2_17","GlyGly (K)",0.322931140013411,0.750135409537244,0.852384978919064,"Not significant"
"TPD52L2","O43399","O43399_K15_M1_17","GlyGly (K)",0.268727320466061,0.752199950234177,0.860246664715167,"Not significant"
"ANP32B","Q92688","Q92688_K116_M1_17","GlyGly (K)",0.0703309488471282,0.753034311509725,0.863873845444998,"Not significant"
"MTHFD1","P11586","P11586_K760_M1_17","GlyGly (K)",-0.101239349414525,0.753752593984418,0.866536873710424,"Not significant"
"AHNAK","Q09666","Q09666_K1652_M1_17","GlyGly (K)",-0.196146033957458,0.757840886792987,0.882388895247489,"Not significant"
"AHNAK","Q09666","Q09666_K1854_M1_17","GlyGly (K)",-0.196146033957458,0.757840886792987,0.882388895247489,"Not significant"
"AHNAK","Q09666","Q09666_K1921_M1_17","GlyGly (K)",-0.196146033957458,0.757840886792987,0.882388895247489,"Not significant"
"AHNAK","Q09666","Q09666_K2116_M1_17","GlyGly (K)",-0.196146033957458,0.757840886792987,0.882388895247489,"Not significant"
"TARDBP","Q13148","Q13148_K79_M1_17","GlyGly (K)",0.261517181206263,0.758403280243336,0.884384021352054,"Not significant"
"ACTN1","P12814","P12814_K649_M1_17","GlyGly (K)",-0.21671357441372,0.75874842936539,0.885809083603906,"Not significant"
"HSPA6","P17066","P17066_K58_M1_17","GlyGly (K)",-0.290599169928498,0.759073594848704,0.887029593971527,"Not significant"
"CD81","P60033","P60033_K144_M1_17","GlyGly (K)",-0.302458745821903,0.75966710515533,0.889499055437274,"Not significant"
"ATP5F1A","P25705","P25705_K161_M1_17","GlyGly (K)",-0.0563289592868396,0.760322529683068,0.892342592823507,"Not significant"
"THRAP3","Q9Y2W1","Q9Y2W1_K252_M1_17","GlyGly (K)",0.119424975053949,0.760431449471554,0.892922866387493,"Not significant"
"DDX21","Q9NR30","Q9NR30_K236_M1_17","GlyGly (K)",-0.285982209461652,0.760443514627105,0.892974904766577,"Not significant"
"AK2","P54819","P54819_K65_M2_17","GlyGly (K)",-0.108360857162319,0.760706636665443,0.893958186167646,"Not significant"
"RALA","P11233","P11233_K128_M1_17","GlyGly (K)",0.266783193826158,0.762886279145839,0.902829731531101,"Not significant"
"HSPA9","P38646","P38646_K595_M1_17","GlyGly (K)",0.059290751875605,0.763481875186304,0.905465478703335,"Not significant"
"ECH1","Q13011","Q13011_K161_M1_17","GlyGly (K)",-0.254432951918443,0.763503749530833,0.905590022722066,"Not significant"
"GAPDH","P04406","P04406_K186_M1_17","GlyGly (K)",-0.0484240129184469,0.764871589829626,0.910790588911747,"Not significant"
"IMP4","Q96G21","Q96G21_K129_M1_17","GlyGly (K)",0.103542195923667,0.765816785432506,0.914577561047024,"Not significant"
"ACTN1","P12814","P12814_K420_M1_17","GlyGly (K)",0.193351862813853,0.766023405911259,0.915474599825876,"Not significant"
"MYO1G","B0I1T2","B0I1T2_K544_M1_17","GlyGly (K)",-0.123418706833247,0.766416388768403,0.917185999582263,"Not significant"
"HSPD1","P10809","P10809_K218_M1_17","GlyGly (K)",-0.0401193824132927,0.768316121855092,0.924844298645784,"Not significant"
"IGF2BP2","Q9Y6M1","Q9Y6M1_K530_M1_17","GlyGly (K)",0.19668281515571,0.7685672822506,0.926014573133091,"Not significant"
"PGRMC2","O15173","O15173_K132_M2_17","GlyGly (K)",0.0380181821284917,0.768620465518168,0.926320892162885,"Not significant"
"UGGT1","Q9NYU2","Q9NYU2_K930_M1_17","GlyGly (K)",-0.0488866476343586,0.768939562424124,0.927598209550372,"Not significant"
"PKM","P14618","P14618_K322_M1_17","GlyGly (K)",0.0412306103172001,0.768965418054107,0.927719599387266,"Not significant"
"HSP90B1","P14625","P14625_K708_M1_17","GlyGly (K)",-0.160225557074852,0.769323878053974,0.929166887730485,"Not significant"
"PITRM1","Q5JRX3","Q5JRX3_K820_M1_17","GlyGly (K)",0.13629257324878,0.769537668002494,0.930144956310905,"Not significant"
"SEC63","Q9UGP8","Q9UGP8_K368_M1_17","GlyGly (K)",0.0341567805496106,0.770343928370883,0.933479359765713,"Not significant"
"KHDRBS1","Q07666","Q07666_K96_M1_17","GlyGly (K)",0.180532597978943,0.770369535789401,0.933620095872524,"Not significant"
"ADAM10","O14672","O14672_K591_M2_17","GlyGly (K)",-0.140733517335368,0.770493745930097,0.934257212843649,"Not significant"
"ADAM10","O14672","O14672_K588_M2_17","GlyGly (K)",-0.140733517335368,0.770493745930097,0.934257212843649,"Not significant"
"LRRFIP2","Q9Y608","Q9Y608_K577_M1_17","GlyGly (K)",0.141002959280427,0.770819475705362,0.935636186676839,"Not significant"
"FLOT2","Q14254","Q14254_K356_M2_17","GlyGly (K)",-0.169445737863372,0.771338213188422,0.938174234239815,"Not significant"
"GLUD1","P00367","P00367_K171_M1_17","GlyGly (K)",-0.153875714983834,0.772096052610942,0.941166837457669,"Not significant"
"HLA-F","P30511","P30511_K142_M1_17","GlyGly (K)",0.032936923154032,0.772842653480081,0.944042569215112,"Not significant"
"GPD2","P43304","P43304_K303_M1_17","GlyGly (K)",0.130633401460425,0.773077467149728,0.945197279335088,"Not significant"
"HSPA9","P38646","P38646_K206_M1_17","GlyGly (K)",-0.117204231388245,0.773113413482075,0.945351349941054,"Not significant"
"HSPD1","P10809","P10809_K180_M1_17","GlyGly (K)",0.0518172212532134,0.773427742995371,0.946656398847354,"Not significant"
"H1-5","P16401","P16401_K37_M1_17","GlyGly (K)",-0.0279268988553223,0.773886928006498,0.948654510724523,"Not significant"
"ANXA1","P04083","P04083_K214_M1_17","GlyGly (K)",-0.136333080133804,0.774147964325039,0.949886437609727,"Not significant"
"HM13","Q8TCT9","Q8TCT9_K61_M1_17","GlyGly (K)",0.131187084837419,0.774574624713707,0.951569363374681,"Not significant"
"PSME3","P61289","P61289_K123_M2_17","GlyGly (K)",0.0261683311600556,0.775372434770844,0.954757649988977,"Not significant"
"PSME3","P61289","P61289_K121_M2_17","GlyGly (K)",0.0261683311600556,0.775372434770844,0.954757649988977,"Not significant"
"AHNAK","Q09666","Q09666_K5747_M2_17","GlyGly (K)",-0.0725111617503528,0.779052025413486,0.971142287255143,"Not significant"
"PRKDC","P78527","P78527_K1422_M1_17","GlyGly (K)",-0.0389323503830389,0.779358263494237,0.972303864665862,"Not significant"
"PRDX5","P30044","P30044_K102_M1_17","GlyGly (K)",0.0612548296196406,0.779531004714909,0.973009510102814,"Not significant"
"TYW1B;TYW1","Q6NUM6;Q9NV66","Q6NUM6_K414_M1_17","GlyGly (K)",0.0424434093858036,0.78020096104273,0.976037929836315,"Not significant"
"TYW1B;TYW1","Q6NUM6;Q9NV66","Q9NV66_K478_M1_17","GlyGly (K)",0.0424434093858036,0.78020096104273,0.976037929836315,"Not significant"
"MMP9","P14780","P14780_K65_M1_17","GlyGly (K)",-0.00457281192364393,0.780575113668398,0.977820542070511,"Not significant"
"HNRNPH1","P31943","P31943_K35_M1_17","GlyGly (K)",-0.00416656303382864,0.784113302819254,0.993125515639335,"Not significant"
