Comparison (group1/group2),Genes,UniProtIds,ProteinGroups,ProteinNames,ProteinDescriptions,Group,PTM.ModificationTitle,AVG Log2 Ratio,Qvalue,Pvalue,# of Ratios,Significance
LPS / LPS+Nigericin,ARHGAP18,Q8N392,Q8N392,RHG18_HUMAN,Rho GTPase-activating protein 18,Q8N392_T327_M1_19,HexNAc (ST),4.889888658,0.416065219,0.002927402,6,Not significant
LPS / LPS+Nigericin,PSMC2,P35998,P35998,PRS7_HUMAN,26S proteasome regulatory subunit 7,P35998_T193_M1_19,HexNAc (ST),6.383977804,0.471677406,0.016886599,6,Not significant
LPS / LPS+Nigericin,CA2,P00918,P00918,CAH2_HUMAN,Carbonic anhydrase 2,P00918_S73_M1_19,HexNAc (ST),0.922989626,0.490059931,0.024341141,6,Not significant
LPS / LPS+Nigericin,GLUD1,P00367,P00367,DHE3_HUMAN,"Glutamate dehydrogenase 1, mitochondrial",P00367_S166_M1_19,HexNAc (ST),-1.20173805,0.496871472,0.028290232,6,Not significant
LPS / LPS+Nigericin,H2BC21,Q16778,Q16778,H2B2E_HUMAN,Histone H2B type 2-E,Q16778_S39_M2_19,HexNAc (ST),-3.239183341,0.497209736,0.028777258,6,Not significant
LPS / LPS+Nigericin,H2BC21,Q16778,Q16778,H2B2E_HUMAN,Histone H2B type 2-E,Q16778_S37_M2_19,HexNAc (ST),-3.239183341,0.497209736,0.028777258,6,Not significant
LPS / LPS+Nigericin,HSPA2,P54652,P54652,HSP72_HUMAN,Heat shock-related 70 kDa protein 2,P54652_T126_M1_19,HexNAc (ST),-0.935650549,0.504030252,0.032352399,4,Not significant
LPS / LPS+Nigericin,TAF9B,Q9HBM6,Q9HBM6,TAF9B_HUMAN,Transcription initiation factor TFIID subunit 9B,Q9HBM6_T231_M1_19,HexNAc (ST),-1.102572066,0.509411455,0.036255504,4,Not significant
LPS / LPS+Nigericin,CRACR2A,Q9BSW2,Q9BSW2,EFC4B_HUMAN,EF-hand calcium-binding domain-containing protein 4B,Q9BSW2_T586_M2_19,HexNAc (ST),-2.352853941,0.511552774,0.03811805,5,Not significant
LPS / LPS+Nigericin,MAGT1,Q9H0U3,Q9H0U3,MAGT1_HUMAN,Magnesium transporter protein 1,Q9H0U3_S38_M2_19,HexNAc (ST),0.786348995,0.518012435,0.042995518,5,Not significant
LPS / LPS+Nigericin,GALK1,P51570,P51570,GALK1_HUMAN,Galactokinase,P51570_S254_M1_19,HexNAc (ST),1.815837236,0.518194053,0.043131717,6,Not significant
LPS / LPS+Nigericin,MAP3K7,O43318,O43318,M3K7_HUMAN,Mitogen-activated protein kinase kinase kinase 7,O43318_T538_M1_19,HexNAc (ST),-5.920354138,0.519608825,0.044122995,6,Not significant
LPS / LPS+Nigericin,PRSS1,Cont_P00760,Cont_P00760,TRY1_BOVIN,Serine protease 1,Cont_P00760_S121_M1_19,HexNAc (ST),0.804235761,0.52671039,0.049986174,5,Not significant
LPS / LPS+Nigericin,SEC22B,O75396,O75396,SC22B_HUMAN,Vesicle-trafficking protein SEC22b,O75396_S137_M2_19,HexNAc (ST),0.652362954,0.528969461,0.051760012,6,Not significant
LPS / LPS+Nigericin,CAP1,Q01518,Q01518,CAP1_HUMAN,Adenylyl cyclase-associated protein 1,Q01518_S338_M2_19,HexNAc (ST),0.643417562,0.533110108,0.05695097,6,Not significant
LPS / LPS+Nigericin,NAP1L1,P55209,P55209,NP1L1_HUMAN,Nucleosome assembly protein 1-like 1,P55209_T39_M1_19,HexNAc (ST),-0.502792205,0.534585953,0.058355933,6,Not significant
LPS / LPS+Nigericin,PPT1,P50897,P50897,PPT1_HUMAN,Palmitoyl-protein thioesterase 1,P50897_S199_M1_19,HexNAc (ST),1.550393579,0.535000852,0.058867892,6,Not significant
LPS / LPS+Nigericin,HNRNPDL,O14979,O14979,HNRDL_HUMAN,Heterogeneous nuclear ribonucleoprotein D-like,O14979_S201_M1_19,HexNAc (ST),0.796604278,0.536022999,0.059947302,6,Not significant
LPS / LPS+Nigericin,TMSB4X,P62328,P62328,TYB4_HUMAN,Thymosin beta-4,P62328_S31_M2_19,HexNAc (ST),0.638308388,0.536311655,0.06015835,6,Not significant
LPS / LPS+Nigericin,TPM4,P67936,P67936,TPM4_HUMAN,Tropomyosin alpha-4 chain,P67936_S87_M1_19,HexNAc (ST),0.642795389,0.53730639,0.061098406,5,Not significant
LPS / LPS+Nigericin,SLC25A5,P05141,P05141,ADT2_HUMAN,ADP/ATP translocase 2,P05141_S22_M2_19,HexNAc (ST),-2.210815405,0.538042159,0.061992517,6,Not significant
LPS / LPS+Nigericin,KTN1,Q86UP2,Q86UP2,KTN1_HUMAN,Kinectin,Q86UP2_S312_M1_19,HexNAc (ST),1.183813056,0.543404019,0.066872217,6,Not significant
LPS / LPS+Nigericin,SCP2,P22307,P22307,SCP2_HUMAN,Sterol carrier protein 2,P22307_T473_M1_19,HexNAc (ST),-0.546946603,0.543882373,0.067703037,6,Not significant
LPS / LPS+Nigericin,S100A11,P31949,P31949,S10AB_HUMAN,Protein S100-A11,P31949_S5_M1_19,HexNAc (ST),0.49817509,0.544848873,0.069598928,6,Not significant
LPS / LPS+Nigericin,HIVEP3,Q5T1R4,Q5T1R4,ZEP3_HUMAN,Transcription factor HIVEP3,Q5T1R4_T1401_M1_19,HexNAc (ST),1.219332339,0.547042382,0.07226106,6,Not significant
LPS / LPS+Nigericin,SIPA1L3,O60292,O60292,SI1L3_HUMAN,Signal-induced proliferation-associated 1-like protein 3,O60292_T850_M2_19,HexNAc (ST),1.876437067,0.551835232,0.077518404,5,Not significant
LPS / LPS+Nigericin,AHNAK,Q09666,Q09666,AHNK_HUMAN,Neuroblast differentiation-associated protein AHNAK,Q09666_S4130_M1_19,HexNAc (ST),0.987594738,0.556604607,0.083699143,6,Not significant
LPS / LPS+Nigericin,AHNAK,Q09666,Q09666,AHNK_HUMAN,Neuroblast differentiation-associated protein AHNAK,Q09666_S4594_M1_19,HexNAc (ST),0.987594738,0.556604607,0.083699143,6,Not significant
LPS / LPS+Nigericin,ANXA2,P07355,P07355,ANXA2_HUMAN,Annexin A2,P07355_T48_M2_19,HexNAc (ST),-0.969437806,0.559198865,0.08716455,4,Not significant
LPS / LPS+Nigericin,DSTN,P60981,P60981,DEST_HUMAN,Destrin,P60981_T65_M2_19,HexNAc (ST),0.69926762,0.560680994,0.089304181,6,Not significant
LPS / LPS+Nigericin,DSTN,P60981,P60981,DEST_HUMAN,Destrin,P60981_T63_M2_19,HexNAc (ST),0.69926762,0.560680994,0.089304181,6,Not significant
LPS / LPS+Nigericin,MYH9,P35579,P35579,MYH9_HUMAN,Myosin-9,P35579_T1276_M1_19,HexNAc (ST),-0.643369011,0.561949553,0.0909303,5,Not significant
LPS / LPS+Nigericin,NUCB2,P80303,P80303,NUCB2_HUMAN,Nucleobindin-2,P80303_S124_M1_19,HexNAc (ST),0.851432433,0.562802051,0.092078815,6,Not significant
LPS / LPS+Nigericin,ANXA6,P08133,P08133,ANXA6_HUMAN,Annexin A6,P08133_S49_M2_19,HexNAc (ST),-1.006887393,0.563647955,0.093157819,6,Not significant
LPS / LPS+Nigericin,TRIP10,Q15642,Q15642,CIP4_HUMAN,Cdc42-interacting protein 4,Q15642_S265_M1_19,HexNAc (ST),-0.585058601,0.564709345,0.095316909,6,Not significant
LPS / LPS+Nigericin,MACROH2A1,O75367,O75367,H2AY_HUMAN,Core histone macro-H2A.1,O75367_S16_M1_19,HexNAc (ST),-0.394137437,0.571019355,0.104534624,6,Not significant
LPS / LPS+Nigericin,HMGB2,P26583,P26583,HMGB2_HUMAN,High mobility group protein B2,P26583_S58_M1_19,HexNAc (ST),1.414900442,0.574374824,0.110071081,6,Not significant
LPS / LPS+Nigericin,RAB8A,P61006,P61006,RAB8A_HUMAN,Ras-related protein Rab-8A,P61006_S111_M1_19,HexNAc (ST),0.591805729,0.575159677,0.111107031,6,Not significant
LPS / LPS+Nigericin,AHNAK,Q09666,Q09666,AHNK_HUMAN,Neuroblast differentiation-associated protein AHNAK,Q09666_S3182_M1_19,HexNAc (ST),-0.595788902,0.575847485,0.112200011,6,Not significant
LPS / LPS+Nigericin,AHNAK,Q09666,Q09666,AHNK_HUMAN,Neuroblast differentiation-associated protein AHNAK,Q09666_S3964_M1_19,HexNAc (ST),-0.595788902,0.575847485,0.112200011,6,Not significant
LPS / LPS+Nigericin,HNRNPA3,P51991,P51991,ROA3_HUMAN,Heterogeneous nuclear ribonucleoprotein A3,P51991_T137_M1_19,HexNAc (ST),-0.834627406,0.576339555,0.113297324,6,Not significant
LPS / LPS+Nigericin,AHNAK,Q09666,Q09666,AHNK_HUMAN,Neuroblast differentiation-associated protein AHNAK,Q09666_S2775_M1_19,HexNAc (ST),0.717722933,0.577612294,0.115425418,6,Not significant
LPS / LPS+Nigericin,EIF4A1,P60842,P60842,IF4A1_HUMAN,Eukaryotic initiation factor 4A-I,P60842_S342_M2_19,HexNAc (ST),0.570704097,0.578343824,0.116809913,6,Not significant
LPS / LPS+Nigericin,AHNAK,Q09666,Q09666,AHNK_HUMAN,Neuroblast differentiation-associated protein AHNAK,Q09666_S1654_M1_19,HexNAc (ST),0.990675242,0.579371851,0.118556244,6,Not significant
LPS / LPS+Nigericin,AHNAK,Q09666,Q09666,AHNK_HUMAN,Neuroblast differentiation-associated protein AHNAK,Q09666_S1856_M1_19,HexNAc (ST),0.990675242,0.579371851,0.118556244,6,Not significant
LPS / LPS+Nigericin,AHNAK,Q09666,Q09666,AHNK_HUMAN,Neuroblast differentiation-associated protein AHNAK,Q09666_S1923_M1_19,HexNAc (ST),0.990675242,0.579371851,0.118556244,6,Not significant
LPS / LPS+Nigericin,AHNAK,Q09666,Q09666,AHNK_HUMAN,Neuroblast differentiation-associated protein AHNAK,Q09666_S2118_M1_19,HexNAc (ST),0.990675242,0.579371851,0.118556244,6,Not significant
LPS / LPS+Nigericin,SEC16A,O15027,O15027,SC16A_HUMAN,Protein transport protein Sec16A,O15027_S331_M1_19,HexNAc (ST),1.413727474,0.580376119,0.120017588,6,Not significant
LPS / LPS+Nigericin,TAP1,Q03518,Q03518,TAP1_HUMAN,Antigen peptide transporter 1,Q03518_T376_M1_19,HexNAc (ST),-6.056699747,0.580914608,0.121155836,6,Not significant
LPS / LPS+Nigericin,GLO1,Q04760,Q04760,LGUL_HUMAN,Lactoylglutathione lyase,Q04760_S137_M1_19,HexNAc (ST),0.92320959,0.581495004,0.122159462,6,Not significant
LPS / LPS+Nigericin,AHNAK,Q09666,Q09666,AHNK_HUMAN,Neuroblast differentiation-associated protein AHNAK,Q09666_S3159_M1_19,HexNAc (ST),0.683301343,0.585191698,0.129416619,6,Not significant
LPS / LPS+Nigericin,AHNAK,Q09666,Q09666,AHNK_HUMAN,Neuroblast differentiation-associated protein AHNAK,Q09666_S3941_M1_19,HexNAc (ST),0.683301343,0.585191698,0.129416619,6,Not significant
LPS / LPS+Nigericin,STX3,Q13277,Q13277,STX3_HUMAN,Syntaxin-3,Q13277_S97_M1_19,HexNAc (ST),-0.618782935,0.58521652,0.129456292,6,Not significant
LPS / LPS+Nigericin,CCT5,P48643,P48643,TCPE_HUMAN,T-complex protein 1 subunit epsilon,P48643_T366_M2_19,HexNAc (ST),0.349957605,0.586460135,0.131633178,5,Not significant
LPS / LPS+Nigericin,CYBB,P04839,P04839,CY24B_HUMAN,Cytochrome b-245 heavy chain,P04839_T509_M1_19,HexNAc (ST),-0.69562985,0.587251377,0.133030307,6,Not significant
LPS / LPS+Nigericin,NF2,P35240,P35240,MERL_HUMAN,Merlin,P35240_S444_M1_19,HexNAc (ST),0.499143775,0.587320113,0.13320872,6,Not significant
LPS / LPS+Nigericin,FUBP3,Q96I24,Q96I24,FUBP3_HUMAN,Far upstream element-binding protein 3,Q96I24_T192_M2_19,HexNAc (ST),0.476085118,0.589473481,0.138044628,5,Not significant
LPS / LPS+Nigericin,HSPA1A;HSPA1B,P0DMV8;P0DMV9,P0DMV8;P0DMV9,HS71A_HUMAN;HS71B_HUMAN,Heat shock 70 kDa protein 1A;Heat shock 70 kDa protein 1B,P0DMV8_S307_M1_19,HexNAc (ST),0.584360305,0.589519481,0.13817557,6,Not significant
LPS / LPS+Nigericin,HSPA1A;HSPA1B,P0DMV8;P0DMV9,P0DMV8;P0DMV9,HS71A_HUMAN;HS71B_HUMAN,Heat shock 70 kDa protein 1A;Heat shock 70 kDa protein 1B,P0DMV9_S307_M1_19,HexNAc (ST),0.584360305,0.589519481,0.13817557,6,Not significant
LPS / LPS+Nigericin,HSPA8,P11142,P11142,HSP7C_HUMAN,Heat shock cognate 71 kDa protein,P11142_T462_M1_19,HexNAc (ST),-1.812879531,0.590020672,0.139322817,6,Not significant
LPS / LPS+Nigericin,AHNAK,Q09666,Q09666,AHNK_HUMAN,Neuroblast differentiation-associated protein AHNAK,Q09666_S2542_M1_19,HexNAc (ST),0.686950218,0.590782633,0.140584246,6,Not significant
LPS / LPS+Nigericin,UBAP2L,Q14157,Q14157,UBP2L_HUMAN,Ubiquitin-associated protein 2-like,Q14157_S604_M1_19,HexNAc (ST),-0.806678063,0.590854364,0.140992963,6,Not significant
LPS / LPS+Nigericin,SFPQ,P23246,P23246,SFPQ_HUMAN,"Splicing factor, proline- and glutamine-rich",P23246_S521_M1_19,HexNAc (ST),1.08046168,0.592852118,0.144092747,6,Not significant
LPS / LPS+Nigericin,ANP32A,P39687,P39687,AN32A_HUMAN,Acidic leucine-rich nuclear phosphoprotein 32 family member A,P39687_S117_M1_19,HexNAc (ST),1.10275867,0.593082151,0.144433309,6,Not significant
LPS / LPS+Nigericin,PLOD3,O60568,O60568,PLOD3_HUMAN,Multifunctional procollagen lysine hydroxylase and glycosyltransferase LH3,O60568_S209_M1_19,HexNAc (ST),-0.557702578,0.595383843,0.148779335,6,Not significant
LPS / LPS+Nigericin,HNRNPA1,P09651,P09651,ROA1_HUMAN,Heterogeneous nuclear ribonucleoprotein A1,P09651_T64_M1_19,HexNAc (ST),0.750506237,0.59710597,0.153022268,5,Not significant
LPS / LPS+Nigericin,CALR,P27797,P27797,CALR_HUMAN,Calreticulin,P27797_S53_M2_19,HexNAc (ST),-0.799013352,0.598768135,0.155998552,6,Not significant
LPS / LPS+Nigericin,CALR,P27797,P27797,CALR_HUMAN,Calreticulin,P27797_S52_M2_19,HexNAc (ST),-0.799013352,0.598768135,0.155998552,6,Not significant
LPS / LPS+Nigericin,CANX,P27824,P27824,CALX_HUMAN,Calnexin,P27824_T143_M1_19,HexNAc (ST),1.430566376,0.600460917,0.158491205,6,Not significant
LPS / LPS+Nigericin,HNRNPCL2,B2RXH8,B2RXH8,HNRC2_HUMAN,Heterogeneous nuclear ribonucleoprotein C-like 2,B2RXH8_S196_M1_19,HexNAc (ST),7.090508125,0.603121481,0.182586755,6,Not significant
LPS / LPS+Nigericin,MYO1B,O43795,O43795,MYO1B_HUMAN,Unconventional myosin-Ib,O43795_S145_M1_19,HexNAc (ST),-0.767972551,0.603121481,0.167590841,6,Not significant
LPS / LPS+Nigericin,UFL1,O94874,O94874,UFL1_HUMAN,E3 UFM1-protein ligase 1,O94874_S103_M1_19,HexNAc (ST),-0.285175527,0.603121481,0.191412863,6,Not significant
LPS / LPS+Nigericin,P4HB,P07237,P07237,PDIA1_HUMAN,Protein disulfide-isomerase,P07237_T296_M1_19,HexNAc (ST),0.302784785,0.603121481,0.180104201,5,Not significant
LPS / LPS+Nigericin,HSPA5,P11021,P11021,BIP_HUMAN,Endoplasmic reticulum chaperone BiP,P11021_S571_M1_19,HexNAc (ST),-0.955871585,0.603121481,0.170156266,6,Not significant
LPS / LPS+Nigericin,NCF2,P19878,P19878,NCF2_HUMAN,Neutrophil cytosol factor 2,P19878_T233_M1_19,HexNAc (ST),0.903585362,0.603121481,0.179517298,6,Not significant
LPS / LPS+Nigericin,LMNB1,P20700,P20700,LMNB1_HUMAN,Lamin-B1,P20700_T151_M1_19,HexNAc (ST),-0.487947036,0.603121481,0.178002519,6,Not significant
LPS / LPS+Nigericin,ATP5F1A,P25705,P25705,ATPA_HUMAN,"ATP synthase subunit alpha, mitochondrial",P25705_S325_M1_19,HexNAc (ST),1.289135446,0.603121481,0.165956271,6,Not significant
LPS / LPS+Nigericin,FKBP2,P26885,P26885,FKBP2_HUMAN,Peptidyl-prolyl cis-trans isomerase FKBP2,P26885_S108_M1_19,HexNAc (ST),-0.341332791,0.603121481,0.181285171,6,Not significant
LPS / LPS+Nigericin,PDIA3,P30101,P30101,PDIA3_HUMAN,Protein disulfide-isomerase A3,P30101_T212_M2_19,HexNAc (ST),0.917697135,0.603121481,0.195534656,6,Not significant
LPS / LPS+Nigericin,PDIA3,P30101,P30101,PDIA3_HUMAN,Protein disulfide-isomerase A3,P30101_S209_M2_19,HexNAc (ST),0.917697135,0.603121481,0.195534656,6,Not significant
LPS / LPS+Nigericin,LONP1,P36776,P36776,LONM_HUMAN,"Lon protease homolog, mitochondrial",P36776_T582_M1_19,HexNAc (ST),-0.707834997,0.603121481,0.165680387,6,Not significant
LPS / LPS+Nigericin,HSPA2,P54652,P54652,HSP72_HUMAN,Heat shock-related 70 kDa protein 2,P54652_T465_M1_19,HexNAc (ST),-0.807280989,0.603121481,0.165823121,6,Not significant
LPS / LPS+Nigericin,AHNAK,Q09666,Q09666,AHNK_HUMAN,Neuroblast differentiation-associated protein AHNAK,Q09666_S3672_M1_19,HexNAc (ST),1.273299157,0.603121481,0.169941166,6,Not significant
LPS / LPS+Nigericin,RUNX2,Q13950,Q13950,RUNX2_HUMAN,Runt-related transcription factor 2,Q13950_T135_M1_19,HexNAc (ST),-0.520371105,0.603121481,0.174041927,6,Not significant
LPS / LPS+Nigericin,LARP4,Q71RC2,Q71RC2,LARP4_HUMAN,La-related protein 4,Q71RC2_T168_M2_19,HexNAc (ST),1.017080037,0.603121481,0.175322127,6,Not significant
LPS / LPS+Nigericin,LARP4,Q71RC2,Q71RC2,LARP4_HUMAN,La-related protein 4,Q71RC2_T167_M2_19,HexNAc (ST),1.017080037,0.603121481,0.175322127,6,Not significant
LPS / LPS+Nigericin,ARHGAP45,Q92619,Q92619,HMHA1_HUMAN,Rho GTPase-activating protein 45,Q92619_T742_M1_19,HexNAc (ST),-2.861075647,0.603121481,0.184870951,6,Not significant
LPS / LPS+Nigericin,CPD,O75976,O75976,CBPD_HUMAN,Carboxypeptidase D,O75976_S628_M1_19,HexNAc (ST),-0.859643366,0.603121481,0.169586471,6,Not significant
LPS / LPS+Nigericin,ZYX,Q15942,Q15942,ZYX_HUMAN,Zyxin,Q15942_T220_M2_19,HexNAc (ST),2.686267698,0.603121481,0.184580286,4,Not significant
LPS / LPS+Nigericin,ZYX,Q15942,Q15942,ZYX_HUMAN,Zyxin,Q15942_S218_M2_19,HexNAc (ST),2.686267698,0.603121481,0.184580286,4,Not significant
LPS / LPS+Nigericin,TMSB4X,P62328,P62328,TYB4_HUMAN,Thymosin beta-4,P62328_S31_M1_19,HexNAc (ST),1.094478693,0.603202994,0.196862118,6,Not significant
LPS / LPS+Nigericin,RPS28,P62857,P62857,RS28_HUMAN,Small ribosomal subunit protein eS28,P62857_S61_M1_19,HexNAc (ST),0.515936022,0.603526448,0.201861517,6,Not significant
LPS / LPS+Nigericin,PRKCSH,P14314,P14314,GLU2B_HUMAN,Glucosidase 2 subunit beta,P14314_S168_M1_19,HexNAc (ST),-1.494674267,0.603625597,0.202923188,6,Not significant
LPS / LPS+Nigericin,ING1,Q9UK53,Q9UK53,ING1_HUMAN,Inhibitor of growth protein 1,Q9UK53_S236_M2_19,HexNAc (ST),-0.340405505,0.603628,0.20300763,6,Not significant
LPS / LPS+Nigericin,ING1,Q9UK53,Q9UK53,ING1_HUMAN,Inhibitor of growth protein 1,Q9UK53_S224_M2_19,HexNAc (ST),-0.340405505,0.603628,0.20300763,6,Not significant
LPS / LPS+Nigericin,AHNAK,Q09666,Q09666,AHNK_HUMAN,Neuroblast differentiation-associated protein AHNAK,Q09666_T4766_M1_19,HexNAc (ST),1.419722741,0.603722289,0.204010926,6,Not significant
LPS / LPS+Nigericin,CAP1,Q01518,Q01518,CAP1_HUMAN,Adenylyl cyclase-associated protein 1,Q01518_T315_M1_19,HexNAc (ST),0.553278939,0.604307644,0.206374813,6,Not significant
LPS / LPS+Nigericin,LMNA,P02545,P02545,LMNA_HUMAN,Prelamin-A/C,P02545_S143_M1_19,HexNAc (ST),-8.212290682,0.604620988,0.208526525,6,Not significant
LPS / LPS+Nigericin,LMNB1,P20700,P20700,LMNB1_HUMAN,Lamin-B1,P20700_T188_M1_19,HexNAc (ST),-0.504745949,0.604692917,0.20881227,6,Not significant
LPS / LPS+Nigericin,IMP4,Q96G21,Q96G21,IMP4_HUMAN,U3 small nucleolar ribonucleoprotein protein IMP4,Q96G21_T134_M1_19,HexNAc (ST),-0.416505781,0.604692917,0.208876686,6,Not significant
LPS / LPS+Nigericin,NHP2,Q9NX24,Q9NX24,NHP2_HUMAN,H/ACA ribonucleoprotein complex subunit 2,Q9NX24_S40_M2_19,HexNAc (ST),0.584164591,0.605043899,0.210229407,5,Not significant
LPS / LPS+Nigericin,RPL8,P62917,P62917,RL8_HUMAN,Large ribosomal subunit protein uL2,P62917_T111_M1_19,HexNAc (ST),-2.820519989,0.605616547,0.213978566,6,Not significant
LPS / LPS+Nigericin,NT5DC2,Q9H857,Q9H857,NT5D2_HUMAN,5'-nucleotidase domain-containing protein 2,Q9H857_T305_M1_19,HexNAc (ST),-0.610650475,0.60573393,0.214372882,5,Not significant
LPS / LPS+Nigericin,PTGES3,Q15185,Q15185,TEBP_HUMAN,Prostaglandin E synthase 3,Q15185_S64_M1_19,HexNAc (ST),-8.741739884,0.60583805,0.214700411,6,Not significant
LPS / LPS+Nigericin,TAMM41,Q96BW9,Q96BW9,TAM41_HUMAN,"Phosphatidate cytidylyltransferase, mitochondrial",Q96BW9_S218_M1_19,HexNAc (ST),4.142143455,0.605954798,0.21524578,6,Not significant
LPS / LPS+Nigericin,HMGB1,P09429,P09429,HMGB1_HUMAN,High mobility group protein B1,P09429_S121_M1_19,HexNAc (ST),0.950329075,0.605979347,0.215411023,6,Not significant
LPS / LPS+Nigericin,ACTC1,P68032,P68032,ACTC_HUMAN,"Actin, alpha cardiac muscle 1",P68032_S237_M1_19,HexNAc (ST),-5.227964041,0.606771966,0.218400457,6,Not significant
LPS / LPS+Nigericin,MACROH2A1,O75367,O75367,H2AY_HUMAN,Core histone macro-H2A.1,O75367_S260_M1_19,HexNAc (ST),-0.615878081,0.607825579,0.222949566,6,Not significant
LPS / LPS+Nigericin,AHNAK,Q09666,Q09666,AHNK_HUMAN,Neuroblast differentiation-associated protein AHNAK,Q09666_T4564_M1_19,HexNAc (ST),0.679215721,0.608156076,0.224083214,6,Not significant
LPS / LPS+Nigericin,RAC2,P15153,P15153,RAC2_HUMAN,Ras-related C3 botulinum toxin substrate 2,P15153_T138_M1_19,HexNAc (ST),-0.908780728,0.608414122,0.22470071,6,Not significant
LPS / LPS+Nigericin,AKAP9,Q99996,Q99996,AKAP9_HUMAN,A-kinase anchor protein 9,Q99996_T740_M1_19,HexNAc (ST),-0.318906144,0.608465607,0.224996759,6,Not significant
LPS / LPS+Nigericin,ZYX,Q15942,Q15942,ZYX_HUMAN,Zyxin,Q15942_T469_M2_19,HexNAc (ST),-5.50303683,0.608849685,0.226351165,6,Not significant
LPS / LPS+Nigericin,H1-5,P16401,P16401,H15_HUMAN,Histone H1.5,P16401_S61_M1_19,HexNAc (ST),-0.392214502,0.609983858,0.23049727,6,Not significant
LPS / LPS+Nigericin,MYO18A,Q92614,Q92614,MY18A_HUMAN,Unconventional myosin-XVIIIa,Q92614_T1661_M1_19,HexNAc (ST),-2.595501736,0.61016277,0.231300821,6,Not significant
LPS / LPS+Nigericin,TMSB4X,P62328,P62328,TYB4_HUMAN,Thymosin beta-4,P62328_S2_M1_19,HexNAc (ST),0.938626585,0.610344848,0.231903613,6,Not significant
LPS / LPS+Nigericin,DPYSL2,Q16555,Q16555,DPYL2_HUMAN,Dihydropyrimidinase-related protein 2,Q16555_S421_M3_19,HexNAc (ST),0.4297928,0.611138106,0.234419333,6,Not significant
LPS / LPS+Nigericin,DPYSL2,Q16555,Q16555,DPYL2_HUMAN,Dihydropyrimidinase-related protein 2,Q16555_T419_M3_19,HexNAc (ST),0.4297928,0.611138106,0.234419355,6,Not significant
LPS / LPS+Nigericin,OSTF1,Q92882,Q92882,OSTF1_HUMAN,Osteoclast-stimulating factor 1,Q92882_S187_M1_19,HexNAc (ST),2.58012695,0.611322391,0.235386937,6,Not significant
LPS / LPS+Nigericin,DYNC1I2,Q13409,Q13409,DC1I2_HUMAN,Cytoplasmic dynein 1 intermediate chain 2,Q13409_S590_M1_19,HexNAc (ST),-2.122522135,0.611418106,0.235883768,6,Not significant
LPS / LPS+Nigericin,SGSH,P51688,P51688,SPHM_HUMAN,N-sulphoglucosamine sulphohydrolase,P51688_T242_M2_19,HexNAc (ST),0.50033822,0.611875726,0.237626636,4,Not significant
LPS / LPS+Nigericin,TMSB10,P63313,P63313,TYB10_HUMAN,Thymosin beta-10,P63313_T28_M1_19,HexNAc (ST),0.438789228,0.612184647,0.238723611,6,Not significant
LPS / LPS+Nigericin,NPM1,P06748,P06748,NPM_HUMAN,Nucleophosmin,P06748_S10_M1_19,HexNAc (ST),1.424404808,0.612530462,0.239859323,6,Not significant
LPS / LPS+Nigericin,CLIC1,O00299,O00299,CLIC1_HUMAN,Chloride intracellular channel protein 1,O00299_T198_M1_19,HexNAc (ST),0.614422396,0.613627395,0.24476135,6,Not significant
LPS / LPS+Nigericin,H1-3,P16402,P16402,H13_HUMAN,Histone H1.3,P16402_S56_M2_19,HexNAc (ST),0.254377121,0.614336289,0.247046195,6,Not significant
LPS / LPS+Nigericin,SHMT2,P34897,P34897,GLYM_HUMAN,"Serine hydroxymethyltransferase, mitochondrial",P34897_S90_M1_19,HexNAc (ST),5.208803246,0.614856775,0.248656299,6,Not significant
LPS / LPS+Nigericin,MAP1B,P46821,P46821,MAP1B_HUMAN,Microtubule-associated protein 1B,P46821_S1501_M2_19,HexNAc (ST),-3.354153472,0.614856775,0.248597707,6,Not significant
LPS / LPS+Nigericin,AK1,P00568,P00568,KAD1_HUMAN,Adenylate kinase isoenzyme 1,P00568_T126_M2_19,HexNAc (ST),0.727791435,0.615360917,0.249833412,6,Not significant
LPS / LPS+Nigericin,AK1,P00568,P00568,KAD1_HUMAN,Adenylate kinase isoenzyme 1,P00568_T124_M2_19,HexNAc (ST),0.727791435,0.615360917,0.249833412,6,Not significant
LPS / LPS+Nigericin,ACTN4,O43707,O43707,ACTN4_HUMAN,Alpha-actinin-4,O43707_T222_M1_19,HexNAc (ST),0.757543305,0.615936659,0.251748733,6,Not significant
LPS / LPS+Nigericin,GOLGA2,Q08379,Q08379,GOGA2_HUMAN,Golgin subfamily A member 2,Q08379_S953_M2_19,HexNAc (ST),0.45437048,0.616285777,0.252763099,5,Not significant
LPS / LPS+Nigericin,ATP6V1A,P38606,P38606,VATA_HUMAN,V-type proton ATPase catalytic subunit A,P38606_T504_M1_19,HexNAc (ST),2.271989331,0.617061234,0.254606373,4,Not significant
LPS / LPS+Nigericin,RENBP,P51606,P51606,RENBP_HUMAN,N-acylglucosamine 2-epimerase,P51606_S230_M1_19,HexNAc (ST),2.185523626,0.617394477,0.255571724,6,Not significant
LPS / LPS+Nigericin,GAPDH,P04406,P04406,G3P_HUMAN,Glyceraldehyde-3-phosphate dehydrogenase,P04406_T211_M2_19,HexNAc (ST),0.614742285,0.617854231,0.25685422,6,Not significant
LPS / LPS+Nigericin,GAPDH,P04406,P04406,G3P_HUMAN,Glyceraldehyde-3-phosphate dehydrogenase,P04406_S210_M2_19,HexNAc (ST),0.614742285,0.617854231,0.25685422,6,Not significant
LPS / LPS+Nigericin,MIX23,Q4VC31,Q4VC31,MIX23_HUMAN,Protein MIX23,Q4VC31_S114_M1_19,HexNAc (ST),-3.71428579,0.61959527,0.260844841,6,Not significant
LPS / LPS+Nigericin,SP140L,Q9H930,Q9H930,SP14L_HUMAN,Nuclear body protein SP140-like protein,Q9H930_T71_M1_19,HexNAc (ST),0.625386622,0.619806936,0.261285554,6,Not significant
LPS / LPS+Nigericin,TRIP12,Q14669,Q14669,TRIPC_HUMAN,E3 ubiquitin-protein ligase TRIP12,Q14669_T758_M1_19,HexNAc (ST),0.784324308,0.621434587,0.264883096,6,Not significant
LPS / LPS+Nigericin,CAMK1,Q14012,Q14012,KCC1A_HUMAN,Calcium/calmodulin-dependent protein kinase type 1,Q14012_S62_M1_19,HexNAc (ST),-0.55102469,0.622680194,0.267921604,6,Not significant
LPS / LPS+Nigericin,SOD1,P00441,P00441,SODC_HUMAN,Superoxide dismutase [Cu-Zn],P00441_T3_M1_19,HexNAc (ST),0.593699854,0.622696481,0.267948716,6,Not significant
LPS / LPS+Nigericin,EEA1,Q15075,Q15075,EEA1_HUMAN,Early endosome antigen 1,Q15075_T560_M1_19,HexNAc (ST),0.984503845,0.62404531,0.271357502,6,Not significant
LPS / LPS+Nigericin,ENO1,P06733,P06733,ENOA_HUMAN,Alpha-enolase,P06733_S249_M1_19,HexNAc (ST),0.880669628,0.626903236,0.279183412,5,Not significant
LPS / LPS+Nigericin,ACTR2,P61160,P61160,ARP2_HUMAN,Actin-related protein 2,P61160_T245_M1_19,HexNAc (ST),1.59140224,0.628342567,0.284116999,4,Not significant
LPS / LPS+Nigericin,TMPO,P42166,P42166,LAP2A_HUMAN,"Lamina-associated polypeptide 2, isoform alpha",P42166_S18_M2_19,HexNAc (ST),0.702175316,0.629771881,0.288158011,6,Not significant
LPS / LPS+Nigericin,PLXNB2,O15031,O15031,PLXB2_HUMAN,Plexin-B2,O15031_T1124_M2_19,HexNAc (ST),1.270345226,0.630976679,0.291863392,6,Not significant
LPS / LPS+Nigericin,PLXNB2,O15031,O15031,PLXB2_HUMAN,Plexin-B2,O15031_T1117_M2_19,HexNAc (ST),1.270345226,0.630976679,0.291863392,6,Not significant
LPS / LPS+Nigericin,PTCD1,O75127,O75127,PTCD1_HUMAN,"Pentatricopeptide repeat-containing protein 1, mitochondrial",O75127_T576_M1_19,HexNAc (ST),0.441978876,0.631725395,0.293732233,6,Not significant
LPS / LPS+Nigericin,MYH9,P35579,P35579,MYH9_HUMAN,Myosin-9,P35579_T1313_M1_19,HexNAc (ST),0.184893807,0.63218433,0.294870555,6,Not significant
LPS / LPS+Nigericin,HAX1,O00165,O00165,HAX1_HUMAN,HCLS1-associated protein X-1,O00165_S2_M1_19,HexNAc (ST),-0.358554752,0.633972537,0.382313851,6,Not significant
LPS / LPS+Nigericin,NDUFS8,O00217,O00217,NDUS8_HUMAN,"NADH dehydrogenase [ubiquinone] iron-sulfur protein 8, mitochondrial",O00217_T127_M1_19,HexNAc (ST),-1.260201789,0.633972537,0.422095003,6,Not significant
LPS / LPS+Nigericin,BCKDK,O14874,O14874,BCKD_HUMAN,"[3-methyl-2-oxobutanoate dehydrogenase [lipoamide]] kinase, mitochondrial",O14874_S90_M1_19,HexNAc (ST),-1.29974919,0.633972537,0.421436277,6,Not significant
LPS / LPS+Nigericin,PER1,O15534,O15534,PER1_HUMAN,Period circadian protein homolog 1,O15534_S1186_M1_19,HexNAc (ST),-5.457397862,0.633972537,0.419336286,6,Not significant
LPS / LPS+Nigericin,MACROH2A1,O75367,O75367,H2AY_HUMAN,Core histone macro-H2A.1,O75367_T57_M1_19,HexNAc (ST),-0.764537757,0.633972537,0.421664138,6,Not significant
LPS / LPS+Nigericin,TGFB1,P01137,P01137,TGFB1_HUMAN,Transforming growth factor beta-1 proprotein,P01137_S380_M1_19,HexNAc (ST),8.058789653,0.633972537,0.423126889,6,Not significant
LPS / LPS+Nigericin,ICAM1,P05362,P05362,ICAM1_HUMAN,Intercellular adhesion molecule 1,P05362_T341_M1_19,HexNAc (ST),-0.143713628,0.633972537,0.418249101,6,Not significant
LPS / LPS+Nigericin,ATP5F1B,P06576,P06576,ATPB_HUMAN,"ATP synthase subunit beta, mitochondrial",P06576_S253_M1_19,HexNAc (ST),-6.805556729,0.633972537,0.423328179,6,Not significant
LPS / LPS+Nigericin,GPI,P06744,P06744,G6PI_HUMAN,Glucose-6-phosphate isomerase,P06744_S532_M1_19,HexNAc (ST),6.092749521,0.633972537,0.424036845,6,Not significant
LPS / LPS+Nigericin,P4HB,P07237,P07237,PDIA1_HUMAN,Protein disulfide-isomerase,P07237_T244_M1_19,HexNAc (ST),11.94149698,0.633972537,0.422651719,6,Not significant
LPS / LPS+Nigericin,ENO2,P09104,P09104,ENOG_HUMAN,Gamma-enolase,P09104_S221_M1_19,HexNAc (ST),0.699858654,0.633972537,0.317344225,6,Not significant
LPS / LPS+Nigericin,ACAA1,P09110,P09110,THIK_HUMAN,"3-ketoacyl-CoA thiolase, peroxisomal",P09110_S291_M1_19,HexNAc (ST),3.021412924,0.633972537,0.410279059,6,Not significant
LPS / LPS+Nigericin,H2AC11;H2AC12;H2AC14,P0C0S8;Q96KK5;Q99878,P0C0S8;Q96KK5;Q99878,H2A1_HUMAN;H2A1H_HUMAN;H2A1J_HUMAN,Histone H2A type 1;Histone H2A type 1-H;Histone H2A type 1-J,P0C0S8_T60_M1_19,HexNAc (ST),2.347870066,0.633972537,0.381788765,6,Not significant
LPS / LPS+Nigericin,H2AC11;H2AC12;H2AC14,P0C0S8;Q96KK5;Q99878,P0C0S8;Q96KK5;Q99878,H2A1_HUMAN;H2A1H_HUMAN;H2A1J_HUMAN,Histone H2A type 1;Histone H2A type 1-H;Histone H2A type 1-J,Q96KK5_T60_M1_19,HexNAc (ST),2.347870066,0.633972537,0.381788765,6,Not significant
LPS / LPS+Nigericin,H2AC11;H2AC12;H2AC14,P0C0S8;Q96KK5;Q99878,P0C0S8;Q96KK5;Q99878,H2A1_HUMAN;H2A1H_HUMAN;H2A1J_HUMAN,Histone H2A type 1;Histone H2A type 1-H;Histone H2A type 1-J,Q99878_T60_M1_19,HexNAc (ST),2.347870066,0.633972537,0.381788765,6,Not significant
LPS / LPS+Nigericin,RGPD2,P0DJD1,P0DJD1,RGPD2_HUMAN,RANBP2-like and GRIP domain-containing protein 2,P0DJD1_S1067_M1_19,HexNAc (ST),-0.319987955,0.633972537,0.431085683,6,Not significant
LPS / LPS+Nigericin,HSPD1,P10809,P10809,CH60_HUMAN,"60 kDa heat shock protein, mitochondrial",P10809_T206_M1_19,HexNAc (ST),-0.841135426,0.633972537,0.306996211,6,Not significant
LPS / LPS+Nigericin,HSPA8,P11142,P11142,HSP7C_HUMAN,Heat shock cognate 71 kDa protein,P11142_T125_M1_19,HexNAc (ST),7.74145676,0.633972537,0.421943816,5,Not significant
LPS / LPS+Nigericin,PDHB,P11177,P11177,ODPB_HUMAN,"Pyruvate dehydrogenase E1 component subunit beta, mitochondrial",P11177_S70_M1_19,HexNAc (ST),0.265462739,0.633972537,0.334719068,6,Not significant
LPS / LPS+Nigericin,TOP1,P11387,P11387,TOP1_HUMAN,DNA topoisomerase 1,P11387_T258_M1_19,HexNAc (ST),-1.347599542,0.633972537,0.409793465,6,Not significant
LPS / LPS+Nigericin,RNH1,P13489,P13489,RINI_HUMAN,Ribonuclease inhibitor,P13489_S84_M2_19,HexNAc (ST),0.555841024,0.633972537,0.406912235,6,Not significant
LPS / LPS+Nigericin,RNH1,P13489,P13489,RINI_HUMAN,Ribonuclease inhibitor,P13489_T82_M2_19,HexNAc (ST),0.555841024,0.633972537,0.406912235,6,Not significant
LPS / LPS+Nigericin,PRKCSH,P14314,P14314,GLU2B_HUMAN,Glucosidase 2 subunit beta,P14314_S451_M1_19,HexNAc (ST),0.595679543,0.633972537,0.322226175,4,Not significant
LPS / LPS+Nigericin,HSP90B1,P14625,P14625,ENPL_HUMAN,Endoplasmin,P14625_S607_M1_19,HexNAc (ST),-7.99921959,0.633972537,0.423122964,6,Not significant
LPS / LPS+Nigericin,CD44,P16070,P16070,CD44_HUMAN,CD44 antigen,P16070_S686_M1_19,HexNAc (ST),6.12154804,0.633972537,0.422159923,6,Not significant
LPS / LPS+Nigericin,STMN1,P16949,P16949,STMN1_HUMAN,Stathmin,P16949_S46_M1_19,HexNAc (ST),7.705274991,0.633972537,0.422851424,6,Not significant
LPS / LPS+Nigericin,DDX5,P17844,P17844,DDX5_HUMAN,Probable ATP-dependent RNA helicase DDX5,P17844_T436_M2_19,HexNAc (ST),7.114547627,0.633972537,0.423658234,6,Not significant
LPS / LPS+Nigericin,PSMC3,P17980,P17980,PRS6A_HUMAN,26S proteasome regulatory subunit 6A,P17980_T293_M2_19,HexNAc (ST),3.424106156,0.633972537,0.367566863,6,Not significant
LPS / LPS+Nigericin,PSMC3,P17980,P17980,PRS6A_HUMAN,26S proteasome regulatory subunit 6A,P17980_S281_M2_19,HexNAc (ST),3.424106156,0.633972537,0.367566863,6,Not significant
LPS / LPS+Nigericin,PSMC3,P17980,P17980,PRS6A_HUMAN,26S proteasome regulatory subunit 6A,P17980_T247_M1_19,HexNAc (ST),-0.608307258,0.633972537,0.430760696,6,Not significant
LPS / LPS+Nigericin,NCL,P19338,P19338,NUCL_HUMAN,Nucleolin,P19338_S319_M1_19,HexNAc (ST),0.417158266,0.633972537,0.341671805,6,Not significant
LPS / LPS+Nigericin,NCL,P19338,P19338,NUCL_HUMAN,Nucleolin,P19338_S619_M1_19,HexNAc (ST),0.905364819,0.633972537,0.351407897,6,Not significant
LPS / LPS+Nigericin,SCP2,P22307,P22307,SCP2_HUMAN,Sterol carrier protein 2,P22307_T526_M1_19,HexNAc (ST),-5.740328543,0.633972537,0.414508747,6,Not significant
LPS / LPS+Nigericin,EEF1G,P26641,P26641,EF1G_HUMAN,Elongation factor 1-gamma,P26641_T411_M2_19,HexNAc (ST),-6.838683742,0.633972537,0.420298309,6,Not significant
LPS / LPS+Nigericin,APEX1,P27695,P27695,APEX1_HUMAN,DNA-(apurinic or apyrimidinic site) endonuclease,P27695_T61_M1_19,HexNAc (ST),-6.366036758,0.633972537,0.419810803,6,Not significant
LPS / LPS+Nigericin,CANX,P27824,P27824,CALX_HUMAN,Calnexin,P27824_S392_M1_19,HexNAc (ST),-0.257642631,0.633972537,0.361010642,6,Not significant
LPS / LPS+Nigericin,CANX,P27824,P27824,CALX_HUMAN,Calnexin,P27824_S74_M2_19,HexNAc (ST),0.822656138,0.633972537,0.305137776,4,Not significant
LPS / LPS+Nigericin,TKT,P29401,P29401,TKT_HUMAN,Transketolase,P29401_S295_M2_19,HexNAc (ST),-0.557826897,0.633972537,0.335577415,5,Not significant
LPS / LPS+Nigericin,PHB1,P35232,P35232,PHB1_HUMAN,Prohibitin 1,P35232_S218_M1_19,HexNAc (ST),-0.473552818,0.633972537,0.341881131,5,Not significant
LPS / LPS+Nigericin,MYH9,P35579,P35579,MYH9_HUMAN,Myosin-9,P35579_S1457_M2_19,HexNAc (ST),-2.834743757,0.633972537,0.39770115,6,Not significant
LPS / LPS+Nigericin,MYH9,P35579,P35579,MYH9_HUMAN,Myosin-9,P35579_S1677_M1_19,HexNAc (ST),-0.48131101,0.633972537,0.323876854,6,Not significant
LPS / LPS+Nigericin,NUP62,P37198,P37198,NUP62_HUMAN,Nuclear pore glycoprotein p62,P37198_T433_M1_19,HexNAc (ST),0.461478077,0.633972537,0.37222766,6,Not significant
LPS / LPS+Nigericin,COL18A1,P39060,P39060,COIA1_HUMAN,Collagen alpha-1(XVIII) chain,P39060_S1377_M1_19,HexNAc (ST),5.713796843,0.633972537,0.42165168,6,Not significant
LPS / LPS+Nigericin,UQCRFS1,P47985,P47985,UCRI_HUMAN,"Cytochrome b-c1 complex subunit Rieske, mitochondrial",P47985_S75_M2_19,HexNAc (ST),-9.495733666,0.633972537,0.422523667,5,Not significant
LPS / LPS+Nigericin,AARS1,P49588,P49588,SYAC_HUMAN,"Alanine--tRNA ligase, cytoplasmic",P49588_T804_M1_19,HexNAc (ST),3.944686935,0.633972537,0.41407644,6,Not significant
LPS / LPS+Nigericin,CCT8,P50990,P50990,TCPQ_HUMAN,T-complex protein 1 subunit theta,P50990_T71_M1_19,HexNAc (ST),0.284867943,0.633972537,0.377495926,6,Not significant
LPS / LPS+Nigericin,CCT8,P50990,P50990,TCPQ_HUMAN,T-complex protein 1 subunit theta,P50990_S150_M1_19,HexNAc (ST),-4.390406666,0.633972537,0.425766135,6,Not significant
LPS / LPS+Nigericin,ACTR3,P61158,P61158,ARP3_HUMAN,Actin-related protein 3,P61158_S354_M2_19,HexNAc (ST),-0.165993325,0.633972537,0.417235101,6,Not significant
LPS / LPS+Nigericin,ACTR3,P61158,P61158,ARP3_HUMAN,Actin-related protein 3,P61158_S350_M2_19,HexNAc (ST),-0.165993325,0.633972537,0.417235101,6,Not significant
LPS / LPS+Nigericin,SUMO2,P61956,P61956,SUMO2_HUMAN,Small ubiquitin-related modifier 2,P61956_T12_M1_19,HexNAc (ST),4.413679112,0.633972537,0.433210622,6,Not significant
LPS / LPS+Nigericin,TMSB4X,P62328,P62328,TYB4_HUMAN,Thymosin beta-4,P62328_S16_M1_19,HexNAc (ST),-2.390999274,0.633972537,0.341581067,6,Not significant
LPS / LPS+Nigericin,H4C1,P62805,P62805,H4_HUMAN,Histone H4,P62805_T83_M2_19,HexNAc (ST),-0.161166742,0.633972537,0.434969596,6,Not significant
LPS / LPS+Nigericin,H4C1,P62805,P62805,H4_HUMAN,Histone H4,P62805_T81_M2_19,HexNAc (ST),-0.161166742,0.633972537,0.434969596,6,Not significant
LPS / LPS+Nigericin,RPL31,P62899,P62899,RL31_HUMAN,Large ribosomal subunit protein eL31,P62899_T26_M1_19,HexNAc (ST),-0.64772928,0.633972537,0.430923393,6,Not significant
LPS / LPS+Nigericin,PPIA,P62937,P62937,PPIA_HUMAN,Peptidyl-prolyl cis-trans isomerase A,P62937_T119_M2_19,HexNAc (ST),0.756219148,0.633972537,0.31475232,6,Not significant
LPS / LPS+Nigericin,PPIA,P62937,P62937,PPIA_HUMAN,Peptidyl-prolyl cis-trans isomerase A,P62937_T116_M2_19,HexNAc (ST),0.756219148,0.633972537,0.31475232,6,Not significant
LPS / LPS+Nigericin,VAMP2,P63027,P63027,VAMP2_HUMAN,Vesicle-associated membrane protein 2,P63027_T35_M1_19,HexNAc (ST),-1.461043249,0.633972537,0.425769656,6,Not significant
LPS / LPS+Nigericin,TUBB4B,P68371,P68371,TBB4B_HUMAN,Tubulin beta-4B chain,P68371_S322_M1_19,HexNAc (ST),-0.791516332,0.633972537,0.402709236,6,Not significant
LPS / LPS+Nigericin,CLTC,Q00610,Q00610,CLH1_HUMAN,Clathrin heavy chain 1,Q00610_T339_M1_19,HexNAc (ST),-4.262289878,0.633972537,0.414190019,6,Not significant
LPS / LPS+Nigericin,HNRNPU,Q00839,Q00839,HNRPU_HUMAN,Heterogeneous nuclear ribonucleoprotein U,Q00839_T474_M1_19,HexNAc (ST),-1.60019039,0.633972537,0.360323088,6,Not significant
LPS / LPS+Nigericin,AHNAK,Q09666,Q09666,AHNK_HUMAN,Neuroblast differentiation-associated protein AHNAK,Q09666_S909_M1_19,HexNAc (ST),-5.910094549,0.633972537,0.427292838,6,Not significant
LPS / LPS+Nigericin,AHNAK,Q09666,Q09666,AHNK_HUMAN,Neuroblast differentiation-associated protein AHNAK,Q09666_T1192_M2_19,HexNAc (ST),-3.433492021,0.633972537,0.404750403,5,Not significant
LPS / LPS+Nigericin,AHNAK,Q09666,Q09666,AHNK_HUMAN,Neuroblast differentiation-associated protein AHNAK,Q09666_T1986_M2_19,HexNAc (ST),-3.433492021,0.633972537,0.404750403,5,Not significant
LPS / LPS+Nigericin,AHNAK,Q09666,Q09666,AHNK_HUMAN,Neuroblast differentiation-associated protein AHNAK,Q09666_S2926_M1_19,HexNAc (ST),-6.389959712,0.633972537,0.423481729,6,Not significant
LPS / LPS+Nigericin,AHNAK,Q09666,Q09666,AHNK_HUMAN,Neuroblast differentiation-associated protein AHNAK,Q09666_S4684_M1_19,HexNAc (ST),0.941518458,0.633972537,0.34090967,6,Not significant
LPS / LPS+Nigericin,AHNAK,Q09666,Q09666,AHNK_HUMAN,Neuroblast differentiation-associated protein AHNAK,Q09666_S5214_M1_19,HexNAc (ST),-7.499583086,0.633972537,0.320145287,6,Not significant
LPS / LPS+Nigericin,AHNAK,Q09666,Q09666,AHNK_HUMAN,Neuroblast differentiation-associated protein AHNAK,Q09666_S1298_M1_19,HexNAc (ST),-10.0160375,0.633972537,0.422280292,6,Not significant
LPS / LPS+Nigericin,AHNAK,Q09666,Q09666,AHNK_HUMAN,Neuroblast differentiation-associated protein AHNAK,Q09666_S2092_M1_19,HexNAc (ST),-10.0160375,0.633972537,0.422280292,6,Not significant
LPS / LPS+Nigericin,AHNAK,Q09666,Q09666,AHNK_HUMAN,Neuroblast differentiation-associated protein AHNAK,Q09666_S2287_M1_19,HexNAc (ST),-10.0160375,0.633972537,0.422280292,6,Not significant
LPS / LPS+Nigericin,AHNAK,Q09666,Q09666,AHNK_HUMAN,Neuroblast differentiation-associated protein AHNAK,Q09666_S2670_M1_19,HexNAc (ST),-4.738425417,0.633972537,0.421437732,6,Not significant
LPS / LPS+Nigericin,AHNAK,Q09666,Q09666,AHNK_HUMAN,Neuroblast differentiation-associated protein AHNAK,Q09666_S2580_M1_19,HexNAc (ST),0.369247015,0.633972537,0.344997866,6,Not significant
LPS / LPS+Nigericin,AHNAK,Q09666,Q09666,AHNK_HUMAN,Neuroblast differentiation-associated protein AHNAK,Q09666_S4002_M1_19,HexNAc (ST),0.369247015,0.633972537,0.344997866,6,Not significant
LPS / LPS+Nigericin,AHNAK,Q09666,Q09666,AHNK_HUMAN,Neuroblast differentiation-associated protein AHNAK,Q09666_S4258_M1_19,HexNAc (ST),0.369247015,0.633972537,0.344997866,6,Not significant
LPS / LPS+Nigericin,AHNAK,Q09666,Q09666,AHNK_HUMAN,Neuroblast differentiation-associated protein AHNAK,Q09666_S4460_M1_19,HexNAc (ST),0.369247015,0.633972537,0.344997866,6,Not significant
LPS / LPS+Nigericin,AHNAK,Q09666,Q09666,AHNK_HUMAN,Neuroblast differentiation-associated protein AHNAK,Q09666_S3746_M1_19,HexNAc (ST),4.194722828,0.633972537,0.429972319,6,Not significant
LPS / LPS+Nigericin,AHNAK,Q09666,Q09666,AHNK_HUMAN,Neuroblast differentiation-associated protein AHNAK,Q09666_S1324_M1_19,HexNAc (ST),0.519035808,0.633972537,0.353373808,6,Not significant
LPS / LPS+Nigericin,AHNAK,Q09666,Q09666,AHNK_HUMAN,Neuroblast differentiation-associated protein AHNAK,Q09666_S845_M2_19,HexNAc (ST),6.351191142,0.633972537,0.420369078,6,Not significant
LPS / LPS+Nigericin,AHNAK,Q09666,Q09666,AHNK_HUMAN,Neuroblast differentiation-associated protein AHNAK,Q09666_T839_M2_19,HexNAc (ST),6.351191142,0.633972537,0.420369078,6,Not significant
LPS / LPS+Nigericin,AHNAK,Q09666,Q09666,AHNK_HUMAN,Neuroblast differentiation-associated protein AHNAK,Q09666_S4789_M2_19,HexNAc (ST),-0.650556696,0.633972537,0.393392488,5,Not significant
LPS / LPS+Nigericin,AHNAK,Q09666,Q09666,AHNK_HUMAN,Neuroblast differentiation-associated protein AHNAK,Q09666_S4486_M1_19,HexNAc (ST),3.207902232,0.633972537,0.395080057,5,Not significant
LPS / LPS+Nigericin,ELP6,Q0PNE2,Q0PNE2,ELP6_HUMAN,Elongator complex protein 6,Q0PNE2_S89_M1_19,HexNAc (ST),5.631533152,0.633972537,0.424501103,6,Not significant
LPS / LPS+Nigericin,STX5,Q13190,Q13190,STX5_HUMAN,Syntaxin-5,Q13190_S320_M1_19,HexNAc (ST),3.895220156,0.633972537,0.409174868,6,Not significant
LPS / LPS+Nigericin,TRIM28,Q13263,Q13263,TIF1B_HUMAN,Transcription intermediary factor 1-beta,Q13263_S756_M2_19,HexNAc (ST),-8.987900606,0.633972537,0.422297673,6,Not significant
LPS / LPS+Nigericin,UBE2V1,Q13404,Q13404,UB2V1_HUMAN,Ubiquitin-conjugating enzyme E2 variant 1,Q13404_S66_M1_19,HexNAc (ST),-0.415031397,0.633972537,0.360173138,6,Not significant
LPS / LPS+Nigericin,ALCAM,Q13740,Q13740,CD166_HUMAN,CD166 antigen,Q13740_S64_M1_19,HexNAc (ST),5.376552255,0.633972537,0.408818711,6,Not significant
LPS / LPS+Nigericin,TRIP11,Q15643,Q15643,TRIPB_HUMAN,Thyroid receptor-interacting protein 11,Q15643_T1655_M1_19,HexNAc (ST),8.16741966,0.633972537,0.42305763,6,Not significant
LPS / LPS+Nigericin,TRIP4,Q15650,Q15650,TRIP4_HUMAN,Activating signal cointegrator 1,Q15650_T327_M1_19,HexNAc (ST),0.533178781,0.633972537,0.370594935,6,Not significant
LPS / LPS+Nigericin,TSC22D1,Q15714,Q15714,T22D1_HUMAN,TSC22 domain family protein 1,Q15714_S1018_M1_19,HexNAc (ST),-4.729745297,0.633972537,0.424377637,6,Not significant
LPS / LPS+Nigericin,FIP1L1,Q6UN15,Q6UN15,FIP1_HUMAN,Pre-mRNA 3'-end-processing factor FIP1,Q6UN15_S324_M3_19,HexNAc (ST),0.524595367,0.633972537,0.382178035,6,Not significant
LPS / LPS+Nigericin,FIP1L1,Q6UN15,Q6UN15,FIP1_HUMAN,Pre-mRNA 3'-end-processing factor FIP1,Q6UN15_T322_M3_19,HexNAc (ST),0.524595367,0.633972537,0.382178035,6,Not significant
LPS / LPS+Nigericin,FIP1L1,Q6UN15,Q6UN15,FIP1_HUMAN,Pre-mRNA 3'-end-processing factor FIP1,Q6UN15_T320_M3_19,HexNAc (ST),0.524595367,0.633972537,0.382178035,6,Not significant
LPS / LPS+Nigericin,NUP54,Q7Z3B4,Q7Z3B4,NUP54_HUMAN,Nucleoporin p54,Q7Z3B4_S319_M1_19,HexNAc (ST),-0.330835829,0.633972537,0.388863815,6,Not significant
LPS / LPS+Nigericin,CPNE8,Q86YQ8,Q86YQ8,CPNE8_HUMAN,Copine-8,Q86YQ8_S356_M1_19,HexNAc (ST),5.219669661,0.633972537,0.421434546,6,Not significant
LPS / LPS+Nigericin,RHOT1,Q8IXI2,Q8IXI2,MIRO1_HUMAN,Mitochondrial Rho GTPase 1,Q8IXI2_S109_M1_19,HexNAc (ST),-0.208037771,0.633972537,0.306056668,6,Not significant
LPS / LPS+Nigericin,WDFY3,Q8IZQ1,Q8IZQ1,WDFY3_HUMAN,WD repeat and FYVE domain-containing protein 3,Q8IZQ1_S1980_M2_19,HexNAc (ST),-7.39695266,0.633972537,0.422380025,6,Not significant
LPS / LPS+Nigericin,DNAJB14,Q8TBM8,Q8TBM8,DJB14_HUMAN,DnaJ homolog subfamily B member 14,Q8TBM8_S160_M1_19,HexNAc (ST),-0.425117918,0.633972537,0.353590792,6,Not significant
LPS / LPS+Nigericin,MYCBPAP,Q8TBZ2,Q8TBZ2,MYBPP_HUMAN,MYCBP-associated protein,Q8TBZ2_S582_M3_19,HexNAc (ST),7.330472225,0.633972537,0.423368364,6,Not significant
LPS / LPS+Nigericin,MYCBPAP,Q8TBZ2,Q8TBZ2,MYBPP_HUMAN,MYCBP-associated protein,Q8TBZ2_T580_M3_19,HexNAc (ST),-0.51224079,0.633972537,0.40023886,5,Not significant
LPS / LPS+Nigericin,NACC1,Q96RE7,Q96RE7,NACC1_HUMAN,Nucleus accumbens-associated protein 1,Q96RE7_S342_M1_19,HexNAc (ST),3.507564581,0.633972537,0.425948063,6,Not significant
LPS / LPS+Nigericin,TEP1,Q99973,Q99973,TEP1_HUMAN,Telomerase protein component 1,Q99973_S1926_M3_19,HexNAc (ST),-8.249390402,0.633972537,0.423213694,6,Not significant
LPS / LPS+Nigericin,SRRT,Q9BXP5,Q9BXP5,SRRT_HUMAN,Serrate RNA effector molecule homolog,Q9BXP5_S284_M1_19,HexNAc (ST),-4.104299191,0.633972537,0.400870892,6,Not significant
LPS / LPS+Nigericin,DNTTIP1,Q9H147,Q9H147,TDIF1_HUMAN,Deoxynucleotidyltransferase terminal-interacting protein 1,Q9H147_S217_M1_19,HexNAc (ST),0.802057241,0.633972537,0.342209632,6,Not significant
LPS / LPS+Nigericin,CHMP4B,Q9H444,Q9H444,CHM4B_HUMAN,Charged multivesicular body protein 4b,Q9H444_T21_M1_19,HexNAc (ST),-8.855674082,0.633972537,0.423048586,6,Not significant
LPS / LPS+Nigericin,CHMP4B,Q9H444,Q9H444,CHM4B_HUMAN,Charged multivesicular body protein 4b,Q9H444_S87_M2_19,HexNAc (ST),-7.83819957,0.633972537,0.421656786,6,Not significant
LPS / LPS+Nigericin,GRPEL1,Q9HAV7,Q9HAV7,GRPE1_HUMAN,"GrpE protein homolog 1, mitochondrial",Q9HAV7_T74_M1_19,HexNAc (ST),0.660328118,0.633972537,0.312429406,6,Not significant
LPS / LPS+Nigericin,CMC2,Q9NRP2,Q9NRP2,COXM2_HUMAN,COX assembly mitochondrial protein 2 homolog,Q9NRP2_S6_M2_19,HexNAc (ST),-3.041891322,0.633972537,0.390603661,5,Not significant
LPS / LPS+Nigericin,TOMM22,Q9NS69,Q9NS69,TOM22_HUMAN,Mitochondrial import receptor subunit TOM22 homolog,Q9NS69_S128_M2_19,HexNAc (ST),-0.898215874,0.633972537,0.331557379,5,Not significant
LPS / LPS+Nigericin,MDN1,Q9NU22,Q9NU22,MDN1_HUMAN,Midasin,Q9NU22_S2818_M1_19,HexNAc (ST),0.968964432,0.633972537,0.369595796,6,Not significant
LPS / LPS+Nigericin,MED17,Q9NVC6,Q9NVC6,MED17_HUMAN,Mediator of RNA polymerase II transcription subunit 17,Q9NVC6_S152_M1_19,HexNAc (ST),2.339944926,0.633972537,0.32023439,6,Not significant
LPS / LPS+Nigericin,RUVBL2,Q9Y230,Q9Y230,RUVB2_HUMAN,RuvB-like 2,Q9Y230_T194_M1_19,HexNAc (ST),-0.402430603,0.633972537,0.302432209,6,Not significant
LPS / LPS+Nigericin,VDAC3,Q9Y277,Q9Y277,VDAC3_HUMAN,Voltage-dependent anion-selective channel protein 3,Q9Y277_T72_M1_19,HexNAc (ST),-6.40480163,0.633972537,0.422368588,5,Not significant
LPS / LPS+Nigericin,NOP58,Q9Y2X3,Q9Y2X3,NOP58_HUMAN,Nucleolar protein 58,Q9Y2X3_T61_M2_19,HexNAc (ST),2.698285413,0.633972537,0.364812814,6,Not significant
LPS / LPS+Nigericin,NOP58,Q9Y2X3,Q9Y2X3,NOP58_HUMAN,Nucleolar protein 58,Q9Y2X3_T53_M2_19,HexNAc (ST),2.698285413,0.633972537,0.364812814,6,Not significant
LPS / LPS+Nigericin,SQOR,Q9Y6N5,Q9Y6N5,SQOR_HUMAN,"Sulfide:quinone oxidoreductase, mitochondrial",Q9Y6N5_S299_M1_19,HexNAc (ST),6.102890625,0.633972537,0.419456284,6,Not significant
LPS / LPS+Nigericin,AKAP8,O43823,O43823,AKAP8_HUMAN,A-kinase anchor protein 8,O43823_S685_M1_19,HexNAc (ST),0.787716667,0.633972537,0.389558639,5,Not significant
LPS / LPS+Nigericin,PLEC,Q15149,Q15149,PLEC_HUMAN,Plectin,Q15149_S2984_M1_19,HexNAc (ST),1.125638838,0.633972537,0.416024944,4,Not significant
LPS / LPS+Nigericin,UBQLN1,Q9UMX0,Q9UMX0,UBQL1_HUMAN,Ubiquilin-1,Q9UMX0_S71_M2_19,HexNAc (ST),-4.988695843,0.633972537,0.427804316,5,Not significant
LPS / LPS+Nigericin,CTSB,P07858,P07858,CATB_HUMAN,Cathepsin B,P07858_S175_M1_19,HexNAc (ST),3.931894683,0.633972537,0.430222138,5,Not significant
LPS / LPS+Nigericin,ATP6V1E1,P36543,P36543,VATE1_HUMAN,V-type proton ATPase subunit E 1,P36543_S73_M1_19,HexNAc (ST),0.358562565,0.634133348,0.438091017,6,Not significant
LPS / LPS+Nigericin,ARL8B,Q9NVJ2,Q9NVJ2,ARL8B_HUMAN,ADP-ribosylation factor-like protein 8B,Q9NVJ2_S150_M1_19,HexNAc (ST),-0.180187292,0.634256019,0.438851317,6,Not significant
LPS / LPS+Nigericin,ATP1A1,P05023,P05023,AT1A1_HUMAN,Sodium/potassium-transporting ATPase subunit alpha-1,P05023_S675_M2_19,HexNAc (ST),2.819228092,0.634270603,0.43897609,5,Not significant
LPS / LPS+Nigericin,HSPA5,P11021,P11021,BIP_HUMAN,Endoplasmic reticulum chaperone BiP,P11021_T366_M2_19,HexNAc (ST),3.750678489,0.634398695,0.439832817,5,Not significant
LPS / LPS+Nigericin,AHNAK,Q09666,Q09666,AHNK_HUMAN,Neuroblast differentiation-associated protein AHNAK,Q09666_T490_M1_19,HexNAc (ST),0.294259927,0.634670816,0.44156376,6,Not significant
LPS / LPS+Nigericin,RSF1,Q96T23,Q96T23,RSF1_HUMAN,Remodeling and spacing factor 1,Q96T23_T506_M2_19,HexNAc (ST),3.037433858,0.634672723,0.441593806,6,Not significant
LPS / LPS+Nigericin,RSF1,Q96T23,Q96T23,RSF1_HUMAN,Remodeling and spacing factor 1,Q96T23_T499_M2_19,HexNAc (ST),3.037433858,0.634672723,0.441593806,6,Not significant
LPS / LPS+Nigericin,LRRC59,Q96AG4,Q96AG4,LRC59_HUMAN,Leucine-rich repeat-containing protein 59,Q96AG4_S25_M1_19,HexNAc (ST),-3.147316085,0.634802657,0.442286783,5,Not significant
LPS / LPS+Nigericin,AK2,P54819,P54819,KAD2_HUMAN,"Adenylate kinase 2, mitochondrial",P54819_T89_M1_19,HexNAc (ST),-1.850246831,0.635893032,0.447572094,6,Not significant
LPS / LPS+Nigericin,POFUT2,Q9Y2G5,Q9Y2G5,OFUT2_HUMAN,GDP-fucose protein O-fucosyltransferase 2,Q9Y2G5_S282_M1_19,HexNAc (ST),1.601409346,0.636138504,0.448634434,6,Not significant
LPS / LPS+Nigericin,NHP2,Q9NX24,Q9NX24,NHP2_HUMAN,H/ACA ribonucleoprotein complex subunit 2,Q9NX24_S40_M1_19,HexNAc (ST),-0.349768826,0.636326059,0.449526573,4,Not significant
LPS / LPS+Nigericin,CPT2,P23786,P23786,CPT2_HUMAN,"Carnitine O-palmitoyltransferase 2, mitochondrial",P23786_S66_M1_19,HexNAc (ST),-1.20495646,0.636579505,0.450666385,6,Not significant
LPS / LPS+Nigericin,CDC42,P60953,P60953,CDC42_HUMAN,Cell division control protein 42 homolog,P60953_T161_M1_19,HexNAc (ST),2.32282921,0.636957884,0.452170589,6,Not significant
LPS / LPS+Nigericin,PTRH2,Q9Y3E5,Q9Y3E5,PTH2_HUMAN,"Peptidyl-tRNA hydrolase 2, mitochondrial",Q9Y3E5_T125_M1_19,HexNAc (ST),-2.134078851,0.637127733,0.452530256,6,Not significant
LPS / LPS+Nigericin,NDUFB9,Q9Y6M9,Q9Y6M9,NDUB9_HUMAN,NADH dehydrogenase [ubiquinone] 1 beta subcomplex subunit 9,Q9Y6M9_T11_M2_19,HexNAc (ST),0.743390865,0.637323474,0.453452925,6,Not significant
LPS / LPS+Nigericin,NDUFB9,Q9Y6M9,Q9Y6M9,NDUB9_HUMAN,NADH dehydrogenase [ubiquinone] 1 beta subcomplex subunit 9,Q9Y6M9_S6_M2_19,HexNAc (ST),0.743390865,0.637323474,0.453452925,6,Not significant
LPS / LPS+Nigericin,PSMC3,P17980,P17980,PRS6A_HUMAN,26S proteasome regulatory subunit 6A,P17980_S281_M1_19,HexNAc (ST),0.460090868,0.637465045,0.454103444,5,Not significant
LPS / LPS+Nigericin,HSPA8,P11142,P11142,HSP7C_HUMAN,Heat shock cognate 71 kDa protein,P11142_S85_M1_19,HexNAc (ST),1.251362475,0.637513451,0.454310465,6,Not significant
LPS / LPS+Nigericin,ERLIN2,O94905,O94905,ERLN2_HUMAN,Erlin-2,O94905_T277_M1_19,HexNAc (ST),-1.327292908,0.637970737,0.456273867,6,Not significant
LPS / LPS+Nigericin,ALDOA,Cont_P00883,Cont_P00883,ALDOA_RABIT,Fructose-bisphosphate aldolase A,Cont_P00883_S4_M1_19,HexNAc (ST),0.575141496,0.638090066,0.45671441,6,Not significant
LPS / LPS+Nigericin,S100A9,P06702,P06702,S10A9_HUMAN,Protein S100-A9,P06702_T31_M1_19,HexNAc (ST),0.643755143,0.638940343,0.459650624,6,Not significant
LPS / LPS+Nigericin,ACTN1,P12814,P12814,ACTN1_HUMAN,Alpha-actinin-1,P12814_T50_M1_19,HexNAc (ST),0.508157545,0.63907065,0.460290193,6,Not significant
LPS / LPS+Nigericin,CTSV,O60911,O60911,CATL2_HUMAN,Cathepsin L2,O60911_S142_M2_19,HexNAc (ST),0.31724101,0.63963242,0.462157773,6,Not significant
LPS / LPS+Nigericin,UQCRC1,P31930,P31930,QCR1_HUMAN,"Cytochrome b-c1 complex subunit 1, mitochondrial",P31930_S446_M1_19,HexNAc (ST),-1.24889412,0.639916157,0.463247245,6,Not significant
LPS / LPS+Nigericin,FLG2,Cont_Q5D862;Q5D862,Cont_Q5D862;Q5D862,FILA2_HUMAN,Filaggrin-2,Cont_Q5D862_S7_M2_19,HexNAc (ST),1.099650602,0.640614114,0.46593942,6,Not significant
LPS / LPS+Nigericin,FLG2,Cont_Q5D862;Q5D862,Cont_Q5D862;Q5D862,FILA2_HUMAN,Filaggrin-2,Q5D862_S7_M2_19,HexNAc (ST),1.099650602,0.640614114,0.46593942,6,Not significant
LPS / LPS+Nigericin,RAP1A,P62834,P62834,RAP1A_HUMAN,Ras-related protein Rap-1A,P62834_T106_M1_19,HexNAc (ST),-0.432444418,0.640635641,0.465989894,6,Not significant
LPS / LPS+Nigericin,MACROH2A1,O75367,O75367,H2AY_HUMAN,Core histone macro-H2A.1,O75367_T290_M1_19,HexNAc (ST),0.592112572,0.640992812,0.467311839,6,Not significant
LPS / LPS+Nigericin,H2AX,P16104,P16104,H2AX_HUMAN,Histone H2AX,P16104_T102_M1_19,HexNAc (ST),1.596924914,0.641062795,0.467606502,6,Not significant
LPS / LPS+Nigericin,ALDOC,P09972,P09972,ALDOC_HUMAN,Fructose-bisphosphate aldolase C,P09972_S160_M2_19,HexNAc (ST),0.156702261,0.642796392,0.473305314,6,Not significant
LPS / LPS+Nigericin,ALDOC,P09972,P09972,ALDOC_HUMAN,Fructose-bisphosphate aldolase C,P09972_T158_M2_19,HexNAc (ST),0.156702261,0.642796392,0.473305314,6,Not significant
LPS / LPS+Nigericin,HSPA1A;HSPA1B,P0DMV8;P0DMV9,P0DMV8;P0DMV9,HS71A_HUMAN;HS71B_HUMAN,Heat shock 70 kDa protein 1A;Heat shock 70 kDa protein 1B,P0DMV8_S537_M1_19,HexNAc (ST),0.413358969,0.643425468,0.475196948,6,Not significant
LPS / LPS+Nigericin,HSPA1A;HSPA1B,P0DMV8;P0DMV9,P0DMV8;P0DMV9,HS71A_HUMAN;HS71B_HUMAN,Heat shock 70 kDa protein 1A;Heat shock 70 kDa protein 1B,P0DMV9_S537_M1_19,HexNAc (ST),0.413358969,0.643425468,0.475196948,6,Not significant
LPS / LPS+Nigericin,ACAT2,Q9BWD1,Q9BWD1,THIC_HUMAN,"Acetyl-CoA acetyltransferase, cytosolic",Q9BWD1_T209_M2_19,HexNAc (ST),-0.547446366,0.644369578,0.47829387,5,Not significant
LPS / LPS+Nigericin,HBB,Cont_P02070,Cont_P02070,HBB_BOVIN,Hemoglobin subunit beta,Cont_P02070_T11_M1_19,HexNAc (ST),1.091964583,0.644696789,0.49537219,6,Not significant
LPS / LPS+Nigericin,BCAS2,O75934,O75934,SPF27_HUMAN,Pre-mRNA-splicing factor SPF27,O75934_T4_M1_19,HexNAc (ST),0.412092399,0.644696789,0.486272751,6,Not significant
LPS / LPS+Nigericin,HSPA8,P11142,P11142,HSP7C_HUMAN,Heat shock cognate 71 kDa protein,P11142_T586_M1_19,HexNAc (ST),0.676954936,0.644696789,0.491506413,6,Not significant
LPS / LPS+Nigericin,CANX,P27824,P27824,CALX_HUMAN,Calnexin,P27824_S74_M1_19,HexNAc (ST),6.035672744,0.644696789,0.501062001,5,Not significant
LPS / LPS+Nigericin,TMPO,P42166,P42166,LAP2A_HUMAN,"Lamina-associated polypeptide 2, isoform alpha",P42166_T26_M1_19,HexNAc (ST),-8.388745994,0.644696789,0.499053792,5,Not significant
LPS / LPS+Nigericin,CAPZA1,P52907,P52907,CAZA1_HUMAN,F-actin-capping protein subunit alpha-1,P52907_S95_M1_19,HexNAc (ST),-0.665266456,0.644696789,0.499654152,6,Not significant
LPS / LPS+Nigericin,PPIA,P62937,P62937,PPIA_HUMAN,Peptidyl-prolyl cis-trans isomerase A,P62937_T93_M2_19,HexNAc (ST),8.166489438,0.644696789,0.499825879,5,Not significant
LPS / LPS+Nigericin,TUBB4B,P68371,P68371,TBB4B_HUMAN,Tubulin beta-4B chain,P68371_S172_M1_19,HexNAc (ST),0.875570666,0.644696789,0.500338757,6,Not significant
LPS / LPS+Nigericin,AHNAK,Q09666,Q09666,AHNK_HUMAN,Neuroblast differentiation-associated protein AHNAK,Q09666_S886_M1_19,HexNAc (ST),-0.487755916,0.644696789,0.492386593,6,Not significant
LPS / LPS+Nigericin,AHNAK,Q09666,Q09666,AHNK_HUMAN,Neuroblast differentiation-associated protein AHNAK,Q09666_S1721_M1_19,HexNAc (ST),-0.487755916,0.644696789,0.492386593,6,Not significant
LPS / LPS+Nigericin,AHNAK,Q09666,Q09666,AHNK_HUMAN,Neuroblast differentiation-associated protein AHNAK,Q09666_S2057_M1_19,HexNAc (ST),-0.487755916,0.644696789,0.492386593,6,Not significant
LPS / LPS+Nigericin,AHNAK,Q09666,Q09666,AHNK_HUMAN,Neuroblast differentiation-associated protein AHNAK,Q09666_S2519_M1_19,HexNAc (ST),-0.487755916,0.644696789,0.492386593,6,Not significant
LPS / LPS+Nigericin,AHNAK,Q09666,Q09666,AHNK_HUMAN,Neuroblast differentiation-associated protein AHNAK,Q09666_S2903_M1_19,HexNAc (ST),-0.487755916,0.644696789,0.492386593,6,Not significant
LPS / LPS+Nigericin,AHNAK,Q09666,Q09666,AHNK_HUMAN,Neuroblast differentiation-associated protein AHNAK,Q09666_S1042_M1_19,HexNAc (ST),-4.47197903,0.644696789,0.502247033,5,Not significant
LPS / LPS+Nigericin,MRPL2,Q5T653,Q5T653,RM02_HUMAN,Large ribosomal subunit protein uL2m,Q5T653_T223_M2_19,HexNAc (ST),-0.240594963,0.644696789,0.482951337,6,Not significant
LPS / LPS+Nigericin,RAB18,Q9NP72,Q9NP72,RAB18_HUMAN,Ras-related protein Rab-18,Q9NP72_T49_M2_19,HexNAc (ST),8.313608335,0.644696789,0.49989435,5,Not significant
LPS / LPS+Nigericin,OLA1,Q9NTK5,Q9NTK5,OLA1_HUMAN,Obg-like ATPase 1,Q9NTK5_S22_M2_19,HexNAc (ST),0.614716628,0.644696789,0.485747573,6,Not significant
LPS / LPS+Nigericin,OLA1,Q9NTK5,Q9NTK5,OLA1_HUMAN,Obg-like ATPase 1,Q9NTK5_T21_M2_19,HexNAc (ST),0.614716628,0.644696789,0.485747573,6,Not significant
LPS / LPS+Nigericin,P4HB,P07237,P07237,PDIA1_HUMAN,Protein disulfide-isomerase,P07237_T101_M1_19,HexNAc (ST),-6.610507985,0.644696789,0.498358486,4,Not significant
LPS / LPS+Nigericin,PFN1,P07737,P07737,PROF1_HUMAN,Profilin-1,P07737_S85_M2_19,HexNAc (ST),-6.19326389,0.644696789,0.495217663,5,Not significant
LPS / LPS+Nigericin,RPS4X,P62701,P62701,RS4X_HUMAN,"Small ribosomal subunit protein eS4, X isoform",P62701_T184_M2_19,HexNAc (ST),-7.588752339,0.644696789,0.498793077,5,Not significant
LPS / LPS+Nigericin,TJP2,Q9UDY2,Q9UDY2,ZO2_HUMAN,Tight junction protein ZO-2,Q9UDY2_T757_M1_19,HexNAc (ST),-0.199686066,0.644781426,0.504386036,6,Not significant
LPS / LPS+Nigericin,TAF15,Q92804,Q92804,RBP56_HUMAN,TATA-binding protein-associated factor 2N,Q92804_T279_M1_19,HexNAc (ST),4.156888135,0.644957056,0.505738282,5,Not significant
LPS / LPS+Nigericin,STK10,O94804,O94804,STK10_HUMAN,Serine/threonine-protein kinase 10,O94804_T58_M1_19,HexNAc (ST),0.156806495,0.64509445,0.506872368,6,Not significant
LPS / LPS+Nigericin,CA2,P00918,P00918,CAH2_HUMAN,Carbonic anhydrase 2,P00918_S56_M2_19,HexNAc (ST),3.82119943,0.645114674,0.507054704,5,Not significant
LPS / LPS+Nigericin,CA2,P00918,P00918,CAH2_HUMAN,Carbonic anhydrase 2,P00918_T55_M2_19,HexNAc (ST),3.82119943,0.645114674,0.507054704,5,Not significant
LPS / LPS+Nigericin,ACOX3,O15254,O15254,ACOX3_HUMAN,Peroxisomal acyl-coenzyme A oxidase 3,O15254_T235_M1_19,HexNAc (ST),-0.432274569,0.645431602,0.508391189,6,Not significant
LPS / LPS+Nigericin,ITGAX,P20702,P20702,ITAX_HUMAN,Integrin alpha-X,P20702_S266_M1_19,HexNAc (ST),0.576806452,0.646435221,0.512014351,6,Not significant
LPS / LPS+Nigericin,ALDOA,P04075,P04075,ALDOA_HUMAN,Fructose-bisphosphate aldolase A,P04075_S160_M1_19,HexNAc (ST),0.206210733,0.64689338,0.513682915,6,Not significant
LPS / LPS+Nigericin,ADA,P00813,P00813,ADA_HUMAN,Adenosine deaminase,P00813_T212_M1_19,HexNAc (ST),-0.51203025,0.646898771,0.513725956,6,Not significant
LPS / LPS+Nigericin,ACTR3,P61158,P61158,ARP3_HUMAN,Actin-related protein 3,P61158_T369_M1_19,HexNAc (ST),0.081603248,0.64806542,0.518017587,6,Not significant
LPS / LPS+Nigericin,ATP13A1,Q9HD20,Q9HD20,AT131_HUMAN,Endoplasmic reticulum transmembrane helix translocase,Q9HD20_S790_M1_19,HexNAc (ST),-3.612526162,0.648540352,0.519768892,5,Not significant
LPS / LPS+Nigericin,H1-3,P16402,P16402,H13_HUMAN,Histone H1.3,P16402_S59_M2_19,HexNAc (ST),0.250723941,0.648859042,0.520823237,4,Not significant
LPS / LPS+Nigericin,RNASET2,O00584,O00584,RNT2_HUMAN,Ribonuclease T2,O00584_S103_M1_19,HexNAc (ST),0.52701642,0.648871066,0.520863188,6,Not significant
LPS / LPS+Nigericin,PDIA3,P30101,P30101,PDIA3_HUMAN,Protein disulfide-isomerase A3,P30101_T248_M1_19,HexNAc (ST),0.270112649,0.649165336,0.521918584,6,Not significant
LPS / LPS+Nigericin,XRCC5,P13010,P13010,XRCC5_HUMAN,X-ray repair cross-complementing protein 5,P13010_T293_M1_19,HexNAc (ST),-1.308595368,0.649618852,0.523438475,6,Not significant
LPS / LPS+Nigericin,TUBA4A,Cont_P81948;P68366,Cont_P81948;P68366,TBA4A_BOVIN;TBA4A_HUMAN,Tubulin alpha-4A chain,Cont_P81948_T73_M1_19,HexNAc (ST),0.192839359,0.649902195,0.524383193,6,Not significant
LPS / LPS+Nigericin,TUBA4A,Cont_P81948;P68366,Cont_P81948;P68366,TBA4A_BOVIN;TBA4A_HUMAN,Tubulin alpha-4A chain,P68366_T73_M1_19,HexNAc (ST),0.192839359,0.649902195,0.524383193,6,Not significant
LPS / LPS+Nigericin,PABPC4,Q13310,Q13310,PABP4_HUMAN,Polyadenylate-binding protein 4,Q13310_S322_M2_19,HexNAc (ST),-0.177366226,0.650003457,0.52476109,6,Not significant
LPS / LPS+Nigericin,ITGB1,P05556,P05556,ITB1_HUMAN,Integrin beta-1,P05556_T112_M1_19,HexNAc (ST),-0.899972723,0.650307066,0.52555366,6,Not significant
LPS / LPS+Nigericin,LYRM7,Q5U5X0,Q5U5X0,LYRM7_HUMAN,Complex III assembly factor LYRM7,Q5U5X0_T101_M1_19,HexNAc (ST),0.103791299,0.650764225,0.526705035,6,Not significant
LPS / LPS+Nigericin,CMPK1,P30085,P30085,KCY_HUMAN,UMP-CMP kinase,P30085_S180_M1_19,HexNAc (ST),-1.171602467,0.651103971,0.527721688,4,Not significant
LPS / LPS+Nigericin,EPRS1,P07814,P07814,SYEP_HUMAN,Bifunctional glutamate/proline--tRNA ligase,P07814_T1110_M1_19,HexNAc (ST),-0.312569952,0.651424711,0.5286951,4,Not significant
LPS / LPS+Nigericin,GSN,P06396,P06396,GELS_HUMAN,Gelsolin,P06396_S304_M1_19,HexNAc (ST),0.171469855,0.651426224,0.528717426,5,Not significant
LPS / LPS+Nigericin,RTN4,Q9NQC3,Q9NQC3,RTN4_HUMAN,Reticulon-4,Q9NQC3_T70_M2_19,HexNAc (ST),-0.543439607,0.651948822,0.530242927,6,Not significant
LPS / LPS+Nigericin,ACTB,Cont_P60712;P60709,Cont_P60712;P60709,ACTB_BOVIN;ACTB_HUMAN,"Actin, cytoplasmic 1;Actin, cytoplasmic 1",Cont_P60712_T106_M1_19,HexNAc (ST),0.470153192,0.653567067,0.534998607,6,Not significant
LPS / LPS+Nigericin,ACTB,Cont_P60712;P60709,Cont_P60712;P60709,ACTB_BOVIN;ACTB_HUMAN,"Actin, cytoplasmic 1;Actin, cytoplasmic 1",P60709_T106_M1_19,HexNAc (ST),0.470153192,0.653567067,0.534998607,6,Not significant
LPS / LPS+Nigericin,TOP2B,Q02880,Q02880,TOP2B_HUMAN,DNA topoisomerase 2-beta,Q02880_T97_M1_19,HexNAc (ST),-0.500781058,0.656432749,0.543680485,6,Not significant
LPS / LPS+Nigericin,EIF4A1,P60842,P60842,IF4A1_HUMAN,Eukaryotic initiation factor 4A-I,P60842_T377_M1_19,HexNAc (ST),0.288169488,0.657015722,0.545333615,6,Not significant
LPS / LPS+Nigericin,PSAP,P07602,P07602,SAP_HUMAN,Prosaposin,P07602_T334_M1_19,HexNAc (ST),0.501470464,0.657854122,0.54778913,6,Not significant
LPS / LPS+Nigericin,DMAP1,Q9NPF5,Q9NPF5,DMAP1_HUMAN,DNA methyltransferase 1-associated protein 1,Q9NPF5_T237_M1_19,HexNAc (ST),-0.239190291,0.658100253,0.548563923,6,Not significant
LPS / LPS+Nigericin,HSP90B1,P14625,P14625,ENPL_HUMAN,Endoplasmin,P14625_T722_M1_19,HexNAc (ST),1.856321692,0.658337479,0.549384158,4,Not significant
LPS / LPS+Nigericin,MATR3,P43243,P43243,MATR3_HUMAN,Matrin-3,P43243_T134_M1_19,HexNAc (ST),-0.385963081,0.658987728,0.551381155,6,Not significant
LPS / LPS+Nigericin,PSPC1,Q8WXF1,Q8WXF1,PSPC1_HUMAN,Paraspeckle component 1,Q8WXF1_S499_M2_19,HexNAc (ST),0.263692036,0.659813573,0.553829602,6,Not significant
LPS / LPS+Nigericin,PSPC1,Q8WXF1,Q8WXF1,PSPC1_HUMAN,Paraspeckle component 1,Q8WXF1_S493_M2_19,HexNAc (ST),0.263692036,0.659813573,0.553829585,6,Not significant
LPS / LPS+Nigericin,MYL6,P60660,P60660,MYL6_HUMAN,Myosin light polypeptide 6,P60660_T85_M1_19,HexNAc (ST),0.3074273,0.662209648,0.560937154,6,Not significant
LPS / LPS+Nigericin,HLA-A,P04439,P04439,HLAA_HUMAN,"HLA class I histocompatibility antigen, A alpha chain",P04439_S275_M1_19,HexNAc (ST),0.229482041,0.667118521,0.575993243,6,Not significant
LPS / LPS+Nigericin,ENO1,P06733,P06733,ENOA_HUMAN,Alpha-enolase,P06733_T229_M1_19,HexNAc (ST),0.657600712,0.66840702,0.579917041,6,Not significant
LPS / LPS+Nigericin,CAPG,P40121,P40121,CAPG_HUMAN,Macrophage-capping protein,P40121_S255_M2_19,HexNAc (ST),0.255850086,0.668858625,0.581437159,6,Not significant
LPS / LPS+Nigericin,PDIA6,Q15084,Q15084,PDIA6_HUMAN,Protein disulfide-isomerase A6,Q15084_S230_M1_19,HexNAc (ST),-0.304930103,0.66947543,0.583424288,4,Not significant
LPS / LPS+Nigericin,TAGLN2,P37802,P37802,TAGL2_HUMAN,Transgelin-2,P37802_T60_M1_19,HexNAc (ST),0.452953033,0.669639053,0.583857193,6,Not significant
LPS / LPS+Nigericin,PDIA3,P30101,P30101,PDIA3_HUMAN,Protein disulfide-isomerase A3,P30101_S318_M2_19,HexNAc (ST),-1.499279572,0.671407594,0.58924259,5,Not significant
LPS / LPS+Nigericin,VIM,P08670,P08670,VIME_HUMAN,Vimentin,P08670_S278_M1_19,HexNAc (ST),0.602822503,0.672159417,0.591679314,6,Not significant
LPS / LPS+Nigericin,ERP44,Q9BS26,Q9BS26,ERP44_HUMAN,Endoplasmic reticulum resident protein 44,Q9BS26_S353_M1_19,HexNAc (ST),-0.177754847,0.672792178,0.593527594,6,Not significant
LPS / LPS+Nigericin,AHNAK,Q09666,Q09666,AHNK_HUMAN,Neuroblast differentiation-associated protein AHNAK,Q09666_S2205_M1_19,HexNAc (ST),0.283325643,0.673005997,0.594177635,6,Not significant
LPS / LPS+Nigericin,NRGN,Q92686,Q92686,NEUG_HUMAN,Neurogranin,Q92686_T5_M2_19,HexNAc (ST),1.394717417,0.67439272,0.598434661,6,Not significant
LPS / LPS+Nigericin,ICAM1,P05362,P05362,ICAM1_HUMAN,Intercellular adhesion molecule 1,P05362_T448_M1_19,HexNAc (ST),0.126663371,0.674427229,0.598529358,4,Not significant
LPS / LPS+Nigericin,MX2,P20592,P20592,MX2_HUMAN,Interferon-induced GTP-binding protein Mx2,P20592_T366_M1_19,HexNAc (ST),-0.815593523,0.675488305,0.601509378,6,Not significant
LPS / LPS+Nigericin,PNN,Q9H307,Q9H307,PININ_HUMAN,Pinin,Q9H307_T204_M1_19,HexNAc (ST),0.429343371,0.677567181,0.607415153,6,Not significant
LPS / LPS+Nigericin,HNRNPD,Q14103,Q14103,HNRPD_HUMAN,Heterogeneous nuclear ribonucleoprotein D0,Q14103_S190_M2_19,HexNAc (ST),0.393595762,0.677570584,0.607429282,5,Not significant
LPS / LPS+Nigericin,GPX1,P07203,P07203,GPX1_HUMAN,Glutathione peroxidase 1,P07203_S34_M2_19,HexNAc (ST),-0.39221681,0.678197065,0.609461329,6,Not significant
LPS / LPS+Nigericin,LYSMD2,Q8IV50,Q8IV50,LYSM2_HUMAN,LysM and putative peptidoglycan-binding domain-containing protein 2,Q8IV50_T80_M1_19,HexNAc (ST),-0.513490674,0.678197065,0.609465698,6,Not significant
LPS / LPS+Nigericin,EIF4G2,P78344,P78344,IF4G2_HUMAN,Eukaryotic translation initiation factor 4 gamma 2,P78344_S272_M1_19,HexNAc (ST),0.314994732,0.678929887,0.611788972,6,Not significant
LPS / LPS+Nigericin,NDUFAF2,Q8N183,Q8N183,NDUF2_HUMAN,NADH dehydrogenase [ubiquinone] 1 alpha subcomplex assembly factor 2,Q8N183_S102_M1_19,HexNAc (ST),0.55239494,0.678934325,0.611824437,6,Not significant
LPS / LPS+Nigericin,CD38,P28907,P28907,CD38_HUMAN,ADP-ribosyl cyclase/cyclic ADP-ribose hydrolase 1,P28907_T71_M1_19,HexNAc (ST),-0.108248479,0.680727083,0.617203463,6,Not significant
LPS / LPS+Nigericin,PRSS1,Cont_P00760,Cont_P00760,TRY1_BOVIN,Serine protease 1,Cont_P00760_S169_M2_19,HexNAc (ST),-0.406432811,0.68088023,0.617717171,6,Not significant
LPS / LPS+Nigericin,GRIPAP1,Q4V328,Q4V328,GRAP1_HUMAN,GRIP1-associated protein 1,Q4V328_S105_M1_19,HexNAc (ST),-0.139720691,0.681534932,0.61955616,6,Not significant
LPS / LPS+Nigericin,M6PR,P20645,P20645,MPRD_HUMAN,Cation-dependent mannose-6-phosphate receptor,P20645_S42_M1_19,HexNAc (ST),0.439395292,0.682430932,0.62223594,6,Not significant
LPS / LPS+Nigericin,HNRNPUL2,Q1KMD3,Q1KMD3,HNRL2_HUMAN,Heterogeneous nuclear ribonucleoprotein U-like protein 2,Q1KMD3_S543_M1_19,HexNAc (ST),-1.20552949,0.682451817,0.622347137,6,Not significant
LPS / LPS+Nigericin,RPLP2,P05387,P05387,RLA2_HUMAN,Large ribosomal subunit protein P2,P05387_S44_M1_19,HexNAc (ST),0.126190564,0.682510891,0.622544901,6,Not significant
LPS / LPS+Nigericin,AHNAK,Q09666,Q09666,AHNK_HUMAN,Neuroblast differentiation-associated protein AHNAK,Q09666_S1542_M1_19,HexNAc (ST),-0.444135252,0.684713727,0.629100538,6,Not significant
LPS / LPS+Nigericin,SIAE,Q9HAT2,Q9HAT2,SIAE_HUMAN,Sialate O-acetylesterase,Q9HAT2_T403_M1_19,HexNAc (ST),-0.182467447,0.688622968,0.641848254,6,Not significant
LPS / LPS+Nigericin,CLTC,Q00610,Q00610,CLH1_HUMAN,Clathrin heavy chain 1,Q00610_S460_M1_19,HexNAc (ST),-0.775322274,0.688968045,0.643069499,6,Not significant
LPS / LPS+Nigericin,PRDX5,P30044,P30044,PRDX5_HUMAN,"Peroxiredoxin-5, mitochondrial",P30044_S101_M2_19,HexNAc (ST),-0.870839437,0.689682233,0.645340185,6,Not significant
LPS / LPS+Nigericin,PRDX5,P30044,P30044,PRDX5_HUMAN,"Peroxiredoxin-5, mitochondrial",P30044_T97_M2_19,HexNAc (ST),-0.870839437,0.689682233,0.645340185,6,Not significant
LPS / LPS+Nigericin,VAPA,Q9P0L0,Q9P0L0,VAPA_HUMAN,Vesicle-associated membrane protein-associated protein A,Q9P0L0_T35_M1_19,HexNAc (ST),0.494596672,0.692492595,0.653759826,6,Not significant
LPS / LPS+Nigericin,MANF,P55145,P55145,MANF_HUMAN,Mesencephalic astrocyte-derived neurotrophic factor,P55145_T55_M1_19,HexNAc (ST),-0.749891834,0.69259604,0.654064463,6,Not significant
LPS / LPS+Nigericin,FUBP3,Q96I24,Q96I24,FUBP3_HUMAN,Far upstream element-binding protein 3,Q96I24_T192_M1_19,HexNAc (ST),0.255416698,0.693961911,0.657927931,6,Not significant
LPS / LPS+Nigericin,CD22,P20273,P20273,CD22_HUMAN,B-cell receptor CD22,P20273_T291_M1_19,HexNAc (ST),-0.224142932,0.696388718,0.666108714,5,Not significant
LPS / LPS+Nigericin,P4HB,P07237,P07237,PDIA1_HUMAN,Protein disulfide-isomerase,P07237_T413_M1_19,HexNAc (ST),0.148439388,0.696479506,0.666380647,6,Not significant
LPS / LPS+Nigericin,CAP1,Q01518,Q01518,CAP1_HUMAN,Adenylyl cyclase-associated protein 1,Q01518_S394_M1_19,HexNAc (ST),-0.704416909,0.697576446,0.67002056,6,Not significant
LPS / LPS+Nigericin,RBMX,P38159,P38159,RBMX_HUMAN,"RNA-binding motif protein, X chromosome",P38159_S58_M2_19,HexNAc (ST),0.543109326,0.69774357,0.67058744,6,Not significant
LPS / LPS+Nigericin,RBMX,P38159,P38159,RBMX_HUMAN,"RNA-binding motif protein, X chromosome",P38159_T55_M2_19,HexNAc (ST),0.543109326,0.69774357,0.67058744,6,Not significant
LPS / LPS+Nigericin,ITGAV,P06756,P06756,ITAV_HUMAN,Integrin alpha-V,P06756_T586_M2_19,HexNAc (ST),0.268211218,0.698116545,0.671909546,6,Not significant
LPS / LPS+Nigericin,ITGAV,P06756,P06756,ITAV_HUMAN,Integrin alpha-V,P06756_T583_M2_19,HexNAc (ST),0.268211218,0.698116545,0.671909546,6,Not significant
LPS / LPS+Nigericin,TLN1,Q9Y490,Q9Y490,TLN1_HUMAN,Talin-1,Q9Y490_T2281_M2_19,HexNAc (ST),0.169641719,0.699903033,0.677604984,6,Not significant
LPS / LPS+Nigericin,TLN1,Q9Y490,Q9Y490,TLN1_HUMAN,Talin-1,Q9Y490_S2279_M2_19,HexNAc (ST),0.169641719,0.699903033,0.677604984,6,Not significant
LPS / LPS+Nigericin,ATP6V1F,Q16864,Q16864,VATF_HUMAN,V-type proton ATPase subunit F,Q16864_T18_M1_19,HexNAc (ST),0.218104552,0.699982921,0.677889118,4,Not significant
LPS / LPS+Nigericin,TMED10,P49755,P49755,TMEDA_HUMAN,Transmembrane emp24 domain-containing protein 10,P49755_T114_M1_19,HexNAc (ST),0.555271463,0.702000674,0.684380913,6,Not significant
LPS / LPS+Nigericin,NOTCH2,Q04721,Q04721,NOTC2_HUMAN,Neurogenic locus notch homolog protein 2,Q04721_T78_M1_19,HexNAc (ST),-0.623161233,0.702177344,0.684959674,6,Not significant
LPS / LPS+Nigericin,AHNAK,Q09666,Q09666,AHNK_HUMAN,Neuroblast differentiation-associated protein AHNAK,Q09666_S758_M1_19,HexNAc (ST),0.227966431,0.702252469,0.685219056,6,Not significant
LPS / LPS+Nigericin,CDC123,O75794,O75794,CD123_HUMAN,Cell division cycle protein 123 homolog,O75794_T315_M2_19,HexNAc (ST),-0.215117044,0.702757576,0.686862203,6,Not significant
LPS / LPS+Nigericin,GDI2,P50395,P50395,GDIB_HUMAN,Rab GDP dissociation inhibitor beta,P50395_T185_M1_19,HexNAc (ST),0.456059681,0.703360842,0.689055465,6,Not significant
LPS / LPS+Nigericin,AHNAK,Q09666,Q09666,AHNK_HUMAN,Neuroblast differentiation-associated protein AHNAK,Q09666_S3894_M1_19,HexNAc (ST),0.316756135,0.70477283,0.693364556,6,Not significant
LPS / LPS+Nigericin,SRSF1,Q07955,Q07955,SRSF1_HUMAN,Serine/arginine-rich splicing factor 1,Q07955_S2_M1_19,HexNAc (ST),-0.040175039,0.704858867,0.693595337,6,Not significant
LPS / LPS+Nigericin,FTL,P02792,P02792,FRIL_HUMAN,Ferritin light chain,P02792_T150_M1_19,HexNAc (ST),-0.325185283,0.705603541,0.696159363,6,Not significant
LPS / LPS+Nigericin,HSPD1,P10809,P10809,CH60_HUMAN,"60 kDa heat shock protein, mitochondrial",P10809_T206_M2_19,HexNAc (ST),0.505203521,0.706683551,0.699303877,6,Not significant
LPS / LPS+Nigericin,HSPD1,P10809,P10809,CH60_HUMAN,"60 kDa heat shock protein, mitochondrial",P10809_T200_M2_19,HexNAc (ST),0.505203521,0.706683551,0.699303877,6,Not significant
LPS / LPS+Nigericin,ENO1,P06733,P06733,ENOA_HUMAN,Alpha-enolase,P06733_T205_M1_19,HexNAc (ST),-0.38235801,0.707166559,0.700728797,6,Not significant
LPS / LPS+Nigericin,LRRC8C,Q8TDW0,Q8TDW0,LRC8C_HUMAN,Volume-regulated anion channel subunit LRRC8C,Q8TDW0_T791_M1_19,HexNAc (ST),-0.200902334,0.70763985,0.702455139,5,Not significant
LPS / LPS+Nigericin,KRT14,Cont_P02533;P02533,Cont_P02533;P02533,K1C14_HUMAN,"Keratin, type I cytoskeletal 14;Keratin, type I cytoskeletal 14",Cont_P02533_T310_M2_19,HexNAc (ST),0.566541471,0.708465308,0.705286986,6,Not significant
LPS / LPS+Nigericin,KRT14,Cont_P02533;P02533,Cont_P02533;P02533,K1C14_HUMAN,"Keratin, type I cytoskeletal 14;Keratin, type I cytoskeletal 14",Cont_P02533_T308_M2_19,HexNAc (ST),0.566541471,0.708465308,0.705286986,6,Not significant
LPS / LPS+Nigericin,KRT14,Cont_P02533;P02533,Cont_P02533;P02533,K1C14_HUMAN,"Keratin, type I cytoskeletal 14;Keratin, type I cytoskeletal 14",P02533_T310_M2_19,HexNAc (ST),0.566541471,0.708465308,0.705286986,6,Not significant
LPS / LPS+Nigericin,KRT14,Cont_P02533;P02533,Cont_P02533;P02533,K1C14_HUMAN,"Keratin, type I cytoskeletal 14;Keratin, type I cytoskeletal 14",P02533_T308_M2_19,HexNAc (ST),0.566541471,0.708465308,0.705286986,6,Not significant
LPS / LPS+Nigericin,FUBP3,Q96I24,Q96I24,FUBP3_HUMAN,Far upstream element-binding protein 3,Q96I24_T79_M2_19,HexNAc (ST),0.198113644,0.709601484,0.709049982,6,Not significant
LPS / LPS+Nigericin,FUBP3,Q96I24,Q96I24,FUBP3_HUMAN,Far upstream element-binding protein 3,Q96I24_T76_M2_19,HexNAc (ST),0.198113644,0.709601484,0.709049982,6,Not significant
LPS / LPS+Nigericin,ATP5PD,O75947,O75947,ATP5H_HUMAN,"ATP synthase subunit d, mitochondrial",O75947_T10_M1_19,HexNAc (ST),-0.885093126,0.70966967,0.709269868,6,Not significant
LPS / LPS+Nigericin,ILK,Q13418,Q13418,ILK_HUMAN,Integrin-linked protein kinase,Q13418_S47_M1_19,HexNAc (ST),-0.154018861,0.710109679,0.710773332,6,Not significant
LPS / LPS+Nigericin,CAPG,P40121,P40121,CAPG_HUMAN,Macrophage-capping protein,P40121_T212_M1_19,HexNAc (ST),0.443852729,0.710545236,0.712034095,6,Not significant
LPS / LPS+Nigericin,HNRNPU,Q00839,Q00839,HNRPU_HUMAN,Heterogeneous nuclear ribonucleoprotein U,Q00839_S746_M1_19,HexNAc (ST),-0.107636488,0.710818887,0.712972807,6,Not significant
LPS / LPS+Nigericin,PRSS1,Cont_P00760,Cont_P00760,TRY1_BOVIN,Serine protease 1,Cont_P00760_S170_M2_19,HexNAc (ST),0.169373381,0.711007991,0.713658247,5,Not significant
LPS / LPS+Nigericin,MDH2,P40926,P40926,MDHM_HUMAN,"Malate dehydrogenase, mitochondrial",P40926_S317_M1_19,HexNAc (ST),-0.936093845,0.711278649,0.71463929,4,Not significant
LPS / LPS+Nigericin,PRPF8,Q6P2Q9,Q6P2Q9,PRP8_HUMAN,Pre-mRNA-processing-splicing factor 8,Q6P2Q9_T1841_M1_19,HexNAc (ST),-0.194796419,0.712378157,0.718284724,6,Not significant
LPS / LPS+Nigericin,BSG,P35613,P35613,BASI_HUMAN,Basigin,P35613_T212_M1_19,HexNAc (ST),-0.481055577,0.712433229,0.718651467,6,Not significant
LPS / LPS+Nigericin,RAB4A,P20338,P20338,RAB4A_HUMAN,Ras-related protein Rab-4A,P20338_T69_M1_19,HexNAc (ST),0.151611304,0.712883482,0.720008112,6,Not significant
LPS / LPS+Nigericin,PSMB1,P20618,P20618,PSB1_HUMAN,Proteasome subunit beta type-1,P20618_S237_M1_19,HexNAc (ST),0.164443637,0.713215646,0.721153506,6,Not significant
LPS / LPS+Nigericin,TMPO,P42166,P42166,LAP2A_HUMAN,"Lamina-associated polypeptide 2, isoform alpha",P42166_T12_M1_19,HexNAc (ST),-0.308402184,0.713421323,0.721844994,6,Not significant
LPS / LPS+Nigericin,GRPEL1,Q9HAV7,Q9HAV7,GRPE1_HUMAN,"GrpE protein homolog 1, mitochondrial",Q9HAV7_T147_M2_19,HexNAc (ST),0.100911714,0.713930388,0.723540358,6,Not significant
LPS / LPS+Nigericin,EIPR1,Q53HC9,Q53HC9,EIPR1_HUMAN,EARP and GARP complex-interacting protein 1,Q53HC9_S36_M2_19,HexNAc (ST),0.474707983,0.715860906,0.729925254,6,Not significant
LPS / LPS+Nigericin,EIPR1,Q53HC9,Q53HC9,EIPR1_HUMAN,EARP and GARP complex-interacting protein 1,Q53HC9_T34_M2_19,HexNAc (ST),0.474707983,0.715860906,0.729925254,6,Not significant
LPS / LPS+Nigericin,MAP4,P27816,P27816,MAP4_HUMAN,Microtubule-associated protein 4,P27816_T354_M1_19,HexNAc (ST),-0.400815389,0.716161516,0.730999792,6,Not significant
LPS / LPS+Nigericin,NCL,P19338,P19338,NUCL_HUMAN,Nucleolin,P19338_T305_M1_19,HexNAc (ST),-0.525356599,0.717203824,0.734139387,6,Not significant
LPS / LPS+Nigericin,FRG1,Q14331,Q14331,FRG1_HUMAN,Protein FRG1,Q14331_S121_M1_19,HexNAc (ST),-0.557968367,0.717328219,0.734539258,6,Not significant
LPS / LPS+Nigericin,CCT3,P49368,P49368,TCPG_HUMAN,T-complex protein 1 subunit gamma,P49368_T430_M2_19,HexNAc (ST),0.119881073,0.717836772,0.736187713,6,Not significant
LPS / LPS+Nigericin,CCT3,P49368,P49368,TCPG_HUMAN,T-complex protein 1 subunit gamma,P49368_S426_M2_19,HexNAc (ST),0.119881073,0.717836772,0.736187713,6,Not significant
LPS / LPS+Nigericin,CAP1,Q01518,Q01518,CAP1_HUMAN,Adenylyl cyclase-associated protein 1,Q01518_T345_M1_19,HexNAc (ST),0.342694485,0.717905481,0.736525331,5,Not significant
LPS / LPS+Nigericin,AHNAK,Q09666,Q09666,AHNK_HUMAN,Neuroblast differentiation-associated protein AHNAK,Q09666_T1472_M1_19,HexNAc (ST),-0.384167468,0.717942511,0.736679712,6,Not significant
LPS / LPS+Nigericin,GAA,P10253,P10253,LYAG_HUMAN,Lysosomal alpha-glucosidase,P10253_T700_M2_19,HexNAc (ST),-0.51940649,0.718942289,0.740004167,5,Not significant
LPS / LPS+Nigericin,ATP6V1E1,P36543,P36543,VATE1_HUMAN,V-type proton ATPase subunit E 1,P36543_S198_M1_19,HexNAc (ST),-0.207059232,0.720537741,0.745074073,4,Not significant
LPS / LPS+Nigericin,SNRPA1,P09661,P09661,RU2A_HUMAN,U2 small nuclear ribonucleoprotein A',P09661_T16_M2_19,HexNAc (ST),0.309548276,0.720892484,0.746276303,6,Not significant
LPS / LPS+Nigericin,SNRPA1,P09661,P09661,RU2A_HUMAN,U2 small nuclear ribonucleoprotein A',P09661_T5_M2_19,HexNAc (ST),0.309548276,0.720892484,0.746276303,6,Not significant
LPS / LPS+Nigericin,HNRNPH1,P31943,P31943,HNRH1_HUMAN,Heterogeneous nuclear ribonucleoprotein H,P31943_T5_M1_19,HexNAc (ST),0.240679472,0.722013577,0.750324595,6,Not significant
LPS / LPS+Nigericin,LCP1,P13796,P13796,PLSL_HUMAN,Plastin-2,P13796_S323_M1_19,HexNAc (ST),0.208066184,0.722671311,0.752505124,6,Not significant
LPS / LPS+Nigericin,ACTN4,O43707,O43707,ACTN4_HUMAN,Alpha-actinin-4,O43707_T519_M1_19,HexNAc (ST),0.702422751,0.723991335,0.757151025,6,Not significant
LPS / LPS+Nigericin,QKI,Q96PU8,Q96PU8,QKI_HUMAN,KH domain-containing RNA-binding protein QKI,Q96PU8_T14_M1_19,HexNAc (ST),0.234729178,0.724432437,0.758703975,6,Not significant
LPS / LPS+Nigericin,ARHGDIA,P52565,P52565,GDIR1_HUMAN,Rho GDP-dissociation inhibitor 1,P52565_T160_M1_19,HexNAc (ST),0.369265448,0.724729954,0.759617888,6,Not significant
LPS / LPS+Nigericin,QKI,Q96PU8,Q96PU8,QKI_HUMAN,KH domain-containing RNA-binding protein QKI,Q96PU8_T203_M1_19,HexNAc (ST),-0.663237706,0.727399127,0.768917896,6,Not significant
LPS / LPS+Nigericin,SSB,P05455,P05455,LA_HUMAN,Lupus La protein,P05455_T302_M1_19,HexNAc (ST),-0.437006618,0.728218855,0.771927347,6,Not significant
LPS / LPS+Nigericin,VCP,P55072,P55072,TERA_HUMAN,Transitional endoplasmic reticulum ATPase,P55072_T623_M1_19,HexNAc (ST),-0.65839176,0.728298458,0.772296378,6,Not significant
LPS / LPS+Nigericin,CGREF1,Q99674,Q99674,CGRE1_HUMAN,Cell growth regulator with EF hand domain protein 1,Q99674_S159_M1_19,HexNAc (ST),0.092703921,0.72860919,0.773350266,6,Not significant
LPS / LPS+Nigericin,SLC25A1,P53007,P53007,TXTP_HUMAN,"Tricarboxylate transport protein, mitochondrial",P53007_S94_M1_19,HexNAc (ST),-0.031052935,0.730700301,0.780686221,4,Not significant
LPS / LPS+Nigericin,RPS8,P62241,P62241,RS8_HUMAN,Small ribosomal subunit protein eS8,P62241_T130_M1_19,HexNAc (ST),0.126999198,0.730752198,0.780885554,6,Not significant
LPS / LPS+Nigericin,MYL6,P60660,P60660,MYL6_HUMAN,Myosin light polypeptide 6,P60660_T76_M1_19,HexNAc (ST),0.185396347,0.731394892,0.783356447,6,Not significant
LPS / LPS+Nigericin,NOTCH2,Q04721,Q04721,NOTC2_HUMAN,Neurogenic locus notch homolog protein 2,Q04721_T696_M1_19,HexNAc (ST),0.174998356,0.731876454,0.784978819,6,Not significant
LPS / LPS+Nigericin,CBLB,Q13191,Q13191,CBLB_HUMAN,E3 ubiquitin-protein ligase CBL-B,Q13191_T174_M1_19,HexNAc (ST),-0.198029355,0.732475527,0.787405671,6,Not significant
LPS / LPS+Nigericin,RPL8,P62917,P62917,RL8_HUMAN,Large ribosomal subunit protein uL2,P62917_T135_M3_19,HexNAc (ST),-0.602047669,0.733006742,0.789409598,6,Not significant
LPS / LPS+Nigericin,HSPA5,P11021,P11021,BIP_HUMAN,Endoplasmic reticulum chaperone BiP,P11021_T648_M2_19,HexNAc (ST),-0.250541561,0.73348703,0.791086756,4,Not significant
LPS / LPS+Nigericin,TCIRG1,Q13488,Q13488,VPP3_HUMAN,V-type proton ATPase 116 kDa subunit a 3,Q13488_T66_M1_19,HexNAc (ST),-0.538003409,0.733524217,0.791257681,4,Not significant
LPS / LPS+Nigericin,RAB5B,P61020,P61020,RAB5B_HUMAN,Ras-related protein Rab-5B,P61020_S184_M1_19,HexNAc (ST),-0.586558443,0.733970555,0.792803242,6,Not significant
LPS / LPS+Nigericin,MSN,P26038,P26038,MOES_HUMAN,Moesin,P26038_S440_M1_19,HexNAc (ST),0.333192893,0.734292505,0.794230233,6,Not significant
LPS / LPS+Nigericin,LETM1,O95202,O95202,LETM1_HUMAN,Mitochondrial proton/calcium exchanger protein,O95202_S580_M1_19,HexNAc (ST),-0.118868563,0.734302652,0.794262683,6,Not significant
LPS / LPS+Nigericin,GAA,P10253,P10253,LYAG_HUMAN,Lysosomal alpha-glucosidase,P10253_S688_M2_19,HexNAc (ST),0.150883752,0.73693169,0.802889004,5,Not significant
LPS / LPS+Nigericin,ELOB,Q15370,Q15370,ELOB_HUMAN,Elongin-B,Q15370_T56_M1_19,HexNAc (ST),0.210857117,0.737231362,0.80418337,5,Not significant
LPS / LPS+Nigericin,AHNAK,Q09666,Q09666,AHNK_HUMAN,Neuroblast differentiation-associated protein AHNAK,Q09666_S2454_M1_19,HexNAc (ST),-0.162074048,0.737307158,0.80443741,6,Not significant
LPS / LPS+Nigericin,HSPD1,P10809,P10809,CH60_HUMAN,"60 kDa heat shock protein, mitochondrial",P10809_T54_M1_19,HexNAc (ST),-0.189062525,0.737387147,0.804692232,6,Not significant
LPS / LPS+Nigericin,HNRNPU,Q00839,Q00839,HNRPU_HUMAN,Heterogeneous nuclear ribonucleoprotein U,Q00839_S585_M1_19,HexNAc (ST),0.204469729,0.738270197,0.808002236,6,Not significant
LPS / LPS+Nigericin,P4HB,P07237,P07237,PDIA1_HUMAN,Protein disulfide-isomerase,P07237_S357_M1_19,HexNAc (ST),0.156351484,0.738943219,0.810301509,6,Not significant
LPS / LPS+Nigericin,CS,O75390,O75390,CISY_HUMAN,"Citrate synthase, mitochondrial",O75390_S97_M2_19,HexNAc (ST),0.569552104,0.739551943,0.812514227,5,Not significant
LPS / LPS+Nigericin,SERPINB8,P50452,P50452,SPB8_HUMAN,Serpin B8,P50452_S276_M1_19,HexNAc (ST),0.360005437,0.74124113,0.81889938,6,Not significant
LPS / LPS+Nigericin,CFL1,P23528,P23528,COF1_HUMAN,Cofilin-1,P23528_T129_M1_19,HexNAc (ST),0.091762863,0.741655516,0.820465205,6,Not significant
LPS / LPS+Nigericin,EEPD1,Q7L9B9,Q7L9B9,EEPD1_HUMAN,Endonuclease/exonuclease/phosphatase family domain-containing protein 1,Q7L9B9_T89_M2_19,HexNAc (ST),0.526144541,0.743306363,0.826408667,4,Not significant
LPS / LPS+Nigericin,NaN,Cont_P02081,Cont_P02081,HBBF_BOVIN,Hemoglobin fetal subunit beta,Cont_P02081_S12_M2_19,HexNAc (ST),0.059728318,0.74432003,0.830395887,6,Not significant
LPS / LPS+Nigericin,NaN,Cont_P02081,Cont_P02081,HBBF_BOVIN,Hemoglobin fetal subunit beta,Cont_P02081_T11_M2_19,HexNAc (ST),0.059728318,0.74432003,0.830395887,6,Not significant
LPS / LPS+Nigericin,TUBB4A,P04350,P04350,TBB4A_HUMAN,Tubulin beta-4A chain,P04350_T372_M1_19,HexNAc (ST),-0.129592233,0.744516239,0.831074029,5,Not significant
LPS / LPS+Nigericin,IPMK,Q8NFU5,Q8NFU5,IPMK_HUMAN,Inositol polyphosphate multikinase,Q8NFU5_S229_M1_19,HexNAc (ST),0.05612696,0.745772909,0.836009842,6,Not significant
LPS / LPS+Nigericin,IQGAP1,P46940,P46940,IQGA1_HUMAN,Ras GTPase-activating-like protein IQGAP1,P46940_T857_M1_19,HexNAc (ST),0.087605744,0.746069044,0.837328553,6,Not significant
LPS / LPS+Nigericin,PTRH1,Q86Y79,Q86Y79,PTH_HUMAN,Peptidyl-tRNA hydrolase,Q86Y79_S181_M1_19,HexNAc (ST),0.314550706,0.747460559,0.842404283,6,Not significant
LPS / LPS+Nigericin,DPP3,Q9NY33,Q9NY33,DPP3_HUMAN,Dipeptidyl peptidase 3,Q9NY33_S692_M2_19,HexNAc (ST),-0.105413718,0.747623166,0.842966169,5,Not significant
LPS / LPS+Nigericin,FBL,P22087,P22087,FBRL_HUMAN,rRNA 2'-O-methyltransferase fibrillarin,P22087_T298_M1_19,HexNAc (ST),-0.319760435,0.74800224,0.844546886,6,Not significant
LPS / LPS+Nigericin,AHNAK,Q09666,Q09666,AHNK_HUMAN,Neuroblast differentiation-associated protein AHNAK,Q09666_T788_M2_19,HexNAc (ST),0.219331191,0.748212387,0.845224695,6,Not significant
LPS / LPS+Nigericin,TKT,P29401,P29401,TKT_HUMAN,Transketolase,P29401_S280_M1_19,HexNAc (ST),0.121913946,0.748586705,0.846642014,5,Not significant
LPS / LPS+Nigericin,UTP14A,Q9BVJ6,Q9BVJ6,UT14A_HUMAN,U3 small nucleolar RNA-associated protein 14 homolog A,Q9BVJ6_T182_M2_19,HexNAc (ST),-0.07443726,0.748597555,0.846670305,6,Not significant
LPS / LPS+Nigericin,UTP14A,Q9BVJ6,Q9BVJ6,UT14A_HUMAN,U3 small nucleolar RNA-associated protein 14 homolog A,Q9BVJ6_S176_M2_19,HexNAc (ST),-0.07443726,0.748597555,0.846670305,6,Not significant
LPS / LPS+Nigericin,UBA1,P22314,P22314,UBA1_HUMAN,Ubiquitin-like modifier-activating enzyme 1,P22314_T800_M2_19,HexNAc (ST),0.312570186,0.749024345,0.84832901,4,Not significant
LPS / LPS+Nigericin,RHOC,P08134,P08134,RHOC_HUMAN,Rho-related GTP-binding protein RhoC,P08134_T100_M1_19,HexNAc (ST),-0.03573196,0.751439777,0.857423817,6,Not significant
LPS / LPS+Nigericin,ANXA6,P08133,P08133,ANXA6_HUMAN,Annexin A6,P08133_S121_M1_19,HexNAc (ST),-0.36924567,0.751474465,0.857590925,6,Not significant
LPS / LPS+Nigericin,PDIA3,P30101,P30101,PDIA3_HUMAN,Protein disulfide-isomerase A3,P30101_S424_M1_19,HexNAc (ST),-0.117355148,0.751910679,0.859219558,6,Not significant
LPS / LPS+Nigericin,AHNAK,Q09666,Q09666,AHNK_HUMAN,Neuroblast differentiation-associated protein AHNAK,Q09666_S1414_M1_19,HexNAc (ST),0.327462001,0.752997963,0.863764018,6,Not significant
LPS / LPS+Nigericin,CHTOP,Q9Y3Y2,Q9Y3Y2,CHTOP_HUMAN,Chromatin target of PRMT1 protein,Q9Y3Y2_T212_M1_19,HexNAc (ST),-0.068293139,0.753471922,0.865580718,5,Not significant
LPS / LPS+Nigericin,VIM,P08670,P08670,VIME_HUMAN,Vimentin,P08670_S205_M1_19,HexNAc (ST),0.128760517,0.754096635,0.86804157,6,Not significant
LPS / LPS+Nigericin,STX8,Q9UNK0,Q9UNK0,STX8_HUMAN,Syntaxin-8,Q9UNK0_S96_M1_19,HexNAc (ST),-0.173135934,0.754687874,0.870149301,6,Not significant
LPS / LPS+Nigericin,HSPA1L,P34931,P34931,HS71L_HUMAN,Heat shock 70 kDa protein 1-like,P34931_S108_M1_19,HexNAc (ST),-0.385816921,0.754727287,0.870304991,4,Not significant
LPS / LPS+Nigericin,AHNAK,Q09666,Q09666,AHNK_HUMAN,Neuroblast differentiation-associated protein AHNAK,Q09666_S2333_M1_19,HexNAc (ST),0.283310472,0.755045048,0.871647488,6,Not significant
LPS / LPS+Nigericin,ETFA,P13804,P13804,ETFA_HUMAN,"Electron transfer flavoprotein subunit alpha, mitochondrial",P13804_S133_M1_19,HexNAc (ST),-0.169997222,0.755769251,0.874594938,6,Not significant
LPS / LPS+Nigericin,HSPA9,P38646,P38646,GRP75_HUMAN,"Stress-70 protein, mitochondrial",P38646_T592_M2_19,HexNAc (ST),-0.101993675,0.755955748,0.875434828,6,Not significant
LPS / LPS+Nigericin,SLC25A24,Q6NUK1,Q6NUK1,SCMC1_HUMAN,Mitochondrial adenyl nucleotide antiporter SLC25A24,Q6NUK1_S208_M1_19,HexNAc (ST),-0.182016434,0.756054223,0.875714428,6,Not significant
LPS / LPS+Nigericin,RTRAF,Q9Y224,Q9Y224,RTRAF_HUMAN,"RNA transcription, translation and transport factor protein",Q9Y224_T175_M1_19,HexNAc (ST),0.162325545,0.759433694,0.888657692,6,Not significant
LPS / LPS+Nigericin,HSPE1,P61604,P61604,CH10_HUMAN,"10 kDa heat shock protein, mitochondrial",P61604_T79_M1_19,HexNAc (ST),0.137562161,0.760354115,0.892467518,6,Not significant
LPS / LPS+Nigericin,UBA1,P22314,P22314,UBA1_HUMAN,Ubiquitin-like modifier-activating enzyme 1,P22314_S803_M2_19,HexNAc (ST),-0.270534426,0.760806245,0.894328264,5,Not significant
LPS / LPS+Nigericin,YBX1,P67809,P67809,YBOX1_HUMAN,Y-box-binding protein 1,P67809_T108_M1_19,HexNAc (ST),0.15026415,0.762227854,0.900182567,6,Not significant
LPS / LPS+Nigericin,CALR,P27797,P27797,CALR_HUMAN,Calreticulin,P27797_T173_M2_19,HexNAc (ST),0.109072599,0.762275415,0.900352414,5,Not significant
LPS / LPS+Nigericin,HSPA5,P11021,P11021,BIP_HUMAN,Endoplasmic reticulum chaperone BiP,P11021_T137_M1_19,HexNAc (ST),0.079891303,0.763287526,0.904563746,6,Not significant
LPS / LPS+Nigericin,PHF2,O75151,O75151,PHF2_HUMAN,Lysine-specific demethylase PHF2,O75151_S929_M2_19,HexNAc (ST),-0.023736162,0.763384977,0.905023113,6,Not significant
LPS / LPS+Nigericin,PGAM1,P18669,P18669,PGAM1_HUMAN,Phosphoglycerate mutase 1,P18669_T159_M1_19,HexNAc (ST),0.14121128,0.763679833,0.906200309,6,Not significant
LPS / LPS+Nigericin,OSBPL8,Q9BZF1,Q9BZF1,OSBL8_HUMAN,Oxysterol-binding protein-related protein 8,Q9BZF1_T491_M1_19,HexNAc (ST),0.197831158,0.764054613,0.907576651,6,Not significant
LPS / LPS+Nigericin,OAT,P04181,P04181,OAT_HUMAN,"Ornithine aminotransferase, mitochondrial",P04181_T33_M3_19,HexNAc (ST),-0.124052146,0.764634122,0.909841424,6,Not significant
LPS / LPS+Nigericin,PRSS1,P07477,P07477,TRY1_HUMAN,Serine protease 1,P07477_T103_M1_19,HexNAc (ST),-0.046851834,0.764634122,0.90984141,6,Not significant
LPS / LPS+Nigericin,HSPA9,P38646,P38646,GRP75_HUMAN,"Stress-70 protein, mitochondrial",P38646_T224_M2_19,HexNAc (ST),-0.145329164,0.765621218,0.913698,6,Not significant
LPS / LPS+Nigericin,HSPA9,P38646,P38646,GRP75_HUMAN,"Stress-70 protein, mitochondrial",P38646_S212_M2_19,HexNAc (ST),-0.145329164,0.765621218,0.913698,6,Not significant
LPS / LPS+Nigericin,HSPA5,P11021,P11021,BIP_HUMAN,Endoplasmic reticulum chaperone BiP,P11021_T203_M2_19,HexNAc (ST),-0.045460369,0.766658381,0.918126069,6,Not significant
LPS / LPS+Nigericin,HSPA5,P11021,P11021,BIP_HUMAN,Endoplasmic reticulum chaperone BiP,P11021_T189_M2_19,HexNAc (ST),-0.045460369,0.766658381,0.918126069,6,Not significant
LPS / LPS+Nigericin,HSPD1,P10809,P10809,CH60_HUMAN,"60 kDa heat shock protein, mitochondrial",P10809_T173_M2_19,HexNAc (ST),-0.215500588,0.767175422,0.920034159,6,Not significant
LPS / LPS+Nigericin,MATR3,P43243,P43243,MATR3_HUMAN,Matrin-3,P43243_S276_M2_19,HexNAc (ST),-0.027391137,0.768032841,0.923711426,6,Not significant
LPS / LPS+Nigericin,MATR3,P43243,P43243,MATR3_HUMAN,Matrin-3,P43243_S275_M2_19,HexNAc (ST),-0.027391137,0.768032841,0.923711426,6,Not significant
LPS / LPS+Nigericin,P4HA1,P13674,P13674,P4HA1_HUMAN,Prolyl 4-hydroxylase subunit alpha-1,P13674_S345_M1_19,HexNAc (ST),0.14982478,0.769132401,0.928509933,6,Not significant
LPS / LPS+Nigericin,ARHGAP31,Q2M1Z3,Q2M1Z3,RHG31_HUMAN,Rho GTPase-activating protein 31,Q2M1Z3_S1178_M1_19,HexNAc (ST),0.056500029,0.769647808,0.9306479,5,Not significant
LPS / LPS+Nigericin,GAA,P10253,P10253,LYAG_HUMAN,Lysosomal alpha-glucosidase,P10253_T884_M1_19,HexNAc (ST),-0.039839114,0.769742824,0.931024182,6,Not significant
LPS / LPS+Nigericin,AHNAK,Q09666,Q09666,AHNK_HUMAN,Neuroblast differentiation-associated protein AHNAK,Q09666_S5151_M1_19,HexNAc (ST),0.046840058,0.769914598,0.931787261,6,Not significant
LPS / LPS+Nigericin,P4HB,P07237,P07237,PDIA1_HUMAN,Protein disulfide-isomerase,P07237_T117_M1_19,HexNAc (ST),0.01493613,0.770008987,0.932070427,6,Not significant
LPS / LPS+Nigericin,QKI,Q96PU8,Q96PU8,QKI_HUMAN,KH domain-containing RNA-binding protein QKI,Q96PU8_T156_M1_19,HexNAc (ST),-0.117702404,0.770704319,0.935106895,6,Not significant
LPS / LPS+Nigericin,CCDC9,Q9Y3X0,Q9Y3X0,CCDC9_HUMAN,Coiled-coil domain-containing protein 9,Q9Y3X0_S70_M1_19,HexNAc (ST),-0.028577459,0.770920695,0.936317874,6,Not significant
LPS / LPS+Nigericin,RNH1,P13489,P13489,RINI_HUMAN,Ribonuclease inhibitor,P13489_S50_M1_19,HexNAc (ST),-0.064277774,0.77194105,0.94053506,6,Not significant
LPS / LPS+Nigericin,P4HB,P07237,P07237,PDIA1_HUMAN,Protein disulfide-isomerase,P07237_T221_M1_19,HexNAc (ST),-0.071949753,0.772300719,0.941931122,6,Not significant
LPS / LPS+Nigericin,BASP1,P80723,P80723,BASP1_HUMAN,Brain acid soluble protein 1,P80723_S40_M1_19,HexNAc (ST),0.10734888,0.772887019,0.944271595,6,Not significant
LPS / LPS+Nigericin,ALDOC,P09972,P09972,ALDOC_HUMAN,Fructose-bisphosphate aldolase C,P09972_T97_M1_19,HexNAc (ST),0.119080954,0.773162687,0.94549355,6,Not significant
LPS / LPS+Nigericin,GLRX5,Q86SX6,Q86SX6,GLRX5_HUMAN,"Glutaredoxin-related protein 5, mitochondrial",Q86SX6_S70_M2_19,HexNAc (ST),0.016365185,0.774032062,0.949398043,5,Not significant
LPS / LPS+Nigericin,FRG1,Q14331,Q14331,FRG1_HUMAN,Protein FRG1,Q14331_S121_M2_19,HexNAc (ST),-0.090491748,0.777798951,0.965603213,6,Not significant
LPS / LPS+Nigericin,FRG1,Q14331,Q14331,FRG1_HUMAN,Protein FRG1,Q14331_S111_M2_19,HexNAc (ST),-0.090491748,0.777798951,0.965603213,6,Not significant
LPS / LPS+Nigericin,NCL,P19338,P19338,NUCL_HUMAN,Nucleolin,P19338_S532_M2_19,HexNAc (ST),0.089637402,0.778265691,0.967579269,5,Not significant
LPS / LPS+Nigericin,PECAM1,P16284,P16284,PECA1_HUMAN,Platelet endothelial cell adhesion molecule,P16284_T533_M1_19,HexNAc (ST),0.01247327,0.778535627,0.968675683,6,Not significant
LPS / LPS+Nigericin,HSPA5,P11021,P11021,BIP_HUMAN,Endoplasmic reticulum chaperone BiP,P11021_T184_M1_19,HexNAc (ST),-0.004695658,0.779934896,0.974853962,6,Not significant
LPS / LPS+Nigericin,RPL26,P61254,P61254,RL26_HUMAN,Large ribosomal subunit protein uL24,P61254_S46_M1_19,HexNAc (ST),-0.035355054,0.780016232,0.975205029,6,Not significant
LPS / LPS+Nigericin,SPRY2,O43597,O43597,SPY2_HUMAN,Protein sprouty homolog 2,O43597_S167_M1_19,HexNAc (ST),0.052152013,0.780568601,0.9776803,6,Not significant
LPS / LPS+Nigericin,RAB2A,P61019,P61019,RAB2A_HUMAN,Ras-related protein Rab-2A,P61019_S67_M1_19,HexNAc (ST),0.010255479,0.780584507,0.977855395,6,Not significant
LPS / LPS+Nigericin,PSMC4,P43686,P43686,PRS6B_HUMAN,26S proteasome regulatory subunit 6B,P43686_S129_M1_19,HexNAc (ST),-0.008193078,0.780727291,0.97846513,6,Not significant
LPS / LPS+Nigericin,GSN,P06396,P06396,GELS_HUMAN,Gelsolin,P06396_S537_M1_19,HexNAc (ST),-0.006352004,0.782372436,0.985311907,6,Not significant
LPS / LPS+Nigericin,ACTBL2,Q562R1,Q562R1,ACTBL_HUMAN,Beta-actin-like protein 2,Q562R1_T107_M2_19,HexNAc (ST),0.028473922,0.78333808,0.98953305,6,Not significant
LPS / LPS+Nigericin,ACTBL2,Q562R1,Q562R1,ACTBL_HUMAN,Beta-actin-like protein 2,Q562R1_T90_M2_19,HexNAc (ST),0.028473922,0.78333808,0.98953305,6,Not significant
LPS / LPS+Nigericin,ACSL1,P33121,P33121,ACSL1_HUMAN,Long-chain-fatty-acid--CoA ligase 1,P33121_S247_M2_19,HexNAc (ST),-0.024922422,0.783484105,0.990193737,6,Not significant
LPS / LPS+Nigericin,ACSL1,P33121,P33121,ACSL1_HUMAN,Long-chain-fatty-acid--CoA ligase 1,P33121_T246_M2_19,HexNAc (ST),-0.024922422,0.783484105,0.990193737,6,Not significant
LPS / LPS+Nigericin,RAB11FIP1,Q6WKZ4,Q6WKZ4,RFIP1_HUMAN,Rab11 family-interacting protein 1,Q6WKZ4_S300_M1_19,HexNAc (ST),0.001853053,0.784336556,0.994195177,6,Not significant
LPS / LPS+Nigericin,HSPA9,P38646,P38646,GRP75_HUMAN,"Stress-70 protein, mitochondrial",P38646_T504_M1_19,HexNAc (ST),0.001472279,0.784814927,0.996647728,6,Not significant
