Comparison (group1/group2),PTM.ModificationTitle,n,n_qvalue_nonnull,n_sig,n_up_sig,n_down_sig,median_abs_log2,median_log2,mean_log2,median_qvalue
LPS / LPS+Nigericin,Acetyl (K),452,452,0,0,0,0.669457505649331,0.0152854938006222,0.03281113627654461,0.6339725372541863
LPS / LPS+Nigericin,Biotin,405,405,0,0,0,0.6730359860015379,0.2013508811494031,0.47189223625171367,0.6339725372541863
LPS / LPS+Nigericin,Carbamidomethyl (C),18128,18128,0,0,0,0.41425234544715445,0.16367233789917615,0.15700852059595213,0.6339725372541863
LPS / LPS+Nigericin,Carbamylation (KR),1411,1411,0,0,0,0.6114289776476263,0.0942775461229965,0.05423166198910522,0.6339725372541863
LPS / LPS+Nigericin,Carboxy,814,814,0,0,0,0.5941378593440738,0.1092174287968066,0.17329748517377142,0.6339725372541863
LPS / LPS+Nigericin,Carboxymethyl,725,725,0,0,0,0.5555058778776651,0.1330960567168873,0.0469229108465395,0.6339725372541863
LPS / LPS+Nigericin,Cation:Mg[II],1598,1598,0,0,0,0.5863192546196374,0.149608327616672,0.13893037334761643,0.6339725372541863
LPS / LPS+Nigericin,Cation:Na (DE),1860,1860,0,0,0,0.5729785862072239,0.10334775477580885,0.03579177808750623,0.6345518995993296
LPS / LPS+Nigericin,Crotonyl,625,625,0,0,0,0.6275860917123381,0.0533283797555703,-0.04001485919726989,0.6339725372541863
LPS / LPS+Nigericin,Cysteinyl,170,170,0,0,0,0.6950319567851388,0.04904044312616715,0.22888093178325777,0.6339725372541863
LPS / LPS+Nigericin,Didehydro,4076,4076,0,0,0,0.5434390764388211,0.1354562737967851,0.15459053525723673,0.6340437434112133
LPS / LPS+Nigericin,Dimethyl (KR),1454,1454,0,0,0,0.608453730861539,0.11933178825660055,-0.06842892321904193,0.6339725372541863
LPS / LPS+Nigericin,Dioxidation (MW),1128,1128,0,0,0,0.5503814005378256,0.19910409548887376,0.17915212495074626,0.6339725372541863
LPS / LPS+Nigericin,Formyl,1186,1186,0,0,0,0.5869105628277651,0.0837012618128493,0.04367826925751815,0.6339725372541863
LPS / LPS+Nigericin,GlyGly (K),575,575,0,0,0,0.746161199087012,0.0581654436708098,-0.06930804255179775,0.6339725372541863
LPS / LPS+Nigericin,Hex (K),437,437,0,0,0,0.6220619570070605,0.0571372835166573,0.06475130586804166,0.6339725372541863
LPS / LPS+Nigericin,HexNAc (ST),541,541,0,0,0,0.5665414713743835,0.1412112795504442,-0.0008058661475256629,0.6346727233443742
LPS / LPS+Nigericin,Hydroxymethyl,1013,1013,0,0,0,0.5674463094891318,0.195521791986247,0.08133788926058028,0.6339725372541863
LPS / LPS+Nigericin,Methyl (E),2577,2577,0,0,0,0.5553904763318878,0.1617496585238331,0.1263283323774174,0.6339725372541863
LPS / LPS+Nigericin,Methyl (KR),1072,1072,0,0,0,0.5474838751875455,0.14430717209905752,0.1277307393781239,0.6339725372541863
LPS / LPS+Nigericin,Myristoyl,534,534,0,0,0,0.6330493434356369,0.1608498068263715,0.11632313907461822,0.6339725372541863
LPS / LPS+Nigericin,Nitrosyl,975,975,0,0,0,0.5661678381008898,0.1353897982101485,0.11358392721178574,0.6339725372541863
LPS / LPS+Nigericin,Oxidation (M),5477,5477,0,0,0,0.4469939889598832,0.0103531096428795,-0.027958111162373407,0.6446967892003463
LPS / LPS+Nigericin,Oxidation (P),2787,2787,0,0,0,0.5112999475334944,0.1496979907998932,0.1389189627521632,0.6339725372541863
LPS / LPS+Nigericin,Oxidation (W),474,474,0,0,0,0.4817158986557383,0.29104819835589435,0.3270569618051945,0.6339725372541863
LPS / LPS+Nigericin,Phospho (STY),632,632,0,0,0,0.5979087236954571,0.21165651533548194,0.1631862977348658,0.6339725372541863
LPS / LPS+Nigericin,Phosphoadenosine,243,243,0,0,0,0.5608756322699364,-0.0850936714685649,-0.18176900948483724,0.6341281892221723
LPS / LPS+Nigericin,Propionamide,839,839,0,0,0,0.6555294039659114,0.1398846285765155,0.30037668523356836,0.6339725372541863
LPS / LPS+Nigericin,Sulfo (STY),1436,1436,0,0,0,0.5502186841359726,0.14067195635865604,0.14832007502770056,0.6408274869285457
LPS / LPS+Nigericin,Trimethyl (K),911,911,0,0,0,0.6664539367343855,0.0935045240398407,0.0840998236656445,0.6339725372541863
LPS / LPS+Nigericin,Trioxidation (C),628,628,0,0,0,0.5343596588928483,0.1364790833814189,0.0870989239838354,0.6339725372541863
LPS / Nigericin,Acetyl (K),447,447,0,0,0,0.8125971422402409,0.0075777154500267,0.11455517619622502,0.6339725372541863
LPS / Nigericin,Biotin,405,405,0,0,0,0.884665146626152,0.2199585965874441,0.22232095859452683,0.6339725372541863
LPS / Nigericin,Carbamidomethyl (C),18134,18134,0,0,0,0.5163015773183004,0.0831523837274679,0.129685315612322,0.6272873085964988
LPS / Nigericin,Carbamylation (KR),1440,1440,0,0,0,0.7547349730900503,0.0791268668781733,0.06077518596726297,0.6339725372541863
LPS / Nigericin,Carboxy,792,792,0,0,0,0.7062004412175367,0.12073614801733935,0.138113622363269,0.6339725372541863
LPS / Nigericin,Carboxymethyl,726,726,0,0,0,0.725489829648418,0.1060126992024865,0.006858645110564211,0.6339725372541863
LPS / Nigericin,Cation:Mg[II],1598,1598,0,0,0,0.7241478329379687,0.1703246615527207,0.18473184142509455,0.6339725372541863
LPS / Nigericin,Cation:Na (DE),1833,1833,0,0,0,0.7358694041637442,0.1291927752060317,0.10576579438928271,0.6339725372541863
LPS / Nigericin,Crotonyl,624,624,0,0,0,0.8052446739081405,0.0244393670732682,-0.2533290989191758,0.6339725372541863
LPS / Nigericin,Cysteinyl,170,170,0,0,0,0.8419740582656712,0.0387604643590351,-0.030813939647639992,0.6339725372541863
LPS / Nigericin,Didehydro,4060,4060,0,0,0,0.7171576112385449,0.1757390191037772,0.17325085960843478,0.6339725372541863
LPS / Nigericin,Dimethyl (KR),1464,1464,0,0,0,0.7650212949704445,0.13310435044609387,0.06501216510052082,0.6339725372541863
LPS / Nigericin,Dioxidation (MW),1126,1126,0,0,0,0.6448896236039598,0.10743409850801194,0.07959765044077782,0.6339725372541863
LPS / Nigericin,Formyl,1196,1196,0,0,0,0.722300518807782,0.11508798436913045,0.07951729125290428,0.6339725372541863
LPS / Nigericin,GlyGly (K),588,588,0,0,0,0.816695502789752,0.0422006287481985,0.2197783469620214,0.6339725372541863
LPS / Nigericin,Hex (K),439,439,0,0,0,0.8044322387285429,0.0702675671122966,0.1393978427825386,0.6339725372541863
LPS / Nigericin,HexNAc (ST),542,542,0,0,0,0.7004628370631945,0.23763451077977454,0.3004865232830189,0.6339725372541863
LPS / Nigericin,Hydroxymethyl,1015,1015,0,0,0,0.7231213873030238,0.1811511547365788,0.14651494931804618,0.6339725372541863
LPS / Nigericin,Methyl (E),2576,2576,0,0,0,0.688290112669927,0.17875853258043894,0.17033396214835098,0.6339725372541863
LPS / Nigericin,Methyl (KR),1083,1083,0,0,0,0.7263689274583508,0.1865794397978948,0.2426220240501439,0.6339725372541863
LPS / Nigericin,Myristoyl,536,536,0,0,0,0.8343151059792517,0.2310315923083305,0.17921499816472516,0.6339725372541863
LPS / Nigericin,Nitrosyl,975,975,0,0,0,0.7344905587612173,0.1147397870564131,0.09050561343242494,0.6339725372541863
LPS / Nigericin,Oxidation (M),5472,5472,0,0,0,0.6054064292660322,-0.1560845738749787,-0.11381206592820832,0.6339725372541863
LPS / Nigericin,Oxidation (P),2779,2779,0,0,0,0.627690347151009,0.113358656442855,0.18416776938213608,0.6339725372541863
LPS / Nigericin,Oxidation (W),476,476,0,0,0,0.6219314398704712,0.22245596102382298,0.3289010594318223,0.6339725372541863
LPS / Nigericin,Phospho (STY),639,639,0,0,0,0.8402445305830648,0.3109867664215799,0.33302398229378877,0.6339725372541863
LPS / Nigericin,Phosphoadenosine,239,239,0,0,0,0.717255100561117,-0.0708665979754137,0.08353302697393128,0.6339725372541863
LPS / Nigericin,Propionamide,853,853,0,0,0,0.7919077948417208,0.1565086259882546,0.26204095549540246,0.6339725372541863
LPS / Nigericin,Sulfo (STY),1430,1430,0,0,0,0.6861306714606834,0.122806377888677,0.15109271341179098,0.6339725372541863
LPS / Nigericin,Trimethyl (K),908,908,0,0,0,0.8503846942686736,0.0944795947620821,0.06569628139140013,0.6339725372541863
LPS / Nigericin,Trioxidation (C),623,623,0,0,0,0.7500801975723695,0.1882019450154946,0.24424551376357911,0.6339725372541863
LPS+Nigericin / Nigericin,Acetyl (K),456,456,0,0,0,0.46202142429355514,-0.0067934255959927504,0.009972872197097913,0.6448134964790858
LPS+Nigericin / Nigericin,Biotin,413,413,0,0,0,0.4561591553584388,-0.0007882108785061,-0.2949503356659548,0.654642877972669
LPS+Nigericin / Nigericin,Carbamidomethyl (C),18128,18128,0,0,0,0.2539906486331719,-0.066925944965064,-0.026362496466294016,0.6743246799554871
LPS+Nigericin / Nigericin,Carbamylation (KR),1444,1444,0,0,0,0.4527305106917954,0.01278407462370285,-0.0007404998398196465,0.6531462003924791
LPS+Nigericin / Nigericin,Carboxy,790,790,0,0,0,0.4384005391069336,0.025687879824712698,0.0007474511969255851,0.6534159238906754
LPS+Nigericin / Nigericin,Carboxymethyl,723,723,0,0,0,0.3759352621787505,-5.242967452485727e-06,-0.045471709870680346,0.6586921204348305
LPS+Nigericin / Nigericin,Cation:Mg[II],1597,1597,0,0,0,0.3789843838552416,0.0051078554452882,0.045271268391898704,0.6688467336801898
LPS+Nigericin / Nigericin,Cation:Na (DE),1878,1878,0,0,0,0.39945793943659835,0.03715487893536365,0.07274700531213449,0.6586988122998624
LPS+Nigericin / Nigericin,Crotonyl,627,627,0,0,0,0.4712456005934229,-0.0652660456034941,-0.1645037474181307,0.6474879918110266
LPS+Nigericin / Nigericin,Cysteinyl,167,167,0,0,0,0.5656694452588412,-0.0954314500581006,-0.09353131496679071,0.6446967892003463
LPS+Nigericin / Nigericin,Didehydro,4067,4067,0,0,0,0.3887213304616636,0.0110138168065354,0.05129112046631912,0.6645913959880285
LPS+Nigericin / Nigericin,Dimethyl (KR),1463,1463,0,0,0,0.4266234266737032,0.0445313440684847,0.09145743890801208,0.6524691635876487
LPS+Nigericin / Nigericin,Dioxidation (MW),1119,1119,0,0,0,0.3746370015022784,-0.0975221913842149,-0.0989434565226812,0.6623941070878828
LPS+Nigericin / Nigericin,Formyl,1184,1184,0,0,0,0.432447193253915,-0.007587997505428851,-0.0011147163925024695,0.6535858169842381
LPS+Nigericin / Nigericin,GlyGly (K),579,579,0,0,0,0.5697948572412467,0.0343307468070323,0.22508226514414265,0.6446967892003463
LPS+Nigericin / Nigericin,Hex (K),435,435,0,0,0,0.5087132166494078,0.0351660049678035,0.04854355302288297,0.6463757624325724
LPS+Nigericin / Nigericin,HexNAc (ST),547,547,0,0,0,0.4244905395604431,0.0572136782609605,0.2877147129491668,0.6484539068529879
LPS+Nigericin / Nigericin,Hydroxymethyl,1025,1025,0,0,0,0.4019923898680543,0.0206856651214606,0.06399662234474256,0.6645766027086115
LPS+Nigericin / Nigericin,Methyl (E),2563,2563,0,0,0,0.3521093921019837,-0.0035555077217808,0.042798059860687306,0.6690991236824
LPS+Nigericin / Nigericin,Methyl (KR),1056,1056,0,0,0,0.38940014535820006,0.0103529068674416,0.1484838172736968,0.6534439777874574
LPS+Nigericin / Nigericin,Myristoyl,530,530,0,0,0,0.5187840479364131,0.0797720373746397,0.11247442829618076,0.6446967892003463
LPS+Nigericin / Nigericin,Nitrosyl,970,970,0,0,0,0.39981254024560253,-0.0422459977661052,-0.04211470134850522,0.6551443649838058
LPS+Nigericin / Nigericin,Oxidation (M),5510,5510,0,0,0,0.3179110727374105,-0.15291434359619605,-0.08480118956246538,0.6695118610057194
LPS+Nigericin / Nigericin,Oxidation (P),2784,2784,0,0,0,0.3298078383136046,-0.0165939576445329,0.054052629628759084,0.6771350018800959
LPS+Nigericin / Nigericin,Oxidation (W),477,477,0,0,0,0.2465408426839289,-0.0495947109576434,0.008205940411656797,0.6966662123105493
LPS+Nigericin / Nigericin,Phospho (STY),621,621,0,0,0,0.5273223742772938,0.0596130608464334,0.06204510233302116,0.6448159183968949
LPS+Nigericin / Nigericin,Phosphoadenosine,225,225,0,0,0,0.4358573607746783,-0.023351193602619,0.10215422732744127,0.6446967892003463
LPS+Nigericin / Nigericin,Propionamide,842,842,0,0,0,0.4818240200310458,0.0069250235796026,-0.027373209319124316,0.6455522794666679
LPS+Nigericin / Nigericin,Sulfo (STY),1437,1437,0,0,0,0.4083981378587177,-0.0063657673837381,0.029706387878488685,0.66101122481898
LPS+Nigericin / Nigericin,Trimethyl (K),914,914,0,0,0,0.5469044917418425,-0.00363176632331155,0.00017083168115974276,0.6459449732645455
LPS+Nigericin / Nigericin,Trioxidation (C),619,619,0,0,0,0.3537480729151441,0.0605858613068659,0.12086743465294443,0.6716640515928554
P3C4 / LPS,Acetyl (K),441,441,0,0,0,0.4389989702037351,0.2040076528060018,0.15517198913642602,0.636589238394176
P3C4 / LPS,Biotin,396,396,0,0,0,0.4998903541978183,0.1315067655132006,-0.2104853860097178,0.6348720897556489
P3C4 / LPS,Carbamidomethyl (C),18127,18127,0,0,0,0.2626435297701568,0.1627853962132659,0.140392520920725,0.6418727067281728
P3C4 / LPS,Carbamylation (KR),1441,1441,0,0,0,0.4401809885991997,0.2023007410273544,0.24013110063925608,0.639121058102834
P3C4 / LPS,Carboxy,808,808,0,0,0,0.42460325608179117,0.16859668926596255,0.22857149773863086,0.6446967892003463
P3C4 / LPS,Carboxymethyl,721,721,0,0,0,0.403927803983339,0.1946640860892463,0.2389628175398663,0.6366952636052474
P3C4 / LPS,Cation:Mg[II],1593,1593,0,0,0,0.3916789426961963,0.1566412828018862,0.07470595452684457,0.6376939343311325
P3C4 / LPS,Cation:Na (DE),1878,1878,0,0,0,0.41675629801713504,0.20853852282828875,0.22128615245792282,0.6424717349123819
P3C4 / LPS,Crotonyl,622,622,0,0,0,0.45624616210642244,0.21483417784100356,0.4425013670812462,0.6368197821948841
P3C4 / LPS,Cysteinyl,166,166,0,0,0,0.5166415079942505,0.21168747358426035,0.11349920172167612,0.6339725372541863
P3C4 / LPS,Didehydro,4073,4073,1,0,1,0.3756123716389099,0.1781927169687873,0.14817310007040968,0.643029563006451
P3C4 / LPS,Dimethyl (KR),1480,1480,0,0,0,0.41466342643799825,0.21426027205737613,0.2600885795043603,0.634162405011211
P3C4 / LPS,Dioxidation (MW),1136,1136,0,0,0,0.3559720776165549,0.23019538523717464,0.1854385800664777,0.6395076909288946
P3C4 / LPS,Formyl,1201,1201,0,0,0,0.4179197224185682,0.1898437094264335,0.23354014348105498,0.6446967892003463
P3C4 / LPS,GlyGly (K),580,580,0,0,0,0.6527510206885843,0.1793888671500568,0.12380677224684754,0.6339725372541863
P3C4 / LPS,Hex (K),439,439,0,0,0,0.4317607367753707,0.1354352398740037,0.011325347415258532,0.6363964642828366
P3C4 / LPS,HexNAc (ST),555,555,0,0,0,0.4032979786707082,0.145914737030779,0.08169970640382634,0.6397544912861575
P3C4 / LPS,Hydroxymethyl,1016,1016,0,0,0,0.4208153238682222,0.21775372305951252,0.26226573299204475,0.6369828017607759
P3C4 / LPS,Methyl (E),2597,2597,0,0,0,0.3740015402351362,0.181102417894843,0.16234632003818952,0.6409301925748242
P3C4 / LPS,Methyl (KR),1117,1117,0,0,0,0.3880208671856072,0.18550789127535,0.07536663913383591,0.6339725372541863
P3C4 / LPS,Myristoyl,535,535,0,0,0,0.5016466202940942,0.149986417743447,0.1343119619884296,0.6339725372541863
P3C4 / LPS,Nitrosyl,968,968,0,0,0,0.40599865907989696,0.23242201610236604,0.18085776022388328,0.6339725372541863
P3C4 / LPS,Oxidation (M),5466,5466,0,0,0,0.30033389508146424,0.1643075261654668,0.1610623971565891,0.662612721929714
P3C4 / LPS,Oxidation (P),2807,2807,0,0,0,0.3287865315420988,0.1985825200483613,0.18875159684784698,0.6442568234690098
P3C4 / LPS,Oxidation (W),475,475,0,0,0,0.2777852274090537,0.1618161412676626,0.138923077550182,0.6465214093514419
P3C4 / LPS,Phospho (STY),671,671,0,0,0,0.4080860648176352,0.1635474380856305,-0.03380216081652322,0.6387475756410527
P3C4 / LPS,Phosphoadenosine,242,242,0,0,0,0.45819115008979927,0.17879690725714015,0.3575961130821932,0.6348545138988819
P3C4 / LPS,Propionamide,856,856,0,0,0,0.4502772105148217,0.16884605077478984,0.13202459989308982,0.6380345589305225
P3C4 / LPS,Sulfo (STY),1444,1444,0,0,0,0.40259540341961175,0.19787389461143362,0.1332174313794268,0.6415120035974491
P3C4 / LPS,Trimethyl (K),921,921,0,0,0,0.5143860191036946,0.1595633539250679,-0.058092309959075,0.6347094942063335
P3C4 / LPS,Trioxidation (C),622,622,0,0,0,0.37533969421065916,0.19197562485997488,0.13892987476679294,0.6345115593630712
P3C4 / LPS+Nigericin,Acetyl (K),448,448,0,0,0,0.7416590189563204,0.18314844408280415,0.1793227643769404,0.6339725372541863
P3C4 / LPS+Nigericin,Biotin,406,406,0,0,0,0.6578115060346856,0.24990039938523873,0.31888459494225463,0.6339725372541863
P3C4 / LPS+Nigericin,Carbamidomethyl (C),18122,18122,0,0,0,0.4638492264922355,0.3103877874159694,0.29778033926173786,0.6339725372541863
P3C4 / LPS+Nigericin,Carbamylation (KR),1443,1443,0,0,0,0.624858032114599,0.2374028744625897,0.2626649188245341,0.6339725372541863
P3C4 / LPS+Nigericin,Carboxy,791,791,0,0,0,0.5548340707001661,0.1861435561627022,0.2979740586181407,0.6339725372541863
P3C4 / LPS+Nigericin,Carboxymethyl,711,711,0,0,0,0.6498934171285246,0.2734348633437531,0.3526439693079467,0.6339725372541863
P3C4 / LPS+Nigericin,Cation:Mg[II],1581,1581,0,0,0,0.594520108406358,0.268999859867069,0.22784884188395466,0.6339725372541863
P3C4 / LPS+Nigericin,Cation:Na (DE),1889,1889,0,0,0,0.5910198047046651,0.2375656429895115,0.24309547577782514,0.6339725372541863
P3C4 / LPS+Nigericin,Crotonyl,615,615,0,0,0,0.640376806417576,0.2741604557143877,0.456906451408338,0.6339725372541863
P3C4 / LPS+Nigericin,Cysteinyl,170,170,0,0,0,0.847523542745811,0.259375550134993,0.2478506640377451,0.6339725372541863
P3C4 / LPS+Nigericin,Didehydro,4069,4069,0,0,0,0.5860464103758645,0.2895864522286747,0.26205488107476516,0.6339725372541863
P3C4 / LPS+Nigericin,Dimethyl (KR),1471,1471,0,0,0,0.6658126949372813,0.2704522662381339,0.19741232080796028,0.6339725372541863
P3C4 / LPS+Nigericin,Dioxidation (MW),1124,1124,0,0,0,0.5994323907026005,0.38580413239966355,0.36874809796527513,0.6339725372541863
P3C4 / LPS+Nigericin,Formyl,1158,1158,0,0,0,0.6176623278439037,0.2620641599301085,0.3283711978142521,0.6339725372541863
P3C4 / LPS+Nigericin,GlyGly (K),581,581,0,0,0,0.7790675782549265,0.1619533532118311,0.09436672065337448,0.6339725372541863
P3C4 / LPS+Nigericin,Hex (K),431,431,0,0,0,0.6483462630109371,0.1244467913445069,0.030893663778840924,0.6339725372541863
P3C4 / LPS+Nigericin,HexNAc (ST),552,552,0,0,0,0.5929287238076947,0.2540890004520848,-0.0012649352531881439,0.6339725372541863
P3C4 / LPS+Nigericin,Hydroxymethyl,1019,1019,0,0,0,0.648403506156553,0.366238401289052,0.3284419183817972,0.6339725372541863
P3C4 / LPS+Nigericin,Methyl (E),2580,2580,0,0,0,0.5708011916416471,0.29054630349133026,0.27020380971467106,0.6339725372541863
P3C4 / LPS+Nigericin,Methyl (KR),1077,1077,0,0,0,0.5882254340597065,0.277592694147592,0.21326651370260863,0.6339725372541863
P3C4 / LPS+Nigericin,Myristoyl,533,533,0,0,0,0.6062394511431782,0.2214054837775649,0.23983201570750323,0.6339725372541863
P3C4 / LPS+Nigericin,Nitrosyl,968,968,0,0,0,0.6076726192174007,0.29551007234963655,0.290114347505793,0.6339725372541863
P3C4 / LPS+Nigericin,Oxidation (M),5481,5481,0,0,0,0.4946978701621858,0.1483588868399697,0.13243549152708234,0.6339725372541863
P3C4 / LPS+Nigericin,Oxidation (P),2784,2784,0,0,0,0.5524585705529941,0.3225138927722032,0.333226574972462,0.6339725372541863
P3C4 / LPS+Nigericin,Oxidation (W),474,474,0,0,0,0.5201807217800558,0.3761270685181948,0.4654268240983411,0.6339725372541863
P3C4 / LPS+Nigericin,Phospho (STY),632,632,0,0,0,0.6526322339790889,0.3199404943989837,0.15617963781750005,0.6339725372541863
P3C4 / LPS+Nigericin,Phosphoadenosine,231,231,0,0,0,0.4915461703632426,0.0990040974589239,0.06339153822476482,0.6446967892003463
P3C4 / LPS+Nigericin,Propionamide,840,840,0,0,0,0.604542460199972,0.29184090915384925,0.48528672029387915,0.6339725372541863
P3C4 / LPS+Nigericin,Sulfo (STY),1456,1456,0,0,0,0.5588437306735416,0.2932686760810021,0.31299850112528843,0.6339725372541863
P3C4 / LPS+Nigericin,Trimethyl (K),919,919,0,0,0,0.6888729004010129,0.0889778782190741,-0.0032925809068988674,0.6339725372541863
P3C4 / LPS+Nigericin,Trioxidation (C),626,626,0,0,0,0.5578497568942793,0.2638999182330244,0.22746801232217898,0.6339725372541863
P3C4 / Nigericin,Acetyl (K),447,447,0,0,0,0.8102197303825726,0.1886988876747087,0.29517149960709865,0.6339725372541863
P3C4 / Nigericin,Biotin,401,401,0,0,0,0.7642506898642445,0.2674929899990458,-0.02251207654782203,0.6339725372541863
P3C4 / Nigericin,Carbamidomethyl (C),18132,18132,0,0,0,0.5409439387079222,0.23823312759924,0.2713993578175863,0.6148567753571338
P3C4 / Nigericin,Carbamylation (KR),1441,1441,0,0,0,0.747303148037487,0.3128114357794406,0.33346395972120074,0.6339725372541863
P3C4 / Nigericin,Carboxy,784,784,0,0,0,0.6952288033441523,0.21221432585418037,0.3176908087294943,0.6339725372541863
P3C4 / Nigericin,Carboxymethyl,728,728,0,0,0,0.6843967756426841,0.24133778037206755,0.26043391453949294,0.6339725372541863
P3C4 / Nigericin,Cation:Mg[II],1581,1581,0,0,0,0.7376078234105782,0.2602042040774539,0.31713338609685243,0.6339725372541863
P3C4 / Nigericin,Cation:Na (DE),1894,1894,0,0,0,0.7412488483618294,0.31008243441987315,0.3011947756588455,0.6339725372541863
P3C4 / Nigericin,Crotonyl,621,621,0,0,0,0.7811217105872461,0.2313641936712243,0.19931649397633094,0.6339725372541863
P3C4 / Nigericin,Cysteinyl,164,164,0,0,0,0.809629878733757,0.16621583043348687,0.05966399790770551,0.6339725372541863
P3C4 / Nigericin,Didehydro,4059,4059,0,0,0,0.724421692010238,0.3245860573464524,0.3068099189578303,0.6339725372541863
P3C4 / Nigericin,Dimethyl (KR),1468,1468,1,1,0,0.7417698889665558,0.2948035390836675,0.2876431025610826,0.6339725372541863
P3C4 / Nigericin,Dioxidation (MW),1125,1125,0,0,0,0.693513268446383,0.2715687647378975,0.28335604228511163,0.6339725372541863
P3C4 / Nigericin,Formyl,1197,1197,0,0,0,0.654330727717153,0.2617018308977243,0.3224201956512093,0.6339725372541863
P3C4 / Nigericin,GlyGly (K),599,599,0,0,0,0.9088349856234424,0.254554613846054,0.5224133801904294,0.6339725372541863
P3C4 / Nigericin,Hex (K),438,438,0,0,0,0.8102078477461983,0.171865661387809,0.14969288958325774,0.6339725372541863
P3C4 / Nigericin,HexNAc (ST),552,552,0,0,0,0.7303008608383351,0.3273254526922844,0.3442730248256881,0.6339725372541863
P3C4 / Nigericin,Hydroxymethyl,1020,1020,0,0,0,0.7648127368869899,0.3702785120743438,0.3807932731420221,0.6339725372541863
P3C4 / Nigericin,Methyl (E),2586,2586,0,0,0,0.691534041198395,0.29733291737443646,0.32268147805716374,0.6339725372541863
P3C4 / Nigericin,Methyl (KR),1079,1079,0,0,0,0.7658354445319672,0.2859510918066852,0.33507604938497426,0.6339725372541863
P3C4 / Nigericin,Myristoyl,535,535,0,0,0,0.7766018515019674,0.2669437393212282,0.3130823388208617,0.6339725372541863
P3C4 / Nigericin,Nitrosyl,963,963,0,0,0,0.787418248462071,0.3156686723775878,0.2587989915721181,0.6339725372541863
P3C4 / Nigericin,Oxidation (M),5465,5465,0,0,0,0.6221099947120593,0.0052401986161306,0.04913023763804056,0.6246074919412075
P3C4 / Nigericin,Oxidation (P),2768,2768,0,0,0,0.6268218185711472,0.29146175352044795,0.3635054864853556,0.6339725372541863
P3C4 / Nigericin,Oxidation (W),476,476,0,0,0,0.6296204947103391,0.32761590396841633,0.48439337550963824,0.6272520902668237
P3C4 / Nigericin,Phospho (STY),636,636,0,0,0,0.8847451775233288,0.44467042217691594,0.3476934677653354,0.6339725372541863
P3C4 / Nigericin,Phosphoadenosine,229,229,0,0,0,0.56281690850031,0.1346582161187979,0.43285055405491163,0.6339725372541863
P3C4 / Nigericin,Propionamide,861,861,0,0,0,0.7583127617354242,0.2224533967891246,0.39763679124609563,0.6339725372541863
P3C4 / Nigericin,Sulfo (STY),1448,1448,0,0,0,0.7279638977809426,0.3042309034610762,0.3480376780718186,0.6339725372541863
P3C4 / Nigericin,Trimethyl (K),910,910,0,0,0,0.7986553658920219,0.1794665633245471,0.01248598480242355,0.6339725372541863
P3C4 / Nigericin,Trioxidation (C),620,620,0,0,0,0.7258662815283581,0.3401215048810679,0.3548755441223039,0.6339725372541863
P3C4 / P3C4+Nigericin,Acetyl (K),451,451,0,0,0,0.7844676742378103,0.4299656793240523,0.36336513180436913,0.6339725372541863
P3C4 / P3C4+Nigericin,Biotin,395,395,0,0,0,0.8400223385814342,0.4212532334719315,0.5216012474481713,0.6339725372541863
P3C4 / P3C4+Nigericin,Carbamidomethyl (C),18126,18126,0,0,0,0.7388790172420724,0.7022154437431725,0.6988823755947147,0.591799320956154
P3C4 / P3C4+Nigericin,Carbamylation (KR),1443,1443,0,0,0,0.867158761758278,0.5874676134321722,0.6563028076210807,0.6339725372541863
P3C4 / P3C4+Nigericin,Carboxy,791,791,0,0,0,0.8090636030274508,0.4880359299212035,0.6260463226924131,0.6339725372541863
P3C4 / P3C4+Nigericin,Carboxymethyl,720,720,0,0,0,0.7700825041570929,0.4966221152113537,0.5651588156270607,0.6339725372541863
P3C4 / P3C4+Nigericin,Cation:Mg[II],1573,1573,0,0,0,0.8582786522993007,0.5648900259265528,0.5476022529563788,0.6339725372541863
P3C4 / P3C4+Nigericin,Cation:Na (DE),1868,1868,0,0,0,0.826794172106009,0.5599623172473733,0.5625100568436437,0.6339725372541863
P3C4 / P3C4+Nigericin,Crotonyl,612,612,0,0,0,0.9386322742255715,0.5033590000835495,0.716023606267251,0.6339725372541863
P3C4 / P3C4+Nigericin,Cysteinyl,163,163,0,0,0,0.7770568851648195,0.4724957001006277,0.3189836331809904,0.6339725372541863
P3C4 / P3C4+Nigericin,Didehydro,4004,4004,1,0,1,0.8348129836857064,0.6142182469426849,0.6230549063249011,0.6339725372541863
P3C4 / P3C4+Nigericin,Dimethyl (KR),1460,1460,1,1,0,0.8651595388656179,0.5968267793202331,0.6170797488644553,0.6339725372541863
P3C4 / P3C4+Nigericin,Dioxidation (MW),1131,1131,0,0,0,0.7333268185964064,0.5745763463492398,0.6189997313339437,0.6339725372541863
P3C4 / P3C4+Nigericin,Formyl,1169,1169,0,0,0,0.7694321910157016,0.5078342250345076,0.6058463362406747,0.6339725372541863
P3C4 / P3C4+Nigericin,GlyGly (K),597,597,0,0,0,0.9784954237712522,0.4424887729404904,0.7349363527498918,0.6339725372541863
P3C4 / P3C4+Nigericin,Hex (K),435,435,0,0,0,0.8699588039187746,0.3807684337175788,0.2638468075932444,0.6339725372541863
P3C4 / P3C4+Nigericin,HexNAc (ST),549,549,0,0,0,0.8215222596857424,0.506861473897766,0.5544720645386133,0.6339725372541863
P3C4 / P3C4+Nigericin,Hydroxymethyl,1021,1021,0,0,0,0.9030271954661336,0.6703046893802665,0.7057416434781784,0.6339725372541863
P3C4 / P3C4+Nigericin,Methyl (E),2570,2570,0,0,0,0.8216827407458855,0.6289791298586238,0.6489853046824889,0.6256109571405193
P3C4 / P3C4+Nigericin,Methyl (KR),1078,1078,0,0,0,0.8514405048351935,0.5558880576185474,0.5653149868539888,0.6339725372541863
P3C4 / P3C4+Nigericin,Myristoyl,541,541,0,0,0,0.8972833589879168,0.427331592105406,0.531671093040518,0.6339725372541863
P3C4 / P3C4+Nigericin,Nitrosyl,966,966,0,0,0,0.8663256032736555,0.6343223513141443,0.6313465921715596,0.6339725372541863
P3C4 / P3C4+Nigericin,Oxidation (M),5469,5469,0,0,0,0.5373659962200406,0.2699471431097045,0.28119238945732206,0.6339725372541863
P3C4 / P3C4+Nigericin,Oxidation (P),2782,2782,0,0,0,0.7227807504589913,0.6039139067810405,0.6696631190516277,0.6309039278313795
P3C4 / P3C4+Nigericin,Oxidation (W),473,473,0,0,0,0.7701037826898125,0.681615155455469,0.7038777109536172,0.6062411816936047
P3C4 / P3C4+Nigericin,Phospho (STY),649,649,0,0,0,0.9868146471960008,0.7150399397617748,0.8063836228121418,0.6339725372541863
P3C4 / P3C4+Nigericin,Phosphoadenosine,228,228,0,0,0,0.701642271346774,0.23163809063379237,0.3336968647942247,0.6339725372541863
P3C4 / P3C4+Nigericin,Propionamide,848,848,0,0,0,0.881885856653918,0.5288253552694111,0.6719794444774015,0.6339725372541863
P3C4 / P3C4+Nigericin,Sulfo (STY),1434,1434,0,0,0,0.8188972554371886,0.5513515899455828,0.6272973550171532,0.6339725372541863
P3C4 / P3C4+Nigericin,Trimethyl (K),917,917,0,0,0,0.954911451817954,0.3110459856519721,0.28337677849055265,0.6339725372541863
P3C4 / P3C4+Nigericin,Trioxidation (C),619,619,0,0,0,0.862031233105515,0.6841243878790344,0.6116391258081416,0.6304316424726696
P3C4+Nigericin / LPS,Acetyl (K),454,454,0,0,0,0.7814437354688907,-0.2752918336414489,-0.3157127637383089,0.6339725372541863
P3C4+Nigericin / LPS,Biotin,396,396,0,0,0,0.8799677565415258,-0.3778018742296805,-0.649623095392709,0.6339725372541863
P3C4+Nigericin / LPS,Carbamidomethyl (C),18133,18133,0,0,0,0.6061311617559276,-0.546798164361916,-0.5574502589901441,0.6084109163511867
P3C4+Nigericin / LPS,Carbamylation (KR),1420,1420,0,0,0,0.7333214596048452,-0.41554884007200604,-0.43636443390044183,0.6339725372541863
P3C4+Nigericin / LPS,Carboxy,796,796,0,0,0,0.7449746175539687,-0.3509191398089936,-0.3921494994556197,0.6339725372541863
P3C4+Nigericin / LPS,Carboxymethyl,729,729,0,0,0,0.7200683897838942,-0.3357065636658497,-0.3139023627908394,0.6339725372541863
P3C4+Nigericin / LPS,Cation:Mg[II],1579,1579,0,0,0,0.6954158199785619,-0.4224643282848273,-0.48037683402537684,0.6339725372541863
P3C4+Nigericin / LPS,Cation:Na (DE),1827,1827,0,0,0,0.6879143039274815,-0.4046144354156076,-0.3209528098148401,0.6339725372541863
P3C4+Nigericin / LPS,Crotonyl,617,617,0,0,0,0.8130738434628981,-0.3496962905571163,-0.2627104179337588,0.6339725372541863
P3C4+Nigericin / LPS,Cysteinyl,165,165,0,0,0,0.7364461170206186,-0.3699042138214018,-0.41262497985658503,0.6339725372541863
P3C4+Nigericin / LPS,Didehydro,4011,4011,1,1,0,0.7367602958514213,-0.4900451421096208,-0.47681758387784295,0.6339725372541863
P3C4+Nigericin / LPS,Dimethyl (KR),1450,1450,0,0,0,0.7626443920641666,-0.4545399327381001,-0.3353093755404436,0.6339725372541863
P3C4+Nigericin / LPS,Dioxidation (MW),1132,1132,0,0,0,0.6058111192161009,-0.39607589409128474,-0.4209016474100384,0.6339725372541863
P3C4+Nigericin / LPS,Formyl,1175,1175,0,0,0,0.729356642342001,-0.3479424611770029,-0.34984546391182325,0.6339725372541863
P3C4+Nigericin / LPS,GlyGly (K),580,580,0,0,0,0.7882233221943605,-0.3455386142569761,-0.3990016070002854,0.6339725372541863
P3C4+Nigericin / LPS,Hex (K),434,434,0,0,0,0.849044282937893,-0.3141387586235601,-0.20048216857702067,0.6339725372541863
P3C4+Nigericin / LPS,HexNAc (ST),539,539,0,0,0,0.7204408403733392,-0.4280582556224954,-0.4457586802157572,0.6339725372541863
P3C4+Nigericin / LPS,Hydroxymethyl,1010,1010,0,0,0,0.7345494117096694,-0.517325099671592,-0.457444379016931,0.6339725372541863
P3C4+Nigericin / LPS,Methyl (E),2565,2565,0,0,0,0.6910891968078958,-0.482829386810355,-0.5281552972768149,0.6339725372541863
P3C4+Nigericin / LPS,Methyl (KR),1091,1091,0,0,0,0.6848136576799894,-0.4196242963634373,-0.4637686044108173,0.6339725372541863
P3C4+Nigericin / LPS,Myristoyl,539,539,0,0,0,0.7315468228525713,-0.4277073694379648,-0.42822821328223687,0.6339725372541863
P3C4+Nigericin / LPS,Nitrosyl,970,970,0,0,0,0.6920055927971964,-0.4617765805812024,-0.47004389717953976,0.6339725372541863
P3C4+Nigericin / LPS,Oxidation (M),5470,5470,0,0,0,0.4713401600900178,-0.10937867615634965,-0.11899127304715433,0.6412495906135871
P3C4+Nigericin / LPS,Oxidation (P),2773,2773,0,0,0,0.6215605072242281,-0.4560178777646712,-0.5050865475997443,0.6339725372541863
P3C4+Nigericin / LPS,Oxidation (W),475,475,0,0,0,0.6007114582037091,-0.5007701246556419,-0.5562426052080035,0.6339725372541863
P3C4+Nigericin / LPS,Phospho (STY),642,642,0,0,0,0.7943888678950417,-0.5604336199835473,-0.80781918186005,0.6339725372541863
P3C4+Nigericin / LPS,Phosphoadenosine,247,247,0,0,0,0.6509291827360134,-0.1060743299643382,-0.10352962889263345,0.6339725372541863
P3C4+Nigericin / LPS,Propionamide,850,850,0,0,0,0.8047459765693968,-0.44307859220980683,-0.5170256960210322,0.6339725372541863
P3C4+Nigericin / LPS,Sulfo (STY),1424,1424,0,0,0,0.7016523719264323,-0.4679454370596725,-0.5070968027293791,0.6339725372541863
P3C4+Nigericin / LPS,Trimethyl (K),921,921,0,0,0,0.8710924175629967,-0.318406920351488,-0.36747988658906944,0.6339725372541863
P3C4+Nigericin / LPS,Trioxidation (C),626,626,0,0,0,0.665233170586108,-0.48982095463545816,-0.5000493460090585,0.6339725372541863
P3C4+Nigericin / LPS+Nigericin,Acetyl (K),453,453,0,0,0,0.639060381609768,-0.3060184950309174,-0.19823094105591188,0.6440966338022729
P3C4+Nigericin / LPS+Nigericin,Biotin,406,406,0,0,0,0.4769782336630616,-0.2287952898178814,-0.25845858616123246,0.6448088327267733
P3C4+Nigericin / LPS+Nigericin,Carbamidomethyl (C),18125,18125,0,0,0,0.4302293634507217,-0.4049701385606639,-0.4017191643122168,0.6339725372541863
P3C4+Nigericin / LPS+Nigericin,Carbamylation (KR),1449,1449,0,0,0,0.5440509519823022,-0.32018869119026,-0.33052562023863463,0.6446967892003463
P3C4+Nigericin / LPS+Nigericin,Carboxy,801,801,0,0,0,0.4862493738241591,-0.280535793605805,-0.31061869058921054,0.6488731640344207
P3C4+Nigericin / LPS+Nigericin,Carboxymethyl,717,717,0,0,0,0.4874610963681519,-0.2680635956371895,-0.2515641638712554,0.6446967892003463
P3C4+Nigericin / LPS+Nigericin,Cation:Mg[II],1613,1613,0,0,0,0.5050890930797002,-0.3088540208385847,-0.31483996659691615,0.6446967892003463
P3C4+Nigericin / LPS+Nigericin,Cation:Na (DE),1871,1871,1,1,0,0.4791120632557014,-0.295443578641267,-0.2943593531439977,0.6450192344684129
P3C4+Nigericin / LPS+Nigericin,Crotonyl,619,619,0,0,0,0.5423392782900591,-0.2054681011745534,-0.31135193473128603,0.6446967892003463
P3C4+Nigericin / LPS+Nigericin,Cysteinyl,170,170,0,0,0,0.5838626519319854,-0.2568089813316854,-0.16718445426319908,0.6449567950550865
P3C4+Nigericin / LPS+Nigericin,Didehydro,4040,4040,0,0,0,0.5003101010584197,-0.3482370972793625,-0.3385550698781071,0.6446967892003463
P3C4+Nigericin / LPS+Nigericin,Dimethyl (KR),1446,1446,0,0,0,0.510716303935137,-0.3398809377527326,-0.4292244340957963,0.6446967892003463
P3C4+Nigericin / LPS+Nigericin,Dioxidation (MW),1128,1128,0,0,0,0.3883132596226843,-0.2098314111544181,-0.22636233671576056,0.6612077704223382
P3C4+Nigericin / LPS+Nigericin,Formyl,1157,1157,0,0,0,0.4943788461974976,-0.2359396755227338,-0.3303179053340777,0.6446967892003463
P3C4+Nigericin / LPS+Nigericin,GlyGly (K),581,581,0,0,0,0.585438114230765,-0.2336857016222537,-0.3958961534964771,0.6464601201924653
P3C4+Nigericin / LPS+Nigericin,Hex (K),439,439,0,0,0,0.621590390519729,-0.2020195718137764,-0.10458795469131835,0.6443695776981798
P3C4+Nigericin / LPS+Nigericin,HexNAc (ST),532,532,0,0,0,0.4965698362683365,-0.2938324695169464,-0.5279779490642305,0.6446967892003463
P3C4+Nigericin / LPS+Nigericin,Hydroxymethyl,1024,1024,0,0,0,0.49034584841665924,-0.2947223402009712,-0.39222947257527263,0.6484251122630326
P3C4+Nigericin / LPS+Nigericin,Methyl (E),2565,2565,0,0,0,0.4781805593341922,-0.3433604448825169,-0.3960427649890691,0.6446967892003463
P3C4+Nigericin / LPS+Nigericin,Methyl (KR),1052,1052,0,0,0,0.4982225723966419,-0.34338906760855875,-0.35194926721509606,0.6446967892003463
P3C4+Nigericin / LPS+Nigericin,Myristoyl,538,538,0,0,0,0.5583574499500441,-0.2687046132769373,-0.3839919155758243,0.644141504580616
P3C4+Nigericin / LPS+Nigericin,Nitrosyl,966,966,0,0,0,0.4601688114443745,-0.32463850127661087,-0.3613324131064199,0.6446967892003463
P3C4+Nigericin / LPS+Nigericin,Oxidation (M),5497,5497,0,0,0,0.2988513335842184,-0.1359080063625986,-0.14756562298136505,0.6906787771496543
P3C4+Nigericin / LPS+Nigericin,Oxidation (P),2781,2781,0,0,0,0.4542293744957428,-0.3417195403847567,-0.3681371844986358,0.6446967892003463
P3C4+Nigericin / LPS+Nigericin,Oxidation (W),474,474,0,0,0,0.4312478266444796,-0.3303395773139759,-0.25075712798002253,0.6456164345000569
P3C4+Nigericin / LPS+Nigericin,Phospho (STY),626,626,0,0,0,0.5563129453578357,-0.3421267240423911,-0.5738171232011062,0.6446967892003463
P3C4+Nigericin / LPS+Nigericin,Phosphoadenosine,239,239,0,0,0,0.526916922541278,-0.199723439300011,-0.33010586461536906,0.6363527478539934
P3C4+Nigericin / LPS+Nigericin,Propionamide,844,844,0,0,0,0.5212430950009904,-0.2480519620548404,-0.2616743014248417,0.6446967892003463
P3C4+Nigericin / LPS+Nigericin,Sulfo (STY),1425,1425,0,0,0,0.4920349350595073,-0.2695184204350525,-0.3638561307781338,0.646598328162073
P3C4+Nigericin / LPS+Nigericin,Trimethyl (K),919,919,0,0,0,0.5983794460800973,-0.2665654162901575,-0.31348990376380276,0.6443927016799351
P3C4+Nigericin / LPS+Nigericin,Trioxidation (C),624,624,0,0,0,0.49211557389873695,-0.3490306593339113,-0.3734881965830176,0.6410602478472691
P3C4+Nigericin / Nigericin,Acetyl (K),451,451,0,0,0,0.6497046872153215,-0.2634141442784404,-0.1853141790221983,0.6342949668574872
P3C4+Nigericin / Nigericin,Biotin,400,400,0,0,0,0.5981448491415601,-0.2181725318653563,-0.4656679211649346,0.6346108793998826
P3C4+Nigericin / Nigericin,Carbamidomethyl (C),18137,18137,0,0,0,0.4901680480648028,-0.4630369604312512,-0.4277993181703595,0.6339725372541863
P3C4+Nigericin / Nigericin,Carbamylation (KR),1455,1455,0,0,0,0.5215645479866163,-0.2933998985551164,-0.32207318081664016,0.6359673871205154
P3C4+Nigericin / Nigericin,Carboxy,779,779,0,0,0,0.501075817493171,-0.2578733894509555,-0.24403003427070005,0.6446967892003463
P3C4+Nigericin / Nigericin,Carboxymethyl,722,722,0,0,0,0.4596277299880036,-0.2459217264209137,-0.33195378775795675,0.6446967892003463
P3C4+Nigericin / Nigericin,Cation:Mg[II],1596,1596,0,0,0,0.5028394131106186,-0.2714113346527711,-0.26105938450482113,0.6398092049810753
P3C4+Nigericin / Nigericin,Cation:Na (DE),1860,1860,0,0,0,0.5178318777647481,-0.2753880694322024,-0.24093872649753859,0.6384036219373311
P3C4+Nigericin / Nigericin,Crotonyl,611,611,0,0,0,0.5336785513490111,-0.2873257105732236,-0.44281184562673975,0.6343505862464542
P3C4+Nigericin / Nigericin,Cysteinyl,162,162,0,0,0,0.6786824112291743,-0.3290927046364152,-0.2161221966274947,0.6339725372541863
P3C4+Nigericin / Nigericin,Didehydro,4036,4036,0,0,0,0.49284205419048444,-0.3206739482030734,-0.31621771246949465,0.6352348151569631
P3C4+Nigericin / Nigericin,Dimethyl (KR),1447,1447,0,0,0,0.5232749076762376,-0.2978301648662677,-0.29623440646827176,0.6341281892221723
P3C4+Nigericin / Nigericin,Dioxidation (MW),1123,1123,0,0,0,0.4436041435933545,-0.3056911799428976,-0.33714769360982,0.6400152085613008
P3C4+Nigericin / Nigericin,Formyl,1170,1170,0,0,0,0.5207423368064328,-0.257323702052895,-0.30009917278977266,0.6372722302692492
P3C4+Nigericin / Nigericin,GlyGly (K),603,603,0,0,0,0.6917195208644367,-0.2263214538525734,-0.13741322718990906,0.6347896097750859
P3C4+Nigericin / Nigericin,Hex (K),439,439,0,0,0,0.5418206222308192,-0.2006024803752367,-0.08355195577989061,0.639007081459606
P3C4+Nigericin / Nigericin,HexNAc (ST),533,533,0,0,0,0.504563699505693,-0.2435613464600364,-0.1975623073718391,0.6353737022058515
P3C4+Nigericin / Nigericin,Hydroxymethyl,1021,1021,0,0,0,0.49052931620203,-0.2841275583315384,-0.3309186025826656,0.6358921660967499
P3C4+Nigericin / Nigericin,Methyl (E),2572,2572,0,0,0,0.48175418252264257,-0.3153664358254463,-0.3373479506654639,0.634576940328851
P3C4+Nigericin / Nigericin,Methyl (KR),1063,1063,0,0,0,0.467461431969292,-0.2670337265385419,-0.23787529517732017,0.6346003942524161
P3C4+Nigericin / Nigericin,Myristoyl,538,538,0,0,0,0.5464678083733069,-0.1709414816965496,-0.22389627429764652,0.6367951456930384
P3C4+Nigericin / Nigericin,Nitrosyl,961,961,0,0,0,0.5414205393003888,-0.3393060311033873,-0.38289893660199675,0.6339725372541863
P3C4+Nigericin / Nigericin,Oxidation (M),5502,5502,0,0,0,0.3889547825417206,-0.2812679083219936,-0.23180238986948717,0.6452968959610195
P3C4+Nigericin / Nigericin,Oxidation (P),2772,2772,0,0,0,0.4468095202936325,-0.3248581233756781,-0.3108939929644999,0.6446967892003463
P3C4+Nigericin / Nigericin,Oxidation (W),475,475,0,0,0,0.3955258143282164,-0.3155850788011986,-0.23310004618120292,0.6374184618367522
P3C4+Nigericin / Nigericin,Phospho (STY),638,638,0,0,0,0.4751027251411831,-0.2364335038039801,-0.4463257322638985,0.6446967892003463
P3C4+Nigericin / Nigericin,Phosphoadenosine,224,224,0,0,0,0.5761899858984236,-0.15327150832632513,0.01514542557010569,0.6446967892003463
P3C4+Nigericin / Nigericin,Propionamide,847,847,0,0,0,0.6069851075739573,-0.2894394536443382,-0.3160871180631265,0.6339725372541863
P3C4+Nigericin / Nigericin,Sulfo (STY),1418,1418,0,0,0,0.49466275013905436,-0.2699187181373084,-0.3083675918779488,0.6446967892003463
P3C4+Nigericin / Nigericin,Trimethyl (K),910,910,0,0,0,0.564821530944891,-0.25534970781344646,-0.268838506430965,0.6339725372541863
P3C4+Nigericin / Nigericin,Trioxidation (C),620,620,0,0,0,0.4878457308414623,-0.30280159249774596,-0.2628050971614187,0.6348188375943539
Unstim / LPS,Acetyl (K),456,456,0,0,0,0.5737027227079567,0.19068655925949435,0.16832710792946998,0.6339725372541863
Unstim / LPS,Biotin,401,401,0,0,0,0.5686748647497736,0.1559700717075108,-0.08993506038874079,0.6339725372541863
Unstim / LPS,Carbamidomethyl (C),18134,18134,0,0,0,0.4183519262795733,0.3356760905270275,0.3101916582154257,0.6339725372541863
Unstim / LPS,Carbamylation (KR),1419,1419,0,0,0,0.4671157127980946,0.1387600412506507,0.14509945920519204,0.6401887274623493
Unstim / LPS,Carboxy,803,803,0,0,0,0.4742128034227731,0.1284606556683618,0.0022867721481386856,0.6446967892003463
Unstim / LPS,Carboxymethyl,716,716,0,0,0,0.4577660645142052,0.1099318939680682,0.07673608710513015,0.6446967892003463
Unstim / LPS,Cation:Mg[II],1606,1606,0,0,0,0.4872768102797904,0.1592969469615237,0.1836481780076252,0.6343522325153025
Unstim / LPS,Cation:Na (DE),1870,1870,0,0,0,0.46326283501594906,0.1626578693598436,0.2820743317919213,0.6413928407601193
Unstim / LPS,Crotonyl,626,626,0,0,0,0.5205384068557605,0.18455124427656744,0.43531704698510787,0.635934625876333
Unstim / LPS,Cysteinyl,170,170,0,0,0,0.577598939077618,0.14742816072328663,-0.14749460036039688,0.6339725372541863
Unstim / LPS,Didehydro,4079,4079,0,0,0,0.4420979558867333,0.1818270398564099,0.20524194574142438,0.6425355561865803
Unstim / LPS,Dimethyl (KR),1462,1462,0,0,0,0.49328055775258384,0.18383267849794843,0.2856222309190481,0.6370198823263062
Unstim / LPS,Dioxidation (MW),1135,1135,0,0,0,0.3445743972512741,0.0739373200298734,0.04553253067057874,0.6558437672411638
Unstim / LPS,Formyl,1194,1194,0,0,0,0.4908639277207326,0.160550335088505,0.19124211639461272,0.641690496237478
Unstim / LPS,GlyGly (K),588,588,0,0,0,0.5990750208422777,0.1789516616883729,0.017126643629434633,0.6339725372541863
Unstim / LPS,Hex (K),433,433,0,0,0,0.6223983008140295,0.104643512169345,0.1561185439883246,0.6339725372541863
Unstim / LPS,HexNAc (ST),546,546,0,0,0,0.5111605034507181,0.12659404471321578,0.15488802149121522,0.6342371514565563
Unstim / LPS,Hydroxymethyl,1012,1012,0,0,0,0.475074811060834,0.16704026399004065,0.248945649687309,0.6355871911623949
Unstim / LPS,Methyl (E),2590,2590,0,0,0,0.4191934595718593,0.1802138331389259,0.1794004394094817,0.6414231027338111
Unstim / LPS,Methyl (KR),1102,1102,0,0,0,0.46976466756297386,0.18770833663070535,0.13394863304361243,0.6341281892221723
Unstim / LPS,Myristoyl,533,533,0,0,0,0.526473786035089,0.1503176619740892,0.2081811278651751,0.6357675837588183
Unstim / LPS,Nitrosyl,972,972,0,0,0,0.4794895971898379,0.1977705866144113,0.1617574508171367,0.6339725372541863
Unstim / LPS,Oxidation (M),5467,5467,0,0,0,0.3222454137948925,0.1089213035688785,0.12469558271633913,0.6676053974711625
Unstim / LPS,Oxidation (P),2810,2810,1,1,0,0.40262034997791674,0.2099484665725451,0.19495315290046603,0.6432843341612402
Unstim / LPS,Oxidation (W),475,475,0,0,0,0.3186920067680424,0.164104255757397,0.14482720672749952,0.6477290512847338
Unstim / LPS,Phospho (STY),665,665,0,0,0,0.4859969412210241,0.1168890316058752,-0.06968281172413597,0.636589238394176
Unstim / LPS,Phosphoadenosine,247,247,0,0,0,0.4102022979516366,0.0549103233069417,0.14639440386061076,0.6488315266112622
Unstim / LPS,Propionamide,863,863,0,0,0,0.5365088047802853,0.1940276004853301,0.17927905920323844,0.6342563442152699
Unstim / LPS,Sulfo (STY),1446,1446,0,0,0,0.4399325763440422,0.1571940504224114,0.1175136697397392,0.6446967892003463
Unstim / LPS,Trimethyl (K),918,918,0,0,0,0.574470547897675,0.14417730312119226,0.05628551388879611,0.6339725372541863
Unstim / LPS,Trioxidation (C),626,626,0,0,0,0.4202080176609739,0.1552565163772561,0.17548397971554616,0.6385700752261216
Unstim / LPS+Nigericin,Acetyl (K),460,460,0,0,0,0.6647115805233003,0.2062910296956587,0.2494877909316335,0.6339725372541863
Unstim / LPS+Nigericin,Biotin,402,402,0,0,0,0.7690738079209665,0.25392580638501944,0.3192322575308202,0.6339725372541863
Unstim / LPS+Nigericin,Carbamidomethyl (C),18125,18125,0,0,0,0.559569753820382,0.4881649432815463,0.46722721346366924,0.6339725372541863
Unstim / LPS+Nigericin,Carbamylation (KR),1421,1421,0,0,0,0.6389898241124425,0.2144566586722886,0.1871831414309958,0.6339725372541863
Unstim / LPS+Nigericin,Carboxy,813,813,0,0,0,0.5632566852079147,0.2155284248231199,0.21463848357744914,0.6372131430470688
Unstim / LPS+Nigericin,Carboxymethyl,719,719,0,0,0,0.6116575397701007,0.1911186090811094,0.15750619045474176,0.6344139753505676
Unstim / LPS+Nigericin,Cation:Mg[II],1593,1593,0,0,0,0.6310874239473451,0.2906986705735808,0.29550573477499675,0.6341281892221723
Unstim / LPS+Nigericin,Cation:Na (DE),1869,1869,0,0,0,0.6117654438564728,0.2714265821870775,0.27975437079109006,0.6347278419914596
Unstim / LPS+Nigericin,Crotonyl,625,625,0,0,0,0.657926743630456,0.2717364074489454,0.4046342342266383,0.6339725372541863
Unstim / LPS+Nigericin,Cysteinyl,168,168,0,0,0,0.6497001384406131,0.09249489482074155,0.007082338926389506,0.6339725372541863
Unstim / LPS+Nigericin,Didehydro,4083,4083,0,0,0,0.5820950239224065,0.3137053673608145,0.3184269174571494,0.6341281892221723
Unstim / LPS+Nigericin,Dimethyl (KR),1463,1463,0,0,0,0.6569532239759045,0.2652440112124561,0.20542893266297912,0.6339725372541863
Unstim / LPS+Nigericin,Dioxidation (MW),1123,1123,0,0,0,0.5198940828856442,0.2628350549532684,0.2327539443029593,0.6339998572804849
Unstim / LPS+Nigericin,Formyl,1170,1170,0,0,0,0.6356141709080552,0.21300675514910283,0.11332656020330709,0.6339725372541863
Unstim / LPS+Nigericin,GlyGly (K),577,577,0,0,0,0.8491557256027853,0.283405530355049,0.0016561275067805904,0.6339725372541863
Unstim / LPS+Nigericin,Hex (K),430,430,0,0,0,0.7451487088306759,0.1186872813073598,0.2465868629679033,0.6339725372541863
Unstim / LPS+Nigericin,HexNAc (ST),543,543,0,0,0,0.6913193107774561,0.3295662885303315,0.11939369973346231,0.6339725372541863
Unstim / LPS+Nigericin,Hydroxymethyl,1020,1020,0,0,0,0.6329794531917929,0.3263732386394681,0.3280078554226764,0.6343840167949711
Unstim / LPS+Nigericin,Methyl (E),2574,2574,0,0,0,0.6020306785246297,0.3061678750446285,0.32009799268207223,0.6339725372541863
Unstim / LPS+Nigericin,Methyl (KR),1062,1062,0,0,0,0.6242850712340962,0.31036807973993663,0.24378511851609413,0.6339725372541863
Unstim / LPS+Nigericin,Myristoyl,532,532,0,0,0,0.7014454603876532,0.31498803667134395,0.3001600326430528,0.6339725372541863
Unstim / LPS+Nigericin,Nitrosyl,970,970,0,0,0,0.6057516081573711,0.3328490701651085,0.2720937729399694,0.6339725372541863
Unstim / LPS+Nigericin,Oxidation (M),5477,5477,0,0,0,0.4866828247372967,0.1135400308128605,0.09533392113683117,0.640704003977313
Unstim / LPS+Nigericin,Oxidation (P),2800,2800,0,0,0,0.5463458886829415,0.32629278557132874,0.33417607897966795,0.6343118236188279
Unstim / LPS+Nigericin,Oxidation (W),474,474,0,0,0,0.4889053746215347,0.3647764644033983,0.46255519825010766,0.6340248313122578
Unstim / LPS+Nigericin,Phospho (STY),642,642,0,0,0,0.644434018842748,0.2663433845146108,0.09982670491055273,0.6339725372541863
Unstim / LPS+Nigericin,Phosphoadenosine,236,236,0,0,0,0.6107465335531439,0.06961075624473881,0.06265649987708564,0.6446967892003463
Unstim / LPS+Nigericin,Propionamide,850,850,0,0,0,0.7205718417504017,0.30126507802365465,0.45445505819435417,0.6339725372541863
Unstim / LPS+Nigericin,Sulfo (STY),1450,1450,0,0,0,0.6497708332257894,0.28169071155282405,0.2526138675828727,0.6339725372541863
Unstim / LPS+Nigericin,Trimethyl (K),919,919,0,0,0,0.7398027388749748,0.2018524950782183,0.14798705563716705,0.6339725372541863
Unstim / LPS+Nigericin,Trioxidation (C),624,624,0,0,0,0.5899733066012312,0.2996779660119208,0.26850403734561906,0.6339725372541863
Unstim / Nigericin,Acetyl (K),454,454,0,0,0,0.8361728546575443,0.2460112401004484,0.21701103154344295,0.6339725372541863
Unstim / Nigericin,Biotin,403,403,0,0,0,0.9424837394817188,0.3864257926061044,0.17698768534256792,0.6339725372541863
Unstim / Nigericin,Carbamidomethyl (C),18132,18132,0,0,0,0.5634482542321096,0.40190519988772366,0.44137007492268926,0.6339725372541863
Unstim / Nigericin,Carbamylation (KR),1429,1429,0,0,0,0.7279409870927089,0.2070328207814844,0.20869660457630332,0.6339725372541863
Unstim / Nigericin,Carboxy,797,797,0,0,0,0.7040718313805177,0.2229499586784605,0.23395135175117499,0.6339725372541863
Unstim / Nigericin,Carboxymethyl,725,725,0,0,0,0.6960512559990889,0.2244957356012968,0.10882110545667033,0.6339725372541863
Unstim / Nigericin,Cation:Mg[II],1591,1591,0,0,0,0.7249890512417488,0.3374826402151483,0.40454856357124847,0.6339725372541863
Unstim / Nigericin,Cation:Na (DE),1880,1880,0,0,0,0.7698526266594711,0.3176979851229389,0.3135786135695956,0.6339725372541863
Unstim / Nigericin,Crotonyl,621,621,0,0,0,0.8515469946638787,0.2162619882075228,0.1832532232846081,0.6339725372541863
Unstim / Nigericin,Cysteinyl,167,167,0,0,0,0.9299984810691128,0.1388779610044221,-0.16731432446214475,0.6339725372541863
Unstim / Nigericin,Didehydro,4068,4068,0,0,0,0.7428267296963506,0.35434745386173977,0.37204184841289,0.6339725372541863
Unstim / Nigericin,Dimethyl (KR),1445,1445,0,0,0,0.7882733106538761,0.2742538071185773,0.3757241028875459,0.6339725372541863
Unstim / Nigericin,Dioxidation (MW),1126,1126,0,0,0,0.6036270918288164,0.15932313906795503,0.13662566811421745,0.6339725372541863
Unstim / Nigericin,Formyl,1162,1162,0,0,0,0.7378261744440304,0.2501281492075481,0.17339346196994743,0.6339725372541863
Unstim / Nigericin,GlyGly (K),598,598,0,0,0,0.9943537493047134,0.33559550333079585,0.45074925428423535,0.6339725372541863
Unstim / Nigericin,Hex (K),436,436,0,0,0,0.8559948824881174,0.15521561772929296,0.25016588828297426,0.6339725372541863
Unstim / Nigericin,HexNAc (ST),544,544,0,0,0,0.7746059650458679,0.34617410466253584,0.4585689750203757,0.6339725372541863
Unstim / Nigericin,Hydroxymethyl,1022,1022,0,0,0,0.7739324375547542,0.32140483737542885,0.3675186410253147,0.6339725372541863
Unstim / Nigericin,Methyl (E),2569,2569,0,0,0,0.6975598802678199,0.3055170844524197,0.3402146676864022,0.6339725372541863
Unstim / Nigericin,Methyl (KR),1073,1073,0,0,0,0.7690331676112995,0.3740859233864278,0.43690850034931855,0.6339725372541863
Unstim / Nigericin,Myristoyl,530,530,0,0,0,0.8377568188464757,0.44942147289853696,0.3923891933870859,0.6339725372541863
Unstim / Nigericin,Nitrosyl,967,967,0,0,0,0.6907816457670678,0.251507446371398,0.22441924417437278,0.6339725372541863
Unstim / Nigericin,Oxidation (M),5472,5472,0,0,0,0.6344059543250872,-0.0406914652290545,0.013984925136871341,0.6339725372541863
Unstim / Nigericin,Oxidation (P),2791,2791,0,0,0,0.6189229564741371,0.3010507427109051,0.38535178670574105,0.6339725372541863
Unstim / Nigericin,Oxidation (W),476,476,0,0,0,0.549014248895456,0.34033342683969914,0.47408330509663305,0.6339725372541863
Unstim / Nigericin,Phospho (STY),651,651,0,0,0,0.8858154561632097,0.4456482419649949,0.26879800425680694,0.6339725372541863
Unstim / Nigericin,Phosphoadenosine,229,229,0,0,0,0.6424968527587022,0.1585846374406185,0.3115601803805862,0.6339725372541863
Unstim / Nigericin,Propionamide,851,851,0,0,0,0.8276091265702139,0.3462619047783581,0.40060891997869763,0.6339725372541863
Unstim / Nigericin,Sulfo (STY),1446,1446,0,0,0,0.7429370523019659,0.2599033396616486,0.2826410549030849,0.6339725372541863
Unstim / Nigericin,Trimethyl (K),916,916,0,0,0,0.8805713553663681,0.19897369602884252,0.1483175409492451,0.6339725372541863
Unstim / Nigericin,Trioxidation (C),624,624,0,0,0,0.6562615585331737,0.31072559968396596,0.3981204157942185,0.6339725372541863
Unstim / P3C4,Acetyl (K),456,456,0,0,0,0.4985039965771859,0.02449515067101085,-0.018619035310443104,0.6349674296996664
Unstim / P3C4,Biotin,397,397,0,0,0,0.5016415126968122,0.1531571968279902,0.1717884084444442,0.6382361672812968
Unstim / P3C4,Carbamidomethyl (C),18128,18128,0,0,0,0.3377779464125066,0.17911829916075264,0.16955609670775681,0.634788576241784
Unstim / P3C4,Carbamylation (KR),1450,1450,0,0,0,0.43613381286318825,-0.03902419824661685,-0.09722747965989195,0.6446967892003463
Unstim / P3C4,Carboxy,802,802,0,0,0,0.4166056796587949,-0.049504562701419605,-0.10033949868998689,0.6446967892003463
Unstim / P3C4,Carboxymethyl,729,729,1,0,1,0.4271681304313816,-0.081478306447878,-0.12960384187549195,0.6446967892003463
Unstim / P3C4,Cation:Mg[II],1613,1613,0,0,0,0.424786062676066,0.0147490274496825,0.08310877868732797,0.6446967892003463
Unstim / P3C4,Cation:Na (DE),1908,1908,0,0,0,0.47017403795595925,0.0089738351147816,0.06915685973709872,0.6385958310597034
Unstim / P3C4,Crotonyl,615,615,0,0,0,0.4289840842964573,0.0410934540336317,-0.08964108027612802,0.6446967892003463
Unstim / P3C4,Cysteinyl,170,170,0,0,0,0.5863862808627037,0.0018626884741440005,-0.22841818950637371,0.6371852013366616
Unstim / P3C4,Didehydro,4119,4119,0,0,0,0.4034556104465929,0.022013428544265,0.05941813818620573,0.6446967892003463
Unstim / P3C4,Dimethyl (KR),1477,1477,0,0,0,0.4313031858343468,-0.0064713218645198,0.055341625674920195,0.6421950354434584
Unstim / P3C4,Dioxidation (MW),1131,1131,0,0,0,0.4008021436940245,-0.12656263862032,-0.13460935180208844,0.6420596759385173
Unstim / P3C4,Formyl,1173,1173,0,0,0,0.4292648548533131,-0.0091997805059711,-0.08601069603130426,0.6446967892003463
Unstim / P3C4,GlyGly (K),597,597,0,0,0,0.5092714921641806,0.0299811405779585,-0.06095272616096186,0.6403369283631046
Unstim / P3C4,Hex (K),438,438,0,0,0,0.5230077435715847,-0.07993380780924514,0.1327724680621023,0.6401539411626547
Unstim / P3C4,HexNAc (ST),552,552,0,0,0,0.41623387394031663,0.0257689142279675,0.11328768040738707,0.6446967892003463
Unstim / P3C4,Hydroxymethyl,1020,1020,0,0,0,0.43633590314772763,-0.02114726729622695,-0.008671895472435298,0.638540554171912
Unstim / P3C4,Methyl (E),2582,2582,0,0,0,0.39570620569247095,0.02943651706382565,0.05064510682800741,0.6409875070618877
Unstim / P3C4,Methyl (KR),1103,1103,0,0,0,0.4104298133555584,0.0386137608949001,0.056009254708159914,0.6386390453318987
Unstim / P3C4,Myristoyl,539,539,0,0,0,0.4963053331048896,0.0575947797350494,0.07903473947502934,0.634270603364026
Unstim / P3C4,Nitrosyl,970,970,0,0,0,0.45215435715848834,-0.0162975345348901,-0.026283814495370577,0.6374659623127109
Unstim / P3C4,Oxidation (M),5465,5465,0,0,0,0.3293974786974853,-0.0490160037577094,-0.03677540217358511,0.6509865111393319
Unstim / P3C4,Oxidation (P),2812,2812,0,0,0,0.3609405808263474,0.009065179065673449,0.025143810107089368,0.6463873945591833
Unstim / P3C4,Oxidation (W),473,473,0,0,0,0.3074306284171836,0.0210042859779784,-0.010651816898596614,0.6524395352139939
Unstim / P3C4,Phospho (STY),671,671,0,0,0,0.4589002705457934,-0.0382029313883565,-0.011275262221684597,0.6355059544921605
Unstim / P3C4,Phosphoadenosine,235,235,0,0,0,0.4071365693910533,-0.0589965296196319,-0.01714875850686429,0.6446967892003463
Unstim / P3C4,Propionamide,854,854,0,0,0,0.5172832664973807,0.0199818059236151,0.030920693949750132,0.6446967892003463
Unstim / P3C4,Sulfo (STY),1456,1456,0,0,0,0.43054981671432285,-0.0054674296749888,-0.011275426965805099,0.6446967892003463
Unstim / P3C4,Trimethyl (K),917,917,0,0,0,0.4982625221736778,0.0435104210624523,0.1254840800418423,0.6380057230085241
Unstim / P3C4,Trioxidation (C),620,620,0,0,0,0.4116504408149171,-0.00036882914289620007,0.04143606030470373,0.6382789432897129
Unstim / P3C4+Nigericin,Acetyl (K),461,461,0,0,0,0.8624494845282864,0.5026083688027895,0.4523628564616781,0.6339725372541863
Unstim / P3C4+Nigericin,Biotin,403,403,0,0,0,0.9237184855038566,0.5273038756676203,0.6083422010357643,0.6339725372541863
Unstim / P3C4+Nigericin,Carbamidomethyl (C),18133,18133,0,0,0,0.9094774504335744,0.8761079591647285,0.8689124724912919,0.6031214806499193
Unstim / P3C4+Nigericin,Carbamylation (KR),1441,1441,0,0,0,0.8545033970750187,0.5237077382232599,0.47933268229742987,0.6339725372541863
Unstim / P3C4+Nigericin,Carboxy,790,790,0,0,0,0.7445991052688749,0.4778952714045895,0.4754290859272043,0.6339725372541863
Unstim / P3C4+Nigericin,Carboxymethyl,723,723,0,0,0,0.7758537565608045,0.4478207112380819,0.42755137410377736,0.6339725372541863
Unstim / P3C4+Nigericin,Cation:Mg[II],1589,1589,0,0,0,0.8877880623643661,0.6008242659012665,0.6491857728013489,0.6339725372541863
Unstim / P3C4+Nigericin,Cation:Na (DE),1859,1859,0,0,0,0.8660402115024487,0.5703059838241608,0.588643510874087,0.6339725372541863
Unstim / P3C4+Nigericin,Crotonyl,613,613,0,0,0,0.9241755149268748,0.5134476362677786,0.6858450772271808,0.6339725372541863
Unstim / P3C4+Nigericin,Cysteinyl,162,162,0,0,0,0.9177553286186484,0.41535225826128785,0.1282892137982954,0.6339725372541863
Unstim / P3C4+Nigericin,Didehydro,4040,4040,0,0,0,0.8875476352905035,0.6776274270786995,0.6825243417585819,0.6339725372541863
Unstim / P3C4+Nigericin,Dimethyl (KR),1440,1440,0,0,0,0.899230420751632,0.6335255589915905,0.6526944583962717,0.6339725372541863
Unstim / P3C4+Nigericin,Dioxidation (MW),1124,1124,0,0,0,0.682850949255788,0.4677947532178365,0.47113311407285735,0.6339725372541863
Unstim / P3C4+Nigericin,Formyl,1162,1162,0,0,0,0.848854967627243,0.5077375661849217,0.4521579978802954,0.6339725372541863
Unstim / P3C4+Nigericin,GlyGly (K),596,596,0,0,0,1.0446226747535658,0.5480960958126087,0.6505583582469617,0.6339725372541863
Unstim / P3C4+Nigericin,Hex (K),429,429,0,0,0,0.9358585925921304,0.3266129782935728,0.38170743930243445,0.6339725372541863
Unstim / P3C4+Nigericin,HexNAc (ST),539,539,0,0,0,0.8712764871877936,0.5637567808383844,0.6728997856401328,0.6339725372541863
Unstim / P3C4+Nigericin,Hydroxymethyl,1026,1026,0,0,0,0.8571524673942468,0.6328589433982386,0.7303617827660931,0.6339725372541863
Unstim / P3C4+Nigericin,Methyl (E),2560,2560,0,0,0,0.8551619179906355,0.6714510046120424,0.6866782874800583,0.6322820944068186
Unstim / P3C4+Nigericin,Methyl (KR),1074,1074,0,0,0,0.876515469333373,0.6187796294108381,0.5634347310517158,0.6339725372541863
Unstim / P3C4+Nigericin,Myristoyl,530,530,0,0,0,0.9592364945341171,0.5637763495280208,0.6522745634995448,0.6339725372541863
Unstim / P3C4+Nigericin,Nitrosyl,968,968,1,1,0,0.8446764864762045,0.6539156304879432,0.605657442265024,0.6339725372541863
Unstim / P3C4+Nigericin,Oxidation (M),5465,5465,0,0,0,0.5534116553338122,0.2231012645677272,0.24548327159519293,0.6339725372541863
Unstim / P3C4+Nigericin,Oxidation (P),2778,2778,0,0,0,0.74612029697945,0.64607651474369,0.7156193376968123,0.6339725372541863
Unstim / P3C4+Nigericin,Oxidation (W),474,474,0,0,0,0.727637018389474,0.6527217957847667,0.6969350592198653,0.6300907356708458
Unstim / P3C4+Nigericin,Phospho (STY),651,651,0,0,0,0.9167484982885918,0.6573871925262874,0.7278484061777963,0.6339725372541863
Unstim / P3C4+Nigericin,Phosphoadenosine,239,239,0,0,0,0.8930127533199672,0.2285802679507271,0.18955716011598847,0.6339725372541863
Unstim / P3C4+Nigericin,Propionamide,846,846,0,0,0,1.0013470867602452,0.6005260253700322,0.695456694375257,0.6339725372541863
Unstim / P3C4+Nigericin,Sulfo (STY),1417,1417,0,0,0,0.840085347821693,0.5827867362953303,0.6223059400950169,0.6339725372541863
Unstim / P3C4+Nigericin,Trimethyl (K),914,914,0,0,0,0.9589401429677258,0.4393883970594441,0.4332005908087318,0.6339725372541863
Unstim / P3C4+Nigericin,Trioxidation (C),622,622,0,0,0,0.8480470732545686,0.6529887848163861,0.6527579801799727,0.6339725372541863
