Genes,PTM.ModificationTitle,Comparison (group1/group2),N_sites,Mean_log2FC,Mean_abs_log2FC,Min_Pvalue
HSP90AA1,Nitrosyl,P3C4+Nigericin / Unstim,4,-4.127,4.127,0
HSP90AA1,GlyGly (K),LPS+Nigericin / LPS,5,-0.438,0.467,0.0015
HSP90AA1,Phospho (STY),LPS+Nigericin / LPS,1,-1.387,1.387,0.0015
HSP90AB1,HexNAc (ST),P3C4+Nigericin / P3C4,1,-1.183,1.183,0.0039
IL1B,Sulfo (STY),P3C4+Nigericin / P3C4,5,-2.697,2.697,0.004
IL1B,Nitrosyl,P3C4+Nigericin / Unstim,1,-1.628,1.628,0.0046
HSP90AA1,Oxidation (W),P3C4+Nigericin / P3C4,1,-1.217,1.217,0.0051
HSP90AA1,Oxidation (W),P3C4+Nigericin / Unstim,1,-1.197,1.197,0.0067
IL1B,Nitrosyl,LPS / Unstim,1,1.519,1.519,0.0088
HSP90AB1,Oxidation (W),P3C4+Nigericin / P3C4,2,-1.229,1.229,0.0108
IL1B,GlyGly (K),P3C4+Nigericin / P3C4,1,-2.773,2.773,0.012
IL1B,GlyGly (K),P3C4 / Unstim,1,2.405,2.405,0.013
IL1B,Hex (K),P3C4 / Unstim,1,2.405,2.405,0.013
IL1B,Myristoyl,LPS / Unstim,1,1.791,1.791,0.0138
HSP90AB1,Oxidation (W),P3C4+Nigericin / Unstim,2,-1.253,1.253,0.0163
IL1B,Hex (K),P3C4+Nigericin / P3C4,1,-2.193,2.193,0.0197
HSPA8,Sulfo (STY),P3C4+Nigericin / P3C4,6,-0.378,0.847,0.0204
IL1B,Nitrosyl,P3C4+Nigericin / P3C4,1,-4.203,4.203,0.0232
IL1B,Sulfo (STY),P3C4 / Unstim,5,2.617,2.617,0.0243
HSPA8,Myristoyl,P3C4+Nigericin / P3C4,3,-0.758,0.758,0.0253
PYCARD,Trimethyl (K),LPS / Unstim,1,1.65,1.65,0.0297
IL1B,Nitrosyl,P3C4 / Unstim,1,2.575,2.575,0.0303
HSP90AA1,GlyGly (K),P3C4+Nigericin / P3C4,5,-1.37,1.552,0.0321
HSP90AB1,GlyGly (K),P3C4+Nigericin / P3C4,2,-1.303,1.303,0.0363
HSPA8,Sulfo (STY),P3C4 / Unstim,6,1.691,1.731,0.0366
IL1B,Phospho (STY),P3C4 / Unstim,1,2.715,2.715,0.0391
IL1B,Sulfo (STY),LPS / Unstim,5,1.53,1.53,0.0436
IL1B,Phospho (STY),P3C4+Nigericin / P3C4,1,-2.794,2.794,0.0443
HSPA8,Myristoyl,P3C4+Nigericin / Unstim,2,-0.541,0.541,0.0461
HSP90AB1,Nitrosyl,P3C4+Nigericin / P3C4,4,-1.764,1.764,0.0533
HSP90AB1,Nitrosyl,LPS+Nigericin / LPS,4,0.492,1.026,0.0536
HSP90AA1,Trimethyl (K),P3C4+Nigericin / P3C4,1,-0.926,0.926,0.0546
HSP90AA1,Acetyl (K),P3C4+Nigericin / P3C4,1,-1.34,1.34,0.0767
HSP90AA1,GlyGly (K),P3C4+Nigericin / Unstim,5,-1.116,1.463,0.0774
HSP90AA1,Phospho (STY),P3C4+Nigericin / P3C4,1,-1.157,1.157,0.0804
HSPA8,Crotonyl,LPS+Nigericin / Unstim,3,-2.138,2.388,0.0839
HSPA8,Sulfo (STY),LPS / Unstim,6,1.406,1.78,0.0853
HSP90AA1,Nitrosyl,P3C4+Nigericin / P3C4,3,-2.865,2.865,0.0867
HSPA8,Hex (K),LPS+Nigericin / Unstim,7,0.803,1.718,0.0886
HSPA8,HexNAc (ST),LPS+Nigericin / Unstim,4,1.942,2.326,0.0886
HSPA8,Hex (K),LPS+Nigericin / LPS,6,0.066,1.046,0.0889
HSPA8,Nitrosyl,LPS+Nigericin / LPS,1,-2.186,2.186,0.0931
HSP90AB1,Hex (K),LPS+Nigericin / LPS,1,0.588,0.588,0.099
HSP90AB1,Sulfo (STY),P3C4+Nigericin / P3C4,2,-1.079,1.079,0.0995
HSPA8,GlyGly (K),LPS / Unstim,2,0.702,1.277,0.0999
HSPA8,HexNAc (ST),LPS / Unstim,4,3.906,3.906,0.0999
GSDMD,Nitrosyl,LPS / Unstim,2,1.343,1.343,0.1012
HSPA8,Sulfo (STY),LPS+Nigericin / LPS,6,-1.224,1.67,0.1027
HSP90AA1,Acetyl (K),P3C4 / Unstim,1,1.859,1.859,0.1094
HSPA8,Trimethyl (K),LPS+Nigericin / LPS,3,-0.357,0.486,0.1123
HSP90AA1,Trimethyl (K),P3C4+Nigericin / Unstim,2,-3.125,3.125,0.1126
HSPA8,Hex (K),LPS / Unstim,6,0.735,1.471,0.1185
HSP90AB1,Trimethyl (K),LPS / Unstim,2,-0.267,0.267,0.1241
HSP90AB1,Acetyl (K),P3C4+Nigericin / Unstim,2,-0.946,0.946,0.1243
HSPA8,Myristoyl,LPS / Unstim,2,-0.117,0.236,0.1289
HSP90AB1,Acetyl (K),P3C4+Nigericin / P3C4,2,-1.391,1.391,0.1293
PYCARD,Sulfo (STY),P3C4 / Unstim,1,1.939,1.939,0.1315
HSP90AB1,Trimethyl (K),LPS+Nigericin / LPS,2,0.749,0.749,0.1317
HSP90AA1,GlyGly (K),P3C4 / Unstim,5,0.254,0.359,0.1365
HSPA8,HexNAc (ST),LPS+Nigericin / LPS,4,-1.964,2.871,0.1393
HSP90AA1,GlyGly (K),LPS+Nigericin / Unstim,5,-0.972,4.224,0.1401
HSP90AB1,Sulfo (STY),P3C4+Nigericin / Unstim,1,-0.64,0.64,0.1402
HSP90AB1,Crotonyl,LPS+Nigericin / Unstim,3,-0.484,0.484,0.1404
HSPA8,Trimethyl (K),P3C4+Nigericin / P3C4,2,-1.053,1.053,0.1417
HSP90AB1,Nitrosyl,P3C4+Nigericin / Unstim,4,1.376,2.247,0.1432
PYCARD,Sulfo (STY),LPS / Unstim,1,2.136,2.136,0.1446
IL1B,Phospho (STY),LPS / Unstim,1,2.333,2.333,0.1481
IL1B,Sulfo (STY),LPS+Nigericin / LPS,5,-0.915,0.915,0.1532
HSP90AB1,Oxidation (W),LPS+Nigericin / Unstim,2,-0.861,0.861,0.1579
GSDMD,Nitrosyl,LPS+Nigericin / Unstim,2,1.889,1.889,0.1583
HSP90AB1,Nitrosyl,LPS+Nigericin / Unstim,4,3.016,3.852,0.1635
IL1B,Myristoyl,P3C4+Nigericin / P3C4,1,-3.287,3.287,0.1639
HSP90AA1,Oxidation (W),LPS / Unstim,1,-0.521,0.521,0.1672
HSP90AA1,Oxidation (W),LPS+Nigericin / Unstim,1,-0.577,0.577,0.1682
IL1B,Myristoyl,P3C4 / Unstim,1,2.968,2.968,0.1699
HSPA8,Hex (K),P3C4+Nigericin / Unstim,7,0.569,0.646,0.1717
GSDMD,Oxidation (W),LPS / Unstim,1,1.565,1.565,0.1733
PPP2CA,Trimethyl (K),P3C4+Nigericin / P3C4,1,-0.545,0.545,0.1741
HSP90AA1,Phospho (STY),P3C4 / Unstim,1,0.544,0.544,0.1775
HSPA8,Crotonyl,LPS+Nigericin / LPS,3,-2.208,2.489,0.1829
IL1B,Acetyl (K),LPS+Nigericin / LPS,1,-9.594,9.594,0.1858
PYCARD,Trimethyl (K),P3C4+Nigericin / Unstim,1,-5.442,5.442,0.187
HSP90AB1,Phospho (STY),LPS+Nigericin / Unstim,1,10.944,10.944,0.1875
HSPA8,Nitrosyl,LPS / Unstim,1,1.475,1.475,0.1889
HSPA8,Phospho (STY),P3C4+Nigericin / P3C4,4,0.53,1.183,0.1917
HSP90AA1,Phospho (STY),LPS+Nigericin / Unstim,1,-1.174,1.174,0.1938
IL1B,Trimethyl (K),LPS+Nigericin / Unstim,2,3.368,3.368,0.1947
PYCARD,Trimethyl (K),P3C4+Nigericin / P3C4,1,-6.664,6.664,0.1983
IL1B,Acetyl (K),P3C4+Nigericin / P3C4,1,-4.241,4.241,0.1986
IL1B,Myristoyl,LPS+Nigericin / LPS,1,-0.898,0.898,0.2005
IL1B,Acetyl (K),P3C4 / Unstim,1,3.964,3.964,0.2015
IL1B,Trimethyl (K),LPS+Nigericin / LPS,2,1.992,2.065,0.2038
IL1B,Acetyl (K),LPS / Unstim,1,3.652,3.652,0.2068
HSPA8,Sulfo (STY),LPS+Nigericin / Unstim,6,0.182,0.29,0.2077
HSP90AB1,Oxidation (W),LPS / Unstim,2,-0.237,0.237,0.212
IL1B,Sulfo (STY),P3C4+Nigericin / Unstim,4,-0.506,0.506,0.2134
IL1B,Trimethyl (K),P3C4+Nigericin / P3C4,2,-0.524,2.607,0.2169
HSP90AB1,Phospho (STY),P3C4+Nigericin / P3C4,1,10.808,10.808,0.2171
HSP90AB1,Phospho (STY),P3C4+Nigericin / Unstim,1,10.458,10.458,0.2172
HSP90AA1,Sulfo (STY),P3C4 / Unstim,3,-0.644,0.734,0.2196
HSP90AA1,Nitrosyl,LPS / Unstim,4,-0.705,0.705,0.2213
IL1B,Trimethyl (K),P3C4 / Unstim,2,2.905,2.905,0.2227
HSP90AA1,Nitrosyl,LPS+Nigericin / LPS,4,-1.903,2.159,0.2245
HSP90AB1,Trimethyl (K),LPS+Nigericin / Unstim,2,0.482,0.482,0.2293
HSP90AB1,Crotonyl,P3C4+Nigericin / Unstim,3,-1.382,1.382,0.2302
HSP90AB1,Acetyl (K),LPS / Unstim,2,-0.39,0.39,0.2419
HSP90AB1,Crotonyl,P3C4+Nigericin / P3C4,3,-1.519,1.519,0.2438
HSPA8,Crotonyl,P3C4+Nigericin / Unstim,3,1.969,2.421,0.245
HSP90AA1,Sulfo (STY),P3C4+Nigericin / Unstim,1,-0.902,0.902,0.2498
HSPA8,Sulfo (STY),P3C4+Nigericin / Unstim,6,1.313,1.73,0.2513
HSPA8,Oxidation (W),P3C4+Nigericin / P3C4,1,-0.552,0.552,0.2559
HSPA8,HexNAc (ST),P3C4 / Unstim,4,3.771,3.771,0.265
HSP90AA1,Sulfo (STY),P3C4+Nigericin / P3C4,1,-1.037,1.037,0.2664
HSP90AB1,GlyGly (K),LPS+Nigericin / Unstim,2,-0.759,2.096,0.2713
HSP90AB1,Crotonyl,LPS+Nigericin / LPS,3,-0.58,0.58,0.2722
IL1B,Nitrosyl,LPS+Nigericin / LPS,1,-0.957,0.957,0.2811
HSPA8,Trimethyl (K),LPS / Unstim,3,-0.201,0.379,0.2814
PPP2CA,Trimethyl (K),P3C4+Nigericin / Unstim,1,-0.942,0.942,0.2833
HSP90AB1,Acetyl (K),LPS+Nigericin / Unstim,2,-0.905,0.905,0.2836
PYCARD,Sulfo (STY),LPS+Nigericin / LPS,1,-1.156,1.156,0.285
HSP90AB1,Oxidation (W),LPS+Nigericin / LPS,2,-0.625,0.625,0.2907
HSP90AB1,Myristoyl,P3C4 / Unstim,1,-0.304,0.304,0.2915
PPP2CA,Trimethyl (K),LPS / Unstim,1,-0.914,0.914,0.2915
HSP90AA1,GlyGly (K),LPS / Unstim,5,-0.534,4.073,0.2917
HSPA8,Acetyl (K),P3C4+Nigericin / P3C4,2,0.646,6.324,0.2922
HSPA8,Acetyl (K),P3C4 / Unstim,4,-2.771,5.561,0.2927
HSPA8,Myristoyl,LPS+Nigericin / Unstim,2,-0.408,0.408,0.2953
IL1B,Phospho (STY),LPS+Nigericin / Unstim,1,1.371,1.371,0.3065
IL1B,Trimethyl (K),P3C4+Nigericin / Unstim,2,2.381,2.699,0.3081
HSPA8,Oxidation (W),P3C4+Nigericin / Unstim,1,-0.476,0.476,0.3094
PYCARD,Trimethyl (K),LPS+Nigericin / LPS,1,-0.729,0.729,0.3243
IL1B,Phospho (STY),LPS+Nigericin / LPS,1,-0.961,0.961,0.3271
HSP90AA1,Phospho (STY),P3C4+Nigericin / Unstim,1,-0.613,0.613,0.3348
PPP2CA,Trimethyl (K),LPS+Nigericin / LPS,1,0.515,0.515,0.3366
HSP90AA1,Nitrosyl,P3C4 / Unstim,3,-0.445,0.495,0.3415
HSP90AB1,GlyGly (K),P3C4+Nigericin / Unstim,2,-1.716,1.998,0.3427
HSPA8,Myristoyl,P3C4 / Unstim,2,0.094,0.094,0.3429
HSPA8,Phospho (STY),LPS+Nigericin / Unstim,4,-0.608,0.608,0.3434
HSP90AA1,Sulfo (STY),LPS / Unstim,3,-1.819,1.819,0.3438
HSP90AB1,Trimethyl (K),P3C4+Nigericin / Unstim,2,1.561,1.561,0.3455
PYCARD,Sulfo (STY),P3C4+Nigericin / Unstim,1,1.467,1.467,0.3467
HSPA8,Phospho (STY),LPS / Unstim,4,-0.687,0.687,0.3484
HSP90AB1,Nitrosyl,LPS / Unstim,4,2.524,2.825,0.3542
GSDMD,Oxidation (W),LPS+Nigericin / LPS,1,-0.666,0.666,0.3639
HSP90AB1,GlyGly (K),P3C4 / Unstim,2,-0.413,1.878,0.3649
HSP90AA1,Trimethyl (K),LPS+Nigericin / Unstim,1,-0.482,0.482,0.3669
HSP90AA1,Trimethyl (K),P3C4 / Unstim,1,0.189,0.189,0.3681
HSP90AB1,GlyGly (K),LPS / Unstim,2,-1.194,1.476,0.3774
HSPA8,Myristoyl,LPS+Nigericin / LPS,3,-0.225,0.225,0.3791
HSP90AB1,Crotonyl,LPS / Unstim,3,0.096,0.489,0.3809
HSP90AB1,Trimethyl (K),P3C4+Nigericin / P3C4,2,1.314,1.314,0.3839
HSPA8,Acetyl (K),LPS+Nigericin / Unstim,3,-0.875,3.157,0.3848
HSPA8,GlyGly (K),P3C4 / Unstim,2,0.722,0.722,0.3875
PYCARD,Phospho (STY),P3C4+Nigericin / P3C4,1,-1.367,1.367,0.3893
PYCARD,Trimethyl (K),P3C4 / Unstim,1,1.221,1.221,0.3944
HSPA8,Trimethyl (K),P3C4 / Unstim,2,0.306,0.394,0.3949
HSP90AA1,Hex (K),LPS+Nigericin / Unstim,2,-1.602,8.203,0.3956
HSPA8,Crotonyl,P3C4+Nigericin / P3C4,3,-3.803,3.803,0.4004
HSP90AB1,GlyGly (K),LPS+Nigericin / LPS,2,0.435,0.62,0.4039
PYCARD,Phospho (STY),P3C4 / Unstim,1,1.1,1.1,0.4126
HSPA8,GlyGly (K),LPS+Nigericin / LPS,2,-0.073,0.604,0.4181
HSPA8,Hex (K),P3C4 / Unstim,7,1.2,1.404,0.4199
GSDMD,Oxidation (W),P3C4 / Unstim,1,-4.723,4.723,0.4206
IL1B,Acetyl (K),LPS+Nigericin / Unstim,1,-5.942,5.942,0.4206
HSP90AA1,Hex (K),P3C4+Nigericin / P3C4,2,2.594,2.594,0.4217
HSPA8,Trimethyl (K),LPS+Nigericin / Unstim,3,-0.558,0.558,0.4217
GSDMD,Oxidation (W),P3C4+Nigericin / P3C4,1,4.338,4.338,0.4219
HSP90AB1,Hex (K),P3C4+Nigericin / P3C4,1,8.472,8.472,0.422
HSPA8,Crotonyl,P3C4 / Unstim,3,5.771,5.771,0.4222
HSP90AB1,Hex (K),LPS / Unstim,1,-10.165,10.165,0.4226
HSP90AB1,Hex (K),P3C4 / Unstim,1,-10.001,10.001,0.4226
HSP90AB1,Phospho (STY),LPS / Unstim,1,10.709,10.709,0.4226
HSP90AA1,Hex (K),LPS / Unstim,3,-1.355,6.091,0.4227
HSP90AB1,Hex (K),LPS+Nigericin / Unstim,1,-9.577,9.577,0.4227
HSP90AA1,Hex (K),P3C4 / Unstim,3,-5.629,5.629,0.4228
HSP90AA1,Hex (K),P3C4+Nigericin / Unstim,2,-5.841,5.841,0.4228
HSPA8,Hex (K),P3C4+Nigericin / P3C4,7,-0.632,1.512,0.4231
HSPA8,HexNAc (ST),P3C4+Nigericin / P3C4,4,-1.811,1.811,0.4231
HSP90AB1,Nitrosyl,P3C4 / Unstim,4,3.14,3.14,0.4237
HSP90AB1,Myristoyl,P3C4+Nigericin / P3C4,1,6.122,6.122,0.4239
HSP90AB1,HexNAc (ST),LPS+Nigericin / Unstim,1,0.415,0.415,0.4244
HSPA8,Acetyl (K),LPS+Nigericin / LPS,2,-2.166,3.416,0.4245
HSP90AB1,Myristoyl,P3C4+Nigericin / Unstim,1,5.818,5.818,0.4252
IL1B,Myristoyl,LPS+Nigericin / Unstim,1,0.893,0.893,0.4385
HSPA8,Trimethyl (K),P3C4+Nigericin / Unstim,3,-0.454,0.541,0.4386
HSP90AA1,Sulfo (STY),LPS+Nigericin / Unstim,2,-0.713,0.713,0.4448
HSPA8,Phospho (STY),P3C4+Nigericin / Unstim,4,0.439,1.003,0.4471
HSP90AB1,HexNAc (ST),P3C4 / Unstim,1,-0.543,0.543,0.4521
GSDMD,Nitrosyl,P3C4+Nigericin / Unstim,2,-0.13,0.359,0.4582
HSPA8,GlyGly (K),P3C4+Nigericin / P3C4,2,-0.711,0.711,0.4608
HSPA8,Acetyl (K),LPS / Unstim,3,0.368,1.001,0.4609
HSPA8,Crotonyl,LPS / Unstim,3,0.07,0.281,0.4664
PYCARD,Trimethyl (K),LPS+Nigericin / Unstim,1,0.921,0.921,0.4674
IL1B,Sulfo (STY),LPS+Nigericin / Unstim,5,0.615,0.615,0.4677
HSP90AA1,Trimethyl (K),LPS / Unstim,2,-0.358,0.358,0.4709
HSPA8,Oxidation (W),LPS+Nigericin / Unstim,1,-0.329,0.329,0.4731
CASP1,Nitrosyl,LPS+Nigericin / Unstim,1,-1.341,1.341,0.4779
HSPA8,Phospho (STY),P3C4 / Unstim,4,-0.09,0.377,0.4796
HSPA8,Phospho (STY),LPS+Nigericin / LPS,4,0.079,0.214,0.4845
HSPA8,GlyGly (K),LPS+Nigericin / Unstim,2,0.629,0.673,0.4974
HSPA8,HexNAc (ST),P3C4+Nigericin / Unstim,4,1.96,1.96,0.4991
PYCARD,Phospho (STY),LPS+Nigericin / LPS,1,1.004,1.004,0.5152
PYCARD,Sulfo (STY),LPS+Nigericin / Unstim,1,0.98,0.98,0.5221
HSP90AB1,Sulfo (STY),P3C4 / Unstim,1,0.19,0.19,0.5261
IL1B,Trimethyl (K),LPS / Unstim,2,1.376,1.376,0.5262
HSP90AA1,Phospho (STY),LPS / Unstim,1,0.213,0.213,0.5376
HSP90AB1,Acetyl (K),P3C4 / Unstim,2,0.446,0.508,0.5441
HSP90AA1,Sulfo (STY),LPS+Nigericin / LPS,2,-0.584,0.584,0.5447
PPP2CA,Trimethyl (K),P3C4 / Unstim,1,-0.397,0.397,0.5527
GSDMD,Oxidation (W),LPS+Nigericin / Unstim,1,0.899,0.899,0.5539
PPP2CA,Trimethyl (K),LPS+Nigericin / Unstim,1,-0.399,0.399,0.5627
PYCARD,Phospho (STY),LPS+Nigericin / Unstim,1,0.668,0.668,0.5761
HSP90AB1,Phospho (STY),P3C4 / Unstim,1,-0.35,0.35,0.5768
GSDMD,Nitrosyl,P3C4 / Unstim,2,-0.215,0.36,0.5783
HSP90AB1,Hex (K),P3C4+Nigericin / Unstim,1,-1.529,1.529,0.5886
CASP1,Nitrosyl,P3C4+Nigericin / P3C4,1,-0.854,0.854,0.5895
HSP90AA1,Hex (K),LPS+Nigericin / LPS,2,-0.351,0.351,0.5964
HSP90AB1,Crotonyl,P3C4 / Unstim,3,0.137,0.367,0.599
PYCARD,Sulfo (STY),P3C4+Nigericin / P3C4,1,-0.472,0.472,0.6015
HSP90AB1,Myristoyl,LPS+Nigericin / LPS,1,-0.228,0.228,0.6217
HSP90AB1,Trimethyl (K),P3C4 / Unstim,2,0.247,0.247,0.6259
CASP1,Nitrosyl,P3C4 / Unstim,1,0.627,0.627,0.6398
GSDMD,Nitrosyl,LPS+Nigericin / LPS,2,0.546,0.546,0.6544
HSPA8,Oxidation (W),LPS / Unstim,1,-0.166,0.166,0.6644
HSP90AB1,Sulfo (STY),LPS+Nigericin / Unstim,1,-0.256,0.256,0.6657
IL1B,Nitrosyl,LPS+Nigericin / Unstim,1,0.562,0.562,0.6676
HSP90AB1,Myristoyl,LPS+Nigericin / Unstim,1,-0.189,0.189,0.6752
CASP1,Nitrosyl,LPS+Nigericin / LPS,1,-0.949,0.949,0.6781
HSPA8,GlyGly (K),P3C4+Nigericin / Unstim,2,0.01,0.431,0.6794
IL1B,GlyGly (K),LPS+Nigericin / LPS,1,0.726,0.726,0.6807
IL1B,Hex (K),LPS+Nigericin / LPS,1,0.726,0.726,0.6807
HSP90AB1,Acetyl (K),LPS+Nigericin / LPS,2,-0.515,0.515,0.6867
HSPA8,Nitrosyl,LPS+Nigericin / Unstim,1,-0.711,0.711,0.6894
IL1B,Myristoyl,P3C4+Nigericin / Unstim,1,-0.319,0.319,0.6904
HSP90AA1,Acetyl (K),LPS+Nigericin / Unstim,1,-0.866,0.866,0.7174
HSP90AA1,Trimethyl (K),LPS+Nigericin / LPS,1,-0.207,0.207,0.7348
HSP90AA1,Acetyl (K),P3C4+Nigericin / Unstim,1,0.519,0.519,0.744
IL1B,GlyGly (K),P3C4+Nigericin / Unstim,1,-0.368,0.368,0.7554
HSPA8,Oxidation (W),LPS+Nigericin / LPS,1,-0.163,0.163,0.763
HSPA8,Acetyl (K),P3C4+Nigericin / Unstim,2,0.313,0.412,0.7663
HSP90AB1,Oxidation (W),P3C4 / Unstim,2,-0.024,0.071,0.7748
HSP90AA1,Acetyl (K),LPS+Nigericin / LPS,1,-0.639,0.639,0.7804
HSPA8,Oxidation (W),P3C4 / Unstim,1,0.076,0.076,0.7891
IL1B,GlyGly (K),LPS / Unstim,1,-0.419,0.419,0.7948
IL1B,Hex (K),LPS / Unstim,1,-0.419,0.419,0.7948
IL1B,GlyGly (K),LPS+Nigericin / Unstim,1,0.307,0.307,0.8191
IL1B,Hex (K),LPS+Nigericin / Unstim,1,0.307,0.307,0.8191
GSDMD,Nitrosyl,P3C4+Nigericin / P3C4,2,0.085,0.085,0.8193
IL1B,Hex (K),P3C4+Nigericin / Unstim,1,0.213,0.213,0.8201
CASP1,Nitrosyl,LPS / Unstim,1,-0.391,0.391,0.8271
HSP90AA1,HexNAc (ST),LPS / Unstim,1,0.341,0.341,0.8345
HSP90AA1,HexNAc (ST),P3C4+Nigericin / P3C4,1,-0.089,0.089,0.8357
PYCARD,Phospho (STY),LPS / Unstim,1,-0.337,0.337,0.8367
GSDMD,Oxidation (W),P3C4+Nigericin / Unstim,1,-0.385,0.385,0.8555
HSPA8,Nitrosyl,P3C4+Nigericin / P3C4,1,-0.369,0.369,0.8624
HSP90AB1,Myristoyl,LPS / Unstim,1,0.039,0.039,0.8644
PYCARD,Phospho (STY),P3C4+Nigericin / Unstim,1,-0.267,0.267,0.8704
HSP90AB1,Phospho (STY),LPS+Nigericin / LPS,1,0.236,0.236,0.8878
HSPA8,Nitrosyl,P3C4+Nigericin / Unstim,1,-0.269,0.269,0.889
HSP90AA1,Oxidation (W),P3C4 / Unstim,1,0.02,0.02,0.8909
IL1B,Acetyl (K),P3C4+Nigericin / Unstim,1,-0.276,0.276,0.8978
CASP1,Nitrosyl,P3C4+Nigericin / Unstim,1,-0.227,0.227,0.9003
HSP90AA1,Oxidation (W),LPS+Nigericin / LPS,1,-0.056,0.056,0.9098
HSP90AA1,HexNAc (ST),P3C4+Nigericin / Unstim,1,-0.21,0.21,0.9142
HSP90AA1,Acetyl (K),LPS / Unstim,1,-0.227,0.227,0.917
IL1B,Phospho (STY),P3C4+Nigericin / Unstim,1,-0.079,0.079,0.9208
HSP90AA1,HexNAc (ST),P3C4 / Unstim,1,-0.121,0.121,0.9491
HSPA8,Nitrosyl,P3C4 / Unstim,1,0.1,0.1,0.9591
HSP90AA1,Nitrosyl,LPS+Nigericin / Unstim,4,-2.608,2.608,9e-04
