Comparison (group1/group2),Group,ProteinGroups,PTM.ModificationTitle,AVG Log2 Ratio,Absolute AVG Log2 Ratio,Pvalue,Qvalue,# of Ratios,UniProtIds,Genes,ProteinDescriptions,ProteinNames,# Unique Total Peptides,% Change,Ratio,Condition Numerator,Condition Denominator,GO Cellular Component,GO Molecular Function,GO Biological Process
P3C4 / Nigericin,P01584_K171_M1_17,P01584,GlyGly (K),3.4333642472991506,3.4333642472991506,0.0115566076448833,0.45813855471559,6,P01584,IL1B,Interleukin-1 beta,IL1B_HUMAN,27,980.3031053439652,10.803031053439652,P3C4,Nigericin,,,
P3C4 / P3C4+Nigericin,P01584_K171_M1_17,P01584,GlyGly (K),2.773050339056311,2.773050339056311,0.0120003765007792,0.4595255440017556,6,P01584,IL1B,Interleukin-1 beta,IL1B_HUMAN,27,583.5516430359161,6.835516430359161,P3C4,P3C4+Nigericin,,,
P3C4 / LPS,P01584_K171_M1_17,P01584,GlyGly (K),2.8243807399540874,2.8243807399540874,0.0129086758584526,0.4642876905202741,6,P01584,IL1B,Interleukin-1 beta,IL1B_HUMAN,27,608.3099162378954,7.0830991623789545,P3C4,LPS,,,
Unstim / P3C4,P01584_K171_M1_17,P01584,GlyGly (K),-2.4054432386713795,2.4054432386713795,0.0129908998287327,0.4643998354036648,6,P01584,IL1B,Interleukin-1 beta,IL1B_HUMAN,27,-81.1248925637425,0.1887510743625749,Unstim,P3C4,,,
P3C4 / LPS+Nigericin,P01584_K171_M1_17,P01584,GlyGly (K),2.097994001533729,2.097994001533729,0.0222235796481953,0.4866233411050423,6,P01584,IL1B,Interleukin-1 beta,IL1B_HUMAN,27,328.11369934725485,4.281136993472549,P3C4,LPS+Nigericin,,,
Unstim / P3C4,P01584_S35_M1_28,P01584,Phospho (STY),-2.7147054966920545,2.7147054966920545,0.0390532724903587,0.5129747065134244,6,P01584,IL1B,Interleukin-1 beta,IL1B_HUMAN,27,-84.76676239760836,0.1523323760239163,Unstim,P3C4,,,
P3C4 / Nigericin,P01584_S35_M1_28,P01584,Phospho (STY),3.222273210951204,3.222273210951204,0.0436190846944777,0.5189622251387548,6,P01584,IL1B,Interleukin-1 beta,IL1B_HUMAN,27,833.2562148666095,9.332562148666096,P3C4,Nigericin,,,
P3C4 / P3C4+Nigericin,P01584_S35_M1_28,P01584,Phospho (STY),2.7938827454311346,2.7938827454311346,0.0442936783338055,0.5200319768250363,6,P01584,IL1B,Interleukin-1 beta,IL1B_HUMAN,27,593.4936850481796,6.934936850481796,P3C4,P3C4+Nigericin,,,
Unstim / Nigericin,Q9ULZ3_T16_M1_28,Q9ULZ3,Phospho (STY),-1.565298579358681,1.565298579358681,0.0453975564323685,0.5213352651567456,6,Q9ULZ3,PYCARD,Apoptosis-associated speck-like protein containing a CARD,ASC_HUMAN,26,-66.20922321827526,0.3379077678172474,Unstim,Nigericin,,,
P3C4 / LPS+Nigericin,P01584_S35_M1_28,P01584,Phospho (STY),1.3435500706046928,1.3435500706046928,0.0850124505915689,0.557158461868193,6,P01584,IL1B,Interleukin-1 beta,IL1B_HUMAN,27,153.77502073300082,2.537750207330008,P3C4,LPS+Nigericin,,,
LPS / Nigericin,Q9ULZ3_T16_M1_28,Q9ULZ3,Phospho (STY),-1.9018694489199977,1.9018694489199977,0.097043946748725,0.5660112777238523,6,Q9ULZ3,PYCARD,Apoptosis-associated speck-like protein containing a CARD,ASC_HUMAN,26,-73.24036113938905,0.2675963886061094,LPS,Nigericin,,,
P3C4+Nigericin / Nigericin,Q9ULZ3_T16_M1_28,Q9ULZ3,Phospho (STY),-1.8325499172401647,1.8325499172401647,0.1084125487685935,0.5735157932997453,6,Q9ULZ3,PYCARD,Apoptosis-associated speck-like protein containing a CARD,ASC_HUMAN,26,-71.9232065961378,0.280767934038622,P3C4+Nigericin,Nigericin,,,
LPS / Nigericin,P01584_S35_M1_28,P01584,Phospho (STY),2.8401999718441098,2.8401999718441098,0.1369639262457744,0.5890593657087282,6,P01584,IL1B,Interleukin-1 beta,IL1B_HUMAN,27,616.1193111037763,7.161193111037763,LPS,Nigericin,,,
Unstim / LPS,P01584_S35_M1_28,P01584,Phospho (STY),-2.3326322575849603,2.3326322575849603,0.1480873813441981,0.5952115613421851,6,P01584,IL1B,Interleukin-1 beta,IL1B_HUMAN,27,-80.14784206411166,0.1985215793588833,Unstim,LPS,,,
P3C4+Nigericin / LPS,P01584_S35_M1_28,P01584,Phospho (STY),-2.4118095063240403,2.4118095063240403,0.1485675184023387,0.5953706923730773,6,P01584,IL1B,Interleukin-1 beta,IL1B_HUMAN,27,-81.20800038945862,0.1879199961054139,P3C4+Nigericin,LPS,,,
P3C4 / LPS+Nigericin,P01584_K171_M1_0,P01584,Acetyl (K),9.906497358753892,9.906497358753892,0.1847362750925454,0.6031214806499193,6,P01584,IL1B,Interleukin-1 beta,IL1B_HUMAN,27,95873.83674819463,959.7383674819464,P3C4,LPS+Nigericin,,,
P3C4 / Nigericin,P01584_K171_M1_0,P01584,Acetyl (K),9.560129430191624,9.560129430191624,0.1848136352061875,0.6031214806499193,6,P01584,IL1B,Interleukin-1 beta,IL1B_HUMAN,27,75389.3560866269,754.8935608662689,P3C4,Nigericin,,,
LPS / LPS+Nigericin,P01584_K171_M1_0,P01584,Acetyl (K),9.59403724648737,9.59403724648737,0.1858194794086125,0.6031214806499193,6,P01584,IL1B,Interleukin-1 beta,IL1B_HUMAN,27,77184.60484214783,772.8460484214784,LPS,LPS+Nigericin,,,
LPS / Nigericin,P01584_K171_M1_0,P01584,Acetyl (K),9.2476693179251,9.2476693179251,0.185915943640995,0.6031214806499193,6,P01584,IL1B,Interleukin-1 beta,IL1B_HUMAN,27,60689.11974989781,607.891197498978,LPS,Nigericin,,,
P3C4 / P3C4+Nigericin,P01584_K171_M1_0,P01584,Acetyl (K),4.240805027964427,4.240805027964427,0.1985562336814614,0.6032029938818528,6,P01584,IL1B,Interleukin-1 beta,IL1B_HUMAN,27,1790.6429481794269,18.90642948179427,P3C4,P3C4+Nigericin,,,
Unstim / P3C4,P01584_K171_M1_0,P01584,Acetyl (K),-3.964328619121188,3.964328619121188,0.2015381391099349,0.6035264482841819,6,P01584,IL1B,Interleukin-1 beta,IL1B_HUMAN,27,-93.59353920212712,0.0640646079787288,Unstim,P3C4,,,
P3C4+Nigericin / LPS,P01584_K171_M1_0,P01584,Acetyl (K),-3.9283449156979056,3.9283449156979056,0.2030549228334462,0.6036280000612558,6,P01584,IL1B,Interleukin-1 beta,IL1B_HUMAN,27,-93.43173982812456,0.0656826017187544,P3C4+Nigericin,LPS,,,
Unstim / LPS,P01584_K171_M1_0,P01584,Acetyl (K),-3.651868506854668,3.651868506854668,0.2068419177311634,0.604316063081654,6,P01584,IL1B,Interleukin-1 beta,IL1B_HUMAN,27,-92.04430657302856,0.0795569342697144,Unstim,LPS,,,
LPS+Nigericin / Nigericin,Q9ULZ3_T16_M1_28,Q9ULZ3,Phospho (STY),-0.897475283391007,0.897475283391007,0.2233685843188745,0.6079939594023219,6,Q9ULZ3,PYCARD,Apoptosis-associated speck-like protein containing a CARD,ASC_HUMAN,26,-46.31746457897427,0.5368253542102573,LPS+Nigericin,Nigericin,,,
LPS+Nigericin / Nigericin,P01584_S35_M1_28,P01584,Phospho (STY),1.8787231403465117,1.8787231403465117,0.2468028267641878,0.61423589543042,6,P01584,IL1B,Interleukin-1 beta,IL1B_HUMAN,27,267.749438920743,3.6774943892074297,LPS+Nigericin,Nigericin,,,
P3C4+Nigericin / LPS+Nigericin,P01584_S35_M1_28,P01584,Phospho (STY),-1.4503326748264422,1.4503326748264422,0.2935036571608949,0.6316666926773726,6,P01584,IL1B,Interleukin-1 beta,IL1B_HUMAN,27,-63.40629681215192,0.3659370318784808,P3C4+Nigericin,LPS+Nigericin,,,
Unstim / LPS+Nigericin,P01584_S35_M1_28,P01584,Phospho (STY),-1.371155426087362,1.371155426087362,0.3065110639194713,0.6339725372541863,6,P01584,IL1B,Interleukin-1 beta,IL1B_HUMAN,27,-61.34184811622336,0.3865815188377663,Unstim,LPS+Nigericin,,,
LPS / LPS+Nigericin,P01584_S35_M1_28,P01584,Phospho (STY),0.9614768314975984,0.9614768314975984,0.3270727541732736,0.6339725372541863,6,P01584,IL1B,Interleukin-1 beta,IL1B_HUMAN,27,94.73022534185664,1.9473022534185664,LPS,LPS+Nigericin,,,
P3C4 / LPS,Q9ULZ3_T16_M1_28,Q9ULZ3,Phospho (STY),1.436155631296326,1.436155631296326,0.3723059910277101,0.6339725372541863,6,Q9ULZ3,PYCARD,Apoptosis-associated speck-like protein containing a CARD,ASC_HUMAN,26,170.59883559169302,2.70598835591693,P3C4,LPS,,,
P3C4 / P3C4+Nigericin,Q9ULZ3_T16_M1_28,Q9ULZ3,Phospho (STY),1.3668360996164926,1.3668360996164926,0.3892707430855838,0.6339725372541863,6,Q9ULZ3,PYCARD,Apoptosis-associated speck-like protein containing a CARD,ASC_HUMAN,26,157.904348704559,2.57904348704559,P3C4,P3C4+Nigericin,,,
Unstim / P3C4,Q9ULZ3_T16_M1_28,Q9ULZ3,Phospho (STY),-1.0995847617350096,1.0995847617350096,0.4125578375758155,0.6339725372541863,6,Q9ULZ3,PYCARD,Apoptosis-associated speck-like protein containing a CARD,ASC_HUMAN,26,-53.3349211553523,0.466650788446477,Unstim,P3C4,,,
Unstim / LPS+Nigericin,P01584_K171_M1_0,P01584,Acetyl (K),5.942168739632703,5.942168739632703,0.4205709349223258,0.6339725372541863,6,P01584,IL1B,Interleukin-1 beta,IL1B_HUMAN,27,6048.526227487607,61.485262274876064,Unstim,LPS+Nigericin,,,
Unstim / Nigericin,P01584_K171_M1_0,P01584,Acetyl (K),5.595800811070434,5.595800811070434,0.4223018738534112,0.6339725372541863,6,P01584,IL1B,Interleukin-1 beta,IL1B_HUMAN,27,4736.196004256416,48.36196004256416,Unstim,Nigericin,,,
P3C4+Nigericin / LPS+Nigericin,P01584_K171_M1_0,P01584,Acetyl (K),5.665692330789464,5.665692330789464,0.4240831631729306,0.6339725372541863,6,P01584,IL1B,Interleukin-1 beta,IL1B_HUMAN,27,4976.253918838116,50.76253918838116,P3C4+Nigericin,LPS+Nigericin,,,
P3C4+Nigericin / Nigericin,P01584_K171_M1_0,P01584,Acetyl (K),5.319324402227195,5.319324402227195,0.4261881784704839,0.6339725372541863,6,P01584,IL1B,Interleukin-1 beta,IL1B_HUMAN,27,3892.787541366206,39.92787541366206,P3C4+Nigericin,Nigericin,,,
Unstim / Nigericin,P01584_K171_M1_17,P01584,GlyGly (K),1.0279210086277708,1.0279210086277708,0.4691616445436908,0.641571399559909,6,P01584,IL1B,Interleukin-1 beta,IL1B_HUMAN,27,103.90837177089938,2.0390837177089938,Unstim,Nigericin,,,
LPS+Nigericin / Nigericin,P01584_K171_M1_17,P01584,GlyGly (K),1.335370245765421,1.335370245765421,0.4713101608798923,0.6421663550039028,6,P01584,IL1B,Interleukin-1 beta,IL1B_HUMAN,27,152.3402327445031,2.523402327445031,LPS+Nigericin,Nigericin,,,
P3C4+Nigericin / Nigericin,P01584_S35_M1_28,P01584,Phospho (STY),0.4283904655200692,0.4283904655200692,0.4719817572328805,0.6423710672116103,6,P01584,IL1B,Interleukin-1 beta,IL1B_HUMAN,27,34.573138153633344,1.3457313815363334,P3C4+Nigericin,Nigericin,,,
LPS / LPS+Nigericin,Q9ULZ3_T16_M1_28,Q9ULZ3,Phospho (STY),-1.0043941655289907,1.0043941655289907,0.5151574554543541,0.6472892759259324,6,Q9ULZ3,PYCARD,Apoptosis-associated speck-like protein containing a CARD,ASC_HUMAN,26,-50.15205848468543,0.4984794151531457,LPS,LPS+Nigericin,,,
LPS+Nigericin / Nigericin,P01584_K171_M1_0,P01584,Acetyl (K),-0.3463679285622692,0.3463679285622692,0.5278896721938258,0.6511653756920305,6,P01584,IL1B,Interleukin-1 beta,IL1B_HUMAN,27,-21.34381760240828,0.7865618239759172,LPS+Nigericin,Nigericin,,,
P3C4 / Nigericin,Q9ULZ3_T16_M1_28,Q9ULZ3,Phospho (STY),-0.465713817623672,0.465713817623672,0.5308176450577482,0.6521700920304437,6,Q9ULZ3,PYCARD,Apoptosis-associated speck-like protein containing a CARD,ASC_HUMAN,26,-27.588728834644616,0.7241127116535538,P3C4,Nigericin,,,
P3C4 / LPS,P01584_S35_M1_28,P01584,Phospho (STY),0.3820732391070943,0.3820732391070943,0.532320323647512,0.6527240085372593,6,P01584,IL1B,Interleukin-1 beta,IL1B_HUMAN,27,30.321330593383067,1.303213305933831,P3C4,LPS,,,
P3C4+Nigericin / LPS+Nigericin,Q9ULZ3_T16_M1_28,Q9ULZ3,Phospho (STY),-0.9350746338491572,0.9350746338491572,0.5419156659849274,0.6558437672411638,6,Q9ULZ3,PYCARD,Apoptosis-associated speck-like protein containing a CARD,ASC_HUMAN,26,-47.69845875635483,0.5230154124364517,P3C4+Nigericin,LPS+Nigericin,,,
Unstim / Nigericin,P01584_S35_M1_28,P01584,Phospho (STY),0.5075677142591496,0.5075677142591496,0.5666312916813457,0.6640652055953543,6,P01584,IL1B,Interleukin-1 beta,IL1B_HUMAN,27,42.16513664971722,1.4216513664971722,Unstim,Nigericin,,,
Unstim / LPS+Nigericin,Q9ULZ3_T16_M1_28,Q9ULZ3,Phospho (STY),-0.6678232959676745,0.6678232959676745,0.576111202915567,0.6671480464855905,6,Q9ULZ3,PYCARD,Apoptosis-associated speck-like protein containing a CARD,ASC_HUMAN,26,-37.05443210402098,0.6294556789597902,Unstim,LPS+Nigericin,,,
P3C4+Nigericin / LPS+Nigericin,P01584_K171_M1_17,P01584,GlyGly (K),-0.6750563375225819,0.6750563375225819,0.6523510467460667,0.6920659033641784,6,P01584,IL1B,Interleukin-1 beta,IL1B_HUMAN,27,-37.36922386056494,0.6263077613943506,P3C4+Nigericin,LPS+Nigericin,,,
P3C4+Nigericin / Nigericin,P01584_K171_M1_17,P01584,GlyGly (K),0.6603139082428395,0.6603139082428395,0.6535777709676749,0.6924563946376897,6,P01584,IL1B,Interleukin-1 beta,IL1B_HUMAN,27,58.04264627993916,1.5804264627993916,P3C4+Nigericin,Nigericin,,,
LPS / LPS+Nigericin,P01584_K171_M1_17,P01584,GlyGly (K),-0.7263867384203582,0.7263867384203582,0.6806957754177942,0.7008860184979908,6,P01584,IL1B,Interleukin-1 beta,IL1B_HUMAN,27,-39.55842075159271,0.6044157924840728,LPS,LPS+Nigericin,,,
P3C4 / LPS+Nigericin,Q9ULZ3_T16_M1_28,Q9ULZ3,Phospho (STY),0.4317614657673352,0.4317614657673352,0.7025350653919326,0.7076669339528878,6,Q9ULZ3,PYCARD,Apoptosis-associated speck-like protein containing a CARD,ASC_HUMAN,26,34.88794930686938,1.3488794930686938,P3C4,LPS+Nigericin,,,
Unstim / P3C4+Nigericin,P01584_K171_M1_17,P01584,GlyGly (K),0.3676071003849316,0.3676071003849316,0.7554341706759268,0.7234855690398719,6,P01584,IL1B,Interleukin-1 beta,IL1B_HUMAN,27,29.021107005332468,1.2902110700533247,Unstim,P3C4+Nigericin,,,
LPS / Nigericin,P01584_K171_M1_17,P01584,GlyGly (K),0.6089835073450631,0.6089835073450631,0.778193647490428,0.7300240079649715,6,P01584,IL1B,Interleukin-1 beta,IL1B_HUMAN,27,52.51842174988424,1.5251842174988424,LPS,Nigericin,,,
P3C4 / LPS,P01584_K171_M1_0,P01584,Acetyl (K),0.3124601122665213,0.3124601122665213,0.7784390737351711,0.7300906059823097,6,P01584,IL1B,Interleukin-1 beta,IL1B_HUMAN,27,24.182347757640965,1.2418234775764097,P3C4,LPS,,,
Unstim / LPS,P01584_K171_M1_17,P01584,GlyGly (K),0.4189375012827078,0.4189375012827078,0.7948434800707923,0.7345138727339819,6,P01584,IL1B,Interleukin-1 beta,IL1B_HUMAN,27,33.69425767156822,1.3369425767156822,Unstim,LPS,,,
Unstim / LPS+Nigericin,P01584_K171_M1_17,P01584,GlyGly (K),-0.3074492371376502,0.3074492371376502,0.8191105712251856,0.741285062925116,6,P01584,IL1B,Interleukin-1 beta,IL1B_HUMAN,27,-19.19307929886925,0.8080692070113075,Unstim,LPS+Nigericin,,,
Unstim / LPS,Q9ULZ3_T16_M1_28,Q9ULZ3,Phospho (STY),0.3365708695613163,0.3365708695613163,0.8366730539344376,0.745922971136156,6,Q9ULZ3,PYCARD,Apoptosis-associated speck-like protein containing a CARD,ASC_HUMAN,26,26.27515998156216,1.2627515998156216,Unstim,LPS,,,
