Comparison (group1/group2),PTM.ModificationTitle,rows_total,rows_candidate,candidate_frac,median_abs_log2,median_p,median_ratios
P3C4 / P3C4+Nigericin,Carbamidomethyl (C),14170,4980,0.3514467184191955,0.923293683262066,0.08638314727179805,6.0
Unstim / P3C4+Nigericin,Carbamidomethyl (C),15600,3616,0.2317948717948718,1.0187360814088406,0.13131477049262505,6.0
P3C4+Nigericin / LPS,Carbamidomethyl (C),13279,3408,0.2566458317644401,0.799018064717685,0.1308171693707792,6.0
P3C4 / Nigericin,Carbamidomethyl (C),12858,3353,0.26077150412194744,0.7236652621081479,0.14266314488127466,6.0
LPS / Nigericin,Carbamidomethyl (C),12625,2756,0.2182970297029703,0.7060861897961027,0.1649464343074342,6.0
Unstim / Nigericin,Carbamidomethyl (C),12743,2228,0.1748410892254571,0.8026863969512086,0.1871193406518697,6.0
Unstim / LPS+Nigericin,Carbamidomethyl (C),13028,1196,0.09180227202947498,0.7397142396749854,0.22804982385012956,6.0
P3C4+Nigericin / Nigericin,Carbamidomethyl (C),12827,1109,0.08645825212442504,0.6101141657261048,0.214946633198209,6.0
P3C4 / LPS+Nigericin,Carbamidomethyl (C),12002,1090,0.09081819696717214,0.6618073591549303,0.204644546784412,6.0
Unstim / P3C4,Carbamidomethyl (C),9883,805,0.08145300010118385,0.5609871807783906,0.26861778211138,6.0
Unstim / LPS,Carbamidomethyl (C),11429,795,0.06955989150406859,0.6045464666061214,0.2436151125653493,6.0
LPS / LPS+Nigericin,Carbamidomethyl (C),11376,781,0.06865330520393811,0.6146717249049616,0.25217918051860166,6.0
P3C4 / Nigericin,Oxidation (M),4098,732,0.17862371888726208,0.8057359081522999,0.1788600162788374,6.0
P3C4 / P3C4+Nigericin,Didehydro,3173,724,0.22817522849038765,1.0859207286213444,0.1959794627487777,6.0
P3C4 / LPS,Carbamidomethyl (C),7929,627,0.07907680665909951,0.4852915766238278,0.2622768817297309,6.0
P3C4 / Nigericin,Didehydro,3162,617,0.19512966476913346,0.9422861728453817,0.221544169821394,6.0
LPS / Nigericin,Didehydro,3196,507,0.1586357947434293,0.8931378943135808,0.246981053355667,6.0
LPS / Nigericin,Oxidation (M),4035,490,0.12143742255266418,0.7987614944969041,0.2177421314087318,6.0
Unstim / P3C4+Nigericin,Didehydro,3341,482,0.144268183178689,1.0726226650858697,0.2397499643854758,6.0
P3C4 / P3C4+Nigericin,Oxidation (P),2181,468,0.21458046767537828,0.9444096055898492,0.1888006514302231,6.0
P3C4+Nigericin / LPS+Nigericin,Carbamidomethyl (C),12221,462,0.037803780378037805,0.5614209073911028,0.3110336502404734,6.0
P3C4 / P3C4+Nigericin,Methyl (E),2011,455,0.2262555942317255,1.0296883180759615,0.1862284757293433,6.0
P3C4+Nigericin / LPS,Didehydro,3117,449,0.14404876483798523,0.9544038584144864,0.2565441741016262,6.0
Unstim / Nigericin,Oxidation (M),4123,441,0.10696095076400679,0.804648457170599,0.2319237482306885,6.0
P3C4 / P3C4+Nigericin,Oxidation (M),3928,432,0.109979633401222,0.7370040270523461,0.2620275125368325,6.0
Unstim / Nigericin,Didehydro,3128,409,0.1307544757033248,0.9903157732752456,0.259399477369707,6.0
P3C4 / Nigericin,Oxidation (P),2049,404,0.19716935090287946,0.8612199836153552,0.2196256270078501,6.0
LPS / Nigericin,Oxidation (P),2050,363,0.1770731707317073,0.828768146392524,0.235335274936021,6.0
P3C4 / Nigericin,Methyl (E),1975,356,0.18025316455696203,0.9149397841181,0.2149541307067936,6.0
Unstim / P3C4+Nigericin,Oxidation (P),2228,348,0.1561938958707361,0.9290921123339846,0.23824498828230173,6.0
Unstim / P3C4+Nigericin,Oxidation (M),3908,335,0.08572159672466735,0.7625998588119258,0.287366134651563,6.0
Unstim / P3C4+Nigericin,Methyl (E),2082,314,0.15081652257444764,1.0525355634898577,0.21862366285426424,6.0
P3C4+Nigericin / LPS,Methyl (E),1957,285,0.14563106796116504,0.931216373757874,0.2404193425899516,6.0
LPS / Nigericin,Methyl (E),1967,284,0.1443823080833757,0.8995573398537955,0.2370472758577281,6.0
P3C4+Nigericin / LPS,Oxidation (P),2041,281,0.13767760901518863,0.8305035518799184,0.2306224185375907,6.0
Unstim / Nigericin,Oxidation (P),2045,276,0.1349633251833741,0.8671450255103388,0.2758030878926508,6.0
P3C4 / P3C4+Nigericin,Cation:Na (DE),1481,268,0.18095881161377447,1.067561505288794,0.2417996543731983,6.0
P3C4 / Nigericin,Cation:Na (DE),1480,257,0.17364864864864865,0.9592198537686452,0.2714653093775767,6.0
P3C4+Nigericin / LPS,Oxidation (M),3687,252,0.06834825061025224,0.6682032142024759,0.3303414415713918,6.0
Unstim / Nigericin,Methyl (E),1942,250,0.12873326467559218,0.965323826779139,0.25874654027041044,6.0
P3C4 / P3C4+Nigericin,Dimethyl (KR),1130,229,0.20265486725663717,1.1440814484262665,0.23208838692677553,6.0
P3C4 / Nigericin,Dimethyl (KR),1123,226,0.201246660730187,1.0437923728335408,0.2528415848476235,6.0
P3C4 / P3C4+Nigericin,Cation:Mg[II],1258,226,0.17965023847376788,1.0762476077275585,0.2383815641927325,6.0
LPS / Nigericin,Cation:Na (DE),1423,216,0.151791988756149,0.9168046020741484,0.2624009036077726,6.0
P3C4 / Nigericin,Cation:Mg[II],1212,208,0.1716171617161716,0.9740017655716489,0.25079536466603525,6.0
P3C4 / P3C4+Nigericin,Sulfo (STY),1141,205,0.1796669588080631,1.0955151807980017,0.2521590586994847,6.0
P3C4 / P3C4+Nigericin,Methyl (KR),852,200,0.2347417840375587,1.0753675086403263,0.2233191333822544,6.0
P3C4 / P3C4+Nigericin,Carbamylation (KR),1152,197,0.17100694444444445,1.138839074266762,0.26137107533142023,6.0
LPS+Nigericin / Nigericin,Carbamidomethyl (C),7825,196,0.025047923322683706,0.5063800861225266,0.4015071324536104,6.0
LPS / Nigericin,Dimethyl (KR),1186,195,0.16441821247892074,0.9699480728646008,0.2709092344166041,6.0
Unstim / P3C4+Nigericin,Cation:Na (DE),1509,188,0.12458581842279655,1.1058318294432408,0.2720977347695893,6.0
Unstim / P3C4,Oxidation (M),2936,188,0.06403269754768393,0.5797571822359604,0.34082390327085466,6.0
P3C4 / LPS+Nigericin,Oxidation (M),3757,188,0.050039925472451424,0.6744580072919405,0.295192342246564,6.0
LPS / Nigericin,Cation:Mg[II],1243,187,0.1504424778761062,0.9085675787555672,0.2573074990679143,6.0
P3C4 / P3C4+Nigericin,Dioxidation (MW),867,186,0.21453287197231835,0.9909968510953806,0.1927740521502029,6.0
P3C4 / LPS+Nigericin,Didehydro,2969,186,0.06264735601212529,0.8251711979047185,0.3103470325279533,6.0
P3C4 / Nigericin,Methyl (KR),838,185,0.220763723150358,0.967379265962092,0.2018246267637173,6.0
P3C4 / Nigericin,Sulfo (STY),1118,185,0.16547406082289803,0.9698670564113021,0.263908191627851,6.0
P3C4 / Nigericin,Dioxidation (MW),871,184,0.21125143513203215,0.9073804350644316,0.2260893836704982,6.0
Unstim / Nigericin,Cation:Na (DE),1480,177,0.1195945945945946,1.0114660851445914,0.30685597903443274,6.0
P3C4 / Nigericin,Carbamylation (KR),1118,175,0.15652951699463327,1.0517682769492815,0.27686508106972774,6.0
P3C4 / P3C4+Nigericin,Formyl,890,168,0.18876404494382024,1.095434801232576,0.26510826627613193,6.0
Unstim / LPS+Nigericin,Didehydro,2974,166,0.05581708137188971,0.8116762943845169,0.34488984892861807,6.0
P3C4 / P3C4+Nigericin,Hydroxymethyl,814,164,0.20147420147420148,1.1522448320663106,0.2175855290224202,6.0
P3C4 / Nigericin,Hydroxymethyl,787,158,0.20076238881829733,0.9862019967391488,0.2402285300633167,6.0
LPS / Nigericin,Sulfo (STY),1067,158,0.14807872539831302,0.8952623405448621,0.2889950655078463,6.0
Unstim / Nigericin,Cation:Mg[II],1226,158,0.12887438825448613,0.9870976190094523,0.28741712660724983,6.0
P3C4 / P3C4+Nigericin,Nitrosyl,765,156,0.20392156862745098,1.0754187682497318,0.2301553817849848,6.0
P3C4+Nigericin / LPS,Cation:Na (DE),1412,156,0.11048158640226628,0.9489205895600317,0.3093824953512244,6.0
LPS / Nigericin,Carbamylation (KR),1122,152,0.1354723707664884,1.0250242166329055,0.30423814905345964,6.0
Unstim / P3C4+Nigericin,Cation:Mg[II],1295,149,0.11505791505791506,1.0855712542954663,0.2747245065133306,6.0
Unstim / LPS+Nigericin,Oxidation (M),3728,149,0.039967811158798286,0.6676930132675969,0.34187821256731743,6.0
P3C4+Nigericin / LPS,Dimethyl (KR),1160,147,0.1267241379310345,0.9640010312218491,0.2725024443616839,6.0
LPS / LPS+Nigericin,Didehydro,2899,147,0.05070714039323905,0.7598060146413148,0.3464826024056671,6.0
P3C4 / Nigericin,Formyl,886,143,0.1613995485327314,0.9917919857342488,0.2972306072011112,6.0
P3C4+Nigericin / LPS,Cation:Mg[II],1216,143,0.11759868421052631,0.9310361507237922,0.2764299347633701,6.0
LPS / Nigericin,Methyl (KR),846,142,0.16784869976359337,0.8963041089461024,0.2201098201540291,6.0
Unstim / Nigericin,Carbamylation (KR),1093,141,0.12900274473924978,1.02564530117086,0.286335889779466,6.0
Unstim / Nigericin,Dimethyl (KR),1100,141,0.12818181818181817,1.0300564743902483,0.3099809532381484,6.0
Unstim / P3C4+Nigericin,Dimethyl (KR),1190,141,0.11848739495798319,1.1099714641991278,0.2710509707722424,6.0
LPS / Nigericin,Hydroxymethyl,779,139,0.17843388960205392,0.9032040084726848,0.2424967680062926,6.0
P3C4 / Nigericin,Nitrosyl,765,136,0.17777777777777778,1.006172955523143,0.2543882032886593,6.0
LPS / Nigericin,Dioxidation (MW),853,136,0.15943728018757328,0.8579553587694563,0.2449502733763909,6.0
P3C4 / Nigericin,Phospho (STY),515,131,0.2543689320388349,1.1444591727687723,0.2223030812331777,6.0
P3C4+Nigericin / LPS,Methyl (KR),834,130,0.15587529976019185,0.9118377838772872,0.2445319195029208,6.0
LPS / Nigericin,Formyl,921,130,0.14115092290988057,0.9433569022069866,0.2867084084960651,6.0
Unstim / P3C4+Nigericin,Methyl (KR),861,129,0.14982578397212543,1.1341994038539438,0.2430390198657634,6.0
Unstim / P3C4+Nigericin,Carbamylation (KR),1159,127,0.1095772217428818,1.1031469687703386,0.2792158257269183,6.0
P3C4+Nigericin / LPS,Formyl,926,126,0.13606911447084233,0.9513842984964507,0.30561428226734866,6.0
P3C4+Nigericin / LPS,Sulfo (STY),1116,126,0.11290322580645161,0.8841412133206847,0.3032130444981057,6.0
Unstim / P3C4+Nigericin,Sulfo (STY),1159,126,0.10871440897325281,1.0659744131982014,0.2844375021679501,6.0
P3C4+Nigericin / Nigericin,Didehydro,2772,124,0.044733044733044736,0.7026598765190711,0.34520058737343806,6.0
P3C4+Nigericin / Nigericin,Oxidation (M),3344,124,0.03708133971291866,0.5661140433771843,0.3447229264157351,6.0
Unstim / Nigericin,Sulfo (STY),1092,122,0.11172161172161173,1.0069066980312829,0.2845047240592512,6.0
P3C4 / LPS+Nigericin,Oxidation (P),1962,121,0.06167176350662589,0.7648557594932445,0.294975208325405,6.0
LPS / Nigericin,Nitrosyl,775,120,0.15483870967741936,0.928283762263628,0.2476645634795089,6.0
P3C4+Nigericin / LPS,Carbamylation (KR),1113,119,0.1069182389937107,0.9706105566089782,0.3172126308275474,6.0
P3C4 / LPS+Nigericin,Methyl (E),1857,116,0.06246634356488961,0.814802010195165,0.2936094994091776,6.0
P3C4 / P3C4+Nigericin,Oxidation (W),366,114,0.3114754098360656,0.9677206299612156,0.12198063410455956,6.0
Unstim / P3C4,Didehydro,2482,114,0.04593070104754231,0.7274653808807691,0.3995969482068208,6.0
P3C4 / P3C4+Nigericin,Trioxidation (C),497,113,0.22736418511066397,1.0420502820780653,0.1987413440400645,6.0
Unstim / Nigericin,Methyl (KR),833,111,0.1332533013205282,1.0434332614396429,0.2644018143965226,6.0
Unstim / Nigericin,Dioxidation (MW),836,111,0.13277511961722488,0.8197106503606477,0.27488696153930137,6.0
Unstim / LPS+Nigericin,Oxidation (P),1952,111,0.056864754098360656,0.7794668296279649,0.33837337861866285,6.0
LPS / LPS+Nigericin,Oxidation (M),3581,111,0.030996928232337337,0.6359282654137135,0.3595866156668623,6.0
Unstim / Nigericin,Hydroxymethyl,785,110,0.14012738853503184,1.0192027432784605,0.2755105772408542,6.0
Unstim / P3C4+Nigericin,Nitrosyl,806,109,0.13523573200992556,0.9657558091514347,0.2505356458546344,6.0
P3C4 / LPS,Oxidation (M),2732,109,0.039897510980966326,0.5370869418900945,0.3616705769651384,6.0
P3C4 / P3C4+Nigericin,Phospho (STY),531,108,0.2033898305084746,1.2159337071187817,0.2183259508819718,6.0
Unstim / Nigericin,Nitrosyl,716,108,0.15083798882681565,0.9649693768794174,0.2951712891374214,6.0
Unstim / P3C4+Nigericin,Formyl,955,108,0.1130890052356021,1.0359902733864264,0.2991575409908449,6.0
P3C4 / P3C4+Nigericin,Carboxymethyl,536,105,0.1958955223880597,1.1397956306227917,0.2138408788462283,6.0
P3C4 / Nigericin,Carboxymethyl,543,105,0.19337016574585636,1.0095294656327565,0.252171576480531,6.0
P3C4 / Nigericin,Propionamide,665,104,0.15639097744360902,1.0696546518787091,0.2901453652277993,6.0
Unstim / Nigericin,Formyl,902,102,0.1130820399113082,0.9803742539858179,0.30616761145471494,6.0
Unstim / P3C4+Nigericin,Hydroxymethyl,820,101,0.12317073170731707,1.0533503574608185,0.26499288856018766,6.0
Unstim / LPS+Nigericin,Methyl (E),1836,101,0.05501089324618736,0.8317267259082581,0.3286638629674506,6.0
LPS / Nigericin,Carboxymethyl,556,100,0.17985611510791366,0.9252414251500651,0.2495125527688909,6.0
LPS / LPS+Nigericin,Methyl (E),1831,99,0.05406881485527035,0.7652376937425459,0.3359843843507619,6.0
P3C4 / LPS,Didehydro,2380,98,0.041176470588235294,0.6899913503795749,0.3687183950136804,6.0
LPS / Nigericin,Phospho (STY),518,97,0.18725868725868725,1.0656071298501382,0.24416308903211797,6.0
P3C4+Nigericin / LPS,Dioxidation (MW),818,97,0.11858190709046455,0.8452330946085231,0.2659352696980795,6.0
Unstim / P3C4+Nigericin,Dioxidation (MW),854,95,0.11124121779859485,0.9046611113828391,0.2730493082189464,6.0
P3C4 / Nigericin,Trioxidation (C),470,94,0.2,1.0021082368447192,0.23545221032834454,6.0
Unstim / P3C4,Oxidation (P),1605,94,0.058566978193146414,0.6121653039037606,0.3686529154327949,6.0
P3C4 / Nigericin,Oxidation (W),358,93,0.25977653631284914,0.8295859835247212,0.17897452744447476,6.0
Unstim / LPS,Didehydro,2599,93,0.0357829934590227,0.750650020948577,0.3651415137758437,6.0
P3C4 / P3C4+Nigericin,Propionamide,655,92,0.14045801526717558,1.2082780257238417,0.2807725240558827,6.0
LPS / Nigericin,Trimethyl (K),746,92,0.12332439678284182,1.0802580709654237,0.34456356653452686,6.0
P3C4+Nigericin / LPS,Nitrosyl,747,92,0.12315930388219545,0.9029929673268934,0.2722970955087932,6.0
LPS / Nigericin,Carboxy,609,90,0.1477832512315271,0.9048778793254214,0.2811578732764946,6.0
LPS / LPS+Nigericin,Oxidation (P),1934,90,0.04653567735263702,0.7328132907035789,0.3307062317944101,6.0
P3C4 / P3C4+Nigericin,Trimethyl (K),720,89,0.12361111111111112,1.2887537518892591,0.3654973114342607,6.0
Unstim / Nigericin,Trimethyl (K),742,88,0.11859838274932614,1.182544193975581,0.32844440601915026,6.0
P3C4 / P3C4+Nigericin,Carboxy,616,87,0.14123376623376624,1.1124953492887695,0.32845737024475974,6.0
LPS / Nigericin,Propionamide,679,86,0.12665684830633284,0.9784915213094988,0.3461761006800856,6.0
LPS / Nigericin,Crotonyl,504,84,0.16666666666666666,1.05778288745066,0.30771954681708064,6.0
Unstim / LPS+Nigericin,Cation:Na (DE),1356,84,0.061946902654867256,0.8816103052082125,0.36407085012200013,6.0
Unstim / Nigericin,Phospho (STY),542,83,0.15313653136531366,1.0497838487755504,0.27350349242284533,6.0
P3C4 / LPS+Nigericin,Cation:Na (DE),1361,81,0.05951506245407789,0.851814331393008,0.3289580254841892,6.0
P3C4 / LPS,Oxidation (P),1493,81,0.05425318151373074,0.6090093083671441,0.3336485260992808,6.0
Unstim / P3C4,Methyl (E),1546,80,0.0517464424320828,0.6774787402998755,0.349668530177741,6.0
P3C4+Nigericin / LPS,Hydroxymethyl,799,79,0.09887359198998748,0.9429085814495964,0.2838116848849233,6.0
LPS / Nigericin,Oxidation (W),350,78,0.22285714285714286,0.8022658686149469,0.1897060218956157,6.0
LPS / Nigericin,Trioxidation (C),483,78,0.16149068322981366,0.9243204670537024,0.2831546281550902,6.0
P3C4 / Nigericin,Trimethyl (K),724,78,0.10773480662983426,1.1583889003548231,0.3554326409424887,6.0
P3C4+Nigericin / Nigericin,Methyl (E),1746,78,0.044673539518900345,0.6724528088376215,0.33406714228654083,6.0
P3C4 / Nigericin,Carboxy,584,77,0.13184931506849315,0.9634073213355043,0.27478289655350085,6.0
P3C4+Nigericin / LPS,Propionamide,676,77,0.11390532544378698,1.0389213489417406,0.2932581635801458,6.0
Unstim / LPS,Oxidation (M),2891,77,0.026634382566585957,0.5743630899658845,0.3863294302317136,6.0
Unstim / Nigericin,Trioxidation (C),458,75,0.16375545851528384,0.9839344673704373,0.28524391952906114,6.0
P3C4+Nigericin / LPS,Oxidation (W),341,74,0.21700879765395895,0.8530230886489818,0.2017163676653671,6.0
P3C4+Nigericin / LPS,Carboxy,617,74,0.11993517017828201,0.9292030640254276,0.3135986880433,6.0
P3C4 / LPS,Methyl (E),1520,74,0.04868421052631579,0.6431170193697134,0.34910047119397536,6.0
P3C4+Nigericin / LPS+Nigericin,Didehydro,2801,74,0.026419136022848982,0.7367675815104704,0.4191524086967555,6.0
Unstim / Nigericin,Propionamide,687,71,0.10334788937409024,1.0967676936345838,0.3311978595438551,6.0
P3C4 / LPS+Nigericin,Sulfo (STY),1044,71,0.06800766283524905,0.8382221319482297,0.3292285008793901,6.0
Unstim / P3C4+Nigericin,Carboxymethyl,571,70,0.12259194395796848,1.0460517618095204,0.2784989475002923,6.0
Unstim / LPS+Nigericin,Cation:Mg[II],1165,69,0.0592274678111588,0.859446990763275,0.3477261301571668,6.0
Unstim / LPS,Oxidation (P),1722,69,0.04006968641114982,0.6271279586209559,0.3460912598920439,6.0
LPS+Nigericin / Nigericin,Didehydro,2415,69,0.02857142857142857,0.7592953713571912,0.4342986150467544,6.0
Unstim / P3C4+Nigericin,Oxidation (W),379,68,0.17941952506596306,0.937489091637026,0.1890146109350077,6.0
P3C4 / P3C4+Nigericin,HexNAc (ST),431,68,0.15777262180974477,1.0723436258720769,0.2523878443305739,6.0
P3C4+Nigericin / LPS,Carboxymethyl,555,68,0.12252252252252252,0.9761274828050384,0.2681943027132376,6.0
Unstim / Nigericin,Carboxymethyl,559,68,0.12164579606440072,0.920887952581875,0.2908548956724309,6.0
P3C4+Nigericin / LPS,Trimethyl (K),760,68,0.08947368421052632,1.0992476999846033,0.3831917911232735,6.0
P3C4 / P3C4+Nigericin,Crotonyl,479,67,0.13987473903966596,1.239989156578633,0.3160797603270425,6.0
Unstim / P3C4+Nigericin,Phospho (STY),553,67,0.12115732368896925,1.1050752000743302,0.2931507947893389,6.0
Unstim / LPS,Methyl (E),1601,67,0.04184884447220487,0.7197190971607116,0.3415704938721954,6.0
Unstim / P3C4+Nigericin,Trioxidation (C),506,66,0.13043478260869565,1.0547328519637817,0.23053670070309729,6.0
P3C4+Nigericin / LPS,Trioxidation (C),475,65,0.1368421052631579,0.9006793257320999,0.2767360294346358,6.0
Unstim / Nigericin,Carboxy,621,65,0.10466988727858294,0.9090331339959816,0.3200438501510451,6.0
Unstim / Nigericin,Myristoyl,450,64,0.14222222222222222,1.0230089931035906,0.3041166152099432,6.0
Unstim / P3C4+Nigericin,Propionamide,697,64,0.09182209469153516,1.236160282893258,0.2854903270210361,6.0
Unstim / P3C4+Nigericin,Trimethyl (K),757,64,0.0845442536327609,1.2946167159238977,0.3754596657557874,6.0
LPS / Nigericin,GlyGly (K),468,62,0.13247863247863248,1.1185494447118982,0.2977757637399332,6.0
P3C4 / Nigericin,Crotonyl,487,62,0.1273100616016427,1.1212981060659446,0.3101892683491907,6.0
Unstim / Nigericin,GlyGly (K),491,62,0.12627291242362526,1.224158566767631,0.3675826404139428,6.0
Unstim / LPS+Nigericin,Sulfo (STY),1081,62,0.05735430157261795,0.8837729079107272,0.3663455379790002,6.0
P3C4+Nigericin / Nigericin,Oxidation (P),1824,62,0.03399122807017544,0.6271152952378494,0.3610903116389705,6.0
Unstim / Nigericin,Crotonyl,509,61,0.11984282907662082,1.1323538456213984,0.3526083347902763,6.0
Unstim / Nigericin,Oxidation (W),323,60,0.18575851393188855,0.8887294879963041,0.2068937651528693,6.0
P3C4+Nigericin / LPS,Phospho (STY),532,59,0.11090225563909774,1.0511965986356975,0.2638004348829628,6.0
P3C4 / LPS,Cation:Na (DE),1165,58,0.04978540772532189,0.7395721630387485,0.3944222768284324,6.0
LPS / Nigericin,Biotin,324,57,0.17592592592592593,1.1937376793960488,0.27691566085701325,6.0
LPS / Nigericin,HexNAc (ST),420,57,0.1357142857142857,0.9004182059485122,0.34763334704398313,6.0
P3C4 / Nigericin,GlyGly (K),495,57,0.11515151515151516,1.2419809899192356,0.3981640853669416,6.0
P3C4 / LPS+Nigericin,Formyl,819,57,0.0695970695970696,0.9189621911767758,0.3458233085960555,6.0
P3C4 / Nigericin,Myristoyl,404,56,0.13861386138613863,1.2960862923877627,0.32625542330424706,6.0
P3C4 / P3C4+Nigericin,GlyGly (K),478,56,0.11715481171548117,1.273318687242402,0.41122208472557287,6.0
P3C4+Nigericin / LPS,Crotonyl,510,56,0.10980392156862745,0.9446192358487986,0.32891961807583503,6.0
P3C4 / LPS+Nigericin,Cation:Mg[II],1145,56,0.04890829694323144,0.8364004915407649,0.3238696493108117,6.0
LPS+Nigericin / Nigericin,Oxidation (M),2913,56,0.01922416752488843,0.5335066005447898,0.409868639536678,6.0
P3C4 / Nigericin,HexNAc (ST),418,55,0.13157894736842105,1.0598771877288662,0.30212076366925855,6.0
P3C4 / LPS+Nigericin,Dimethyl (KR),1078,55,0.05102040816326531,0.9382917262413877,0.3344966033121885,6.0
Unstim / P3C4,Cation:Na (DE),1272,55,0.04323899371069182,0.7974348032605418,0.39950836295836456,6.0
Unstim / LPS+Nigericin,Dimethyl (KR),1099,54,0.04913557779799818,0.9085450621448112,0.3710163636446075,6.0
Unstim / P3C4,Formyl,754,53,0.07029177718832891,0.7687513292609335,0.39847079879757963,6.0
LPS / LPS+Nigericin,Cation:Na (DE),1358,53,0.0390279823269514,0.7619686341466044,0.3807005434264814,6.0
P3C4 / Nigericin,Acetyl (K),351,51,0.1452991452991453,1.1022501262462454,0.2847122275034133,6.0
P3C4 / P3C4+Nigericin,Myristoyl,415,50,0.12048192771084337,1.1992475079214304,0.3278685905176634,6.0
Unstim / P3C4,Nitrosyl,615,50,0.08130081300813008,0.7419225640082608,0.3757687241387591,6.0
P3C4+Nigericin / Nigericin,Cation:Mg[II],1102,50,0.045372050816696916,0.7566712231808153,0.37872603233089375,6.0
Unstim / LPS,Cation:Na (DE),1187,50,0.04212299915754002,0.7929988469890257,0.3897932601254356,6.0
LPS / Nigericin,Acetyl (K),361,49,0.13573407202216067,1.0023232077206732,0.3063509836713819,6.0
Unstim / LPS+Nigericin,Formyl,869,49,0.05638665132336018,0.8529531949812288,0.3603502424831302,6.0
P3C4+Nigericin / Nigericin,Cation:Na (DE),1270,49,0.03858267716535433,0.7720070867283036,0.3845419938754307,6.0
Unstim / P3C4+Nigericin,Myristoyl,446,48,0.10762331838565023,1.1622645804263039,0.30857349622489805,6.0
Unstim / P3C4+Nigericin,Carboxy,626,47,0.07507987220447285,0.9600686479226714,0.31256654021470465,6.0
LPS / LPS+Nigericin,Carbamylation (KR),1056,47,0.04450757575757576,0.8383167410195154,0.376931373966851,6.0
P3C4 / LPS+Nigericin,Dioxidation (MW),832,46,0.055288461538461536,0.8290304136838578,0.2868373804597571,6.0
Unstim / P3C4,Sulfo (STY),910,46,0.05054945054945055,0.7378533447816888,0.4082903549408218,6.0
LPS / LPS+Nigericin,Cation:Mg[II],1173,46,0.0392156862745098,0.7794834534641396,0.3658317840460017,6.0
Unstim / Nigericin,Biotin,332,45,0.1355421686746988,1.0848216588295088,0.3538707453494193,6.0
LPS / Nigericin,Myristoyl,426,45,0.1056338028169014,1.0656071298501382,0.31729409190899643,6.0
Unstim / P3C4,Carbamylation (KR),923,45,0.04875406283856988,0.7969401311555123,0.4049332704632217,6.0
LPS / LPS+Nigericin,Sulfo (STY),1025,45,0.04390243902439024,0.7484632399766236,0.3888415531753061,6.0
P3C4+Nigericin / LPS,Myristoyl,444,44,0.0990990990990991,0.9130651980390156,0.31791929516875217,6.0
Unstim / P3C4+Nigericin,Crotonyl,499,44,0.08817635270541083,1.223465863000713,0.3340330735629333,6.0
Unstim / LPS+Nigericin,Hydroxymethyl,745,44,0.05906040268456376,0.8851588370467675,0.3539952684269164,6.0
P3C4 / LPS+Nigericin,Hydroxymethyl,759,44,0.057971014492753624,0.8870153978616324,0.3197599497855996,6.0
P3C4 / LPS+Nigericin,Methyl (KR),768,44,0.057291666666666664,0.8394087802386707,0.29470323501510115,6.0
LPS / LPS+Nigericin,Dimethyl (KR),1078,44,0.04081632653061224,0.8174417793617423,0.3864062804290071,6.0
P3C4+Nigericin / LPS+Nigericin,Oxidation (M),2737,44,0.01607599561563756,0.529804195392855,0.4566155253443303,6.0
Unstim / P3C4+Nigericin,Biotin,330,43,0.1303030303030303,1.210161909098546,0.28721542094832525,6.0
P3C4 / P3C4+Nigericin,Acetyl (K),356,43,0.12078651685393259,1.1809286535889552,0.342103118755955,6.0
Unstim / P3C4+Nigericin,HexNAc (ST),453,43,0.09492273730684327,1.0925825477034534,0.3271092110680487,6.0
Unstim / LPS+Nigericin,Nitrosyl,724,43,0.05939226519337017,0.7841629118168489,0.3456000087691564,6.0
Unstim / Nigericin,Acetyl (K),370,42,0.11351351351351352,1.0918769050787287,0.3339933476627202,6.0
Unstim / LPS+Nigericin,Trimethyl (K),701,42,0.05991440798858773,1.0549902929077888,0.4112315588555365,6.0
LPS / LPS+Nigericin,Formyl,878,42,0.04783599088838269,0.7819026852051613,0.36764046612977935,6.0
Unstim / LPS,Cation:Mg[II],1059,42,0.039660056657223795,0.8028975164925328,0.360866604570051,6.0
P3C4+Nigericin / LPS+Nigericin,Methyl (E),1766,42,0.02378255945639864,0.6622401109721592,0.4140666631387743,6.0
P3C4 / LPS+Nigericin,Nitrosyl,681,41,0.06020558002936858,0.8631317625943944,0.2822257456859721,6.0
P3C4+Nigericin / Nigericin,Carbamylation (KR),1025,41,0.04,0.7536034366969909,0.3968450170767752,6.0
Unstim / P3C4,Cation:Mg[II],1026,41,0.03996101364522417,0.7157504361149436,0.3944314426098313,6.0
P3C4 / Nigericin,Biotin,316,40,0.12658227848101267,0.9846152024959329,0.3196896149624846,6.0
P3C4 / LPS,Dimethyl (KR),920,40,0.043478260869565216,0.7684934710339344,0.37620856999908303,6.0
LPS / LPS+Nigericin,Methyl (KR),775,39,0.05032258064516129,0.7233676510429466,0.3611382402832747,6.0
Unstim / LPS,Sulfo (STY),900,39,0.043333333333333335,0.7912105391704269,0.38311574093104606,6.0
P3C4 / LPS+Nigericin,Carbamylation (KR),1052,38,0.03612167300380228,0.9120574557601322,0.34393400585896106,6.0
P3C4 / P3C4+Nigericin,Biotin,307,37,0.12052117263843648,1.0570047122705557,0.3017259142997492,6.0
LPS / Nigericin,Hex (K),354,37,0.10451977401129943,0.9692665682979809,0.4034416938978704,6.0
Unstim / Nigericin,HexNAc (ST),417,37,0.08872901678657075,1.0663827773373051,0.3305125743236839,6.0
Unstim / LPS+Nigericin,Carboxymethyl,503,37,0.073558648111332,0.8445960742787386,0.3474845638776905,6.0
Unstim / P3C4,Dioxidation (MW),685,37,0.05401459854014599,0.6582830029629181,0.3598113544906952,6.0
P3C4 / LPS,Formyl,742,37,0.04986522911051213,0.7257095206681442,0.41696526067565715,6.0
P3C4 / LPS,Carbamylation (KR),934,37,0.03961456102783726,0.7172104821202301,0.4093230674012964,6.0
P3C4 / LPS,Cation:Mg[II],953,37,0.03882476390346275,0.6926762471194018,0.3626787005648048,6.0
P3C4+Nigericin / Nigericin,Dimethyl (KR),988,37,0.03744939271255061,0.7814934157793496,0.37450785097909,6.0
P3C4+Nigericin / Nigericin,Dioxidation (MW),734,36,0.04904632152588556,0.6565271131487234,0.34248095279123913,6.0
Unstim / LPS+Nigericin,Carbamylation (KR),1037,36,0.03471552555448409,0.8826650831963108,0.3681036837069639,6.0
P3C4 / Nigericin,Hex (K),335,35,0.1044776119402985,1.1759799443114796,0.3552488568885277,6.0
P3C4 / P3C4+Nigericin,Hex (K),350,35,0.1,1.3223220421988977,0.31132658222673826,6.0
P3C4+Nigericin / LPS,GlyGly (K),480,35,0.07291666666666667,1.0235419363839329,0.37622538558947616,6.0
P3C4 / LPS,Nitrosyl,611,35,0.057283142389525366,0.6963285963544267,0.3595678804742497,6.0
P3C4+Nigericin / Nigericin,Sulfo (STY),952,35,0.03676470588235294,0.7240575319741729,0.3911929042934844,6.0
P3C4+Nigericin / LPS+Nigericin,Oxidation (P),1923,35,0.018200728029121163,0.6253353182760698,0.4225689032847055,6.0
P3C4+Nigericin / LPS,Biotin,322,34,0.10559006211180125,1.123275858945309,0.3054229662866784,6.0
Unstim / Nigericin,Hex (K),351,34,0.09686609686609686,1.0877068060672286,0.4133974179865354,6.0
P3C4 / LPS+Nigericin,Carboxymethyl,508,34,0.06692913385826772,0.9416105407862472,0.27814221667144,6.0
Unstim / LPS+Nigericin,Carboxy,589,34,0.057724957555178265,0.7799683238944879,0.3861479752654697,6.0
LPS / LPS+Nigericin,Carboxy,605,34,0.05619834710743802,0.7661613219712556,0.3744883469300744,6.0
Unstim / LPS,Nitrosyl,643,34,0.05287713841368585,0.8049636332963154,0.3390842468790822,6.0
LPS / LPS+Nigericin,Hydroxymethyl,742,34,0.04582210242587601,0.746444909829062,0.3548679207897399,6.0
Unstim / LPS+Nigericin,Dioxidation (MW),783,34,0.04342273307790549,0.746536939642321,0.3438724271797577,6.0
Unstim / LPS,Carbamylation (KR),911,34,0.03732162458836443,0.8185207984871192,0.4049336847132433,6.0
LPS+Nigericin / Nigericin,Cation:Na (DE),1123,34,0.030276046304541407,0.8013264444317985,0.432793551701528,6.0
P3C4+Nigericin / LPS,HexNAc (ST),423,33,0.07801418439716312,0.9048563686327732,0.3082803646693232,6.0
P3C4 / LPS,Hydroxymethyl,640,33,0.0515625,0.6947328582474634,0.3899215440860951,6.0
Unstim / LPS,Dimethyl (KR),942,33,0.03503184713375796,0.8317198925145219,0.3852104192477309,6.0
P3C4+Nigericin / LPS+Nigericin,Cation:Mg[II],1116,33,0.02956989247311828,0.7793099314825402,0.4218089992655383,6.0
LPS+Nigericin / Nigericin,Methyl (E),1403,33,0.023521026372059873,0.7444614664785463,0.4252273781644762,6.0
P3C4 / LPS+Nigericin,Oxidation (W),325,32,0.09846153846153846,0.7926640518589105,0.2468595543007201,6.0
LPS / LPS+Nigericin,Carboxymethyl,537,32,0.0595903165735568,0.7748435627712206,0.3367461318175939,6.0
Unstim / P3C4,Hydroxymethyl,643,32,0.049766718506998445,0.7802059256888099,0.3998850467172091,6.0
LPS+Nigericin / Nigericin,Dioxidation (MW),647,32,0.04945904173106646,0.7269730049898578,0.4171943325595135,6.0
Unstim / P3C4,Methyl (KR),686,32,0.04664723032069971,0.7615331140152449,0.38931614300027984,6.0
Unstim / LPS,Formyl,789,32,0.04055766793409379,0.8261234639849429,0.4124302516478225,6.0
Unstim / LPS+Nigericin,Methyl (KR),779,31,0.03979460847240052,0.8995489203783914,0.3400712857511784,6.0
Unstim / P3C4,Dimethyl (KR),919,31,0.03373231773667029,0.7799463820966481,0.4012148418021055,6.0
P3C4+Nigericin / LPS,Hex (K),357,30,0.08403361344537816,1.1055619275491653,0.362931071963587,6.0
P3C4 / LPS+Nigericin,Carboxy,553,30,0.054249547920433995,0.8683712721487084,0.3655129470430099,6.0
Unstim / LPS+Nigericin,Propionamide,668,30,0.04491017964071856,0.9723875083581219,0.37550028938551844,6.0
P3C4+Nigericin / Nigericin,Nitrosyl,681,30,0.04405286343612335,0.7265876361991694,0.3382920180104163,6.0
LPS / LPS+Nigericin,Dioxidation (MW),814,30,0.036855036855036855,0.7258545153266234,0.3322073508088577,6.0
P3C4+Nigericin / LPS+Nigericin,Cation:Na (DE),1254,30,0.023923444976076555,0.7639130382233887,0.4219480980730945,6.0
LPS+Nigericin / Nigericin,Oxidation (P),1486,30,0.020188425302826378,0.6365358910895166,0.4483429824361721,6.0
Unstim / P3C4+Nigericin,Acetyl (K),379,29,0.07651715039577836,1.1215856632494878,0.3491006009101227,6.0
P3C4 / LPS+Nigericin,Trioxidation (C),449,29,0.0645879732739421,0.8057798408380303,0.2909588565621096,6.0
P3C4 / LPS,Dioxidation (MW),655,29,0.044274809160305344,0.624219504080957,0.3352583172535435,6.0
LPS / LPS+Nigericin,Nitrosyl,698,29,0.04154727793696275,0.773542311399924,0.333175077483447,6.0
Unstim / LPS+Nigericin,Trioxidation (C),446,28,0.06278026905829596,0.809380881364554,0.3378073112131347,6.0
Unstim / P3C4+Nigericin,GlyGly (K),509,28,0.0550098231827112,1.3510620771473036,0.3851754518076637,6.0
P3C4+Nigericin / Nigericin,Hydroxymethyl,691,28,0.04052098408104197,0.6820889231667109,0.3532308153865785,6.0
P3C4 / LPS,Sulfo (STY),892,28,0.03139013452914798,0.6753482893507838,0.3911945337028975,6.0
Unstim / LPS+Nigericin,Phospho (STY),485,27,0.05567010309278351,0.9439684935748052,0.3714361556037666,6.0
P3C4 / LPS+Nigericin,Crotonyl,451,26,0.057649667405764965,0.9903686480842137,0.3731212014951252,6.0
Unstim / P3C4,Carboxymethyl,463,26,0.056155507559395246,0.7214218173799757,0.4073688320446162,6.0
P3C4 / LPS+Nigericin,Propionamide,622,26,0.04180064308681672,0.857476525302517,0.36526567201065807,6.0
Unstim / LPS,Hydroxymethyl,661,26,0.039334341906202726,0.7504204903041687,0.3867712486839533,6.0
P3C4+Nigericin / Nigericin,Methyl (KR),710,26,0.036619718309859155,0.6939856629124652,0.3417646578881448,6.0
P3C4+Nigericin / LPS,Acetyl (K),356,25,0.0702247191011236,1.0636810123744918,0.36817934116992,6.0
Unstim / P3C4,Phospho (STY),434,25,0.0576036866359447,0.7797632679210733,0.4070117733514886,6.0
Unstim / LPS+Nigericin,Crotonyl,467,25,0.05353319057815846,0.974899606712512,0.4174999409169942,6.0
P3C4 / LPS+Nigericin,GlyGly (K),452,24,0.05309734513274336,1.1365018825596631,0.41758213826347834,6.0
P3C4+Nigericin / Nigericin,Carboxy,508,24,0.047244094488188976,0.7748821425626964,0.3773842915667258,6.0
Unstim / LPS,Trimethyl (K),620,24,0.03870967741935484,1.0727420216872332,0.4217542387442262,6.0
LPS / Nigericin,Phosphoadenosine,192,23,0.11979166666666667,0.870660255017935,0.34654998744134724,6.0
Unstim / LPS,Trioxidation (C),387,23,0.059431524547803614,0.7344069967585913,0.3449302648416293,6.0
P3C4 / LPS,Phospho (STY),407,23,0.056511056511056514,0.7844941936885897,0.3723059910277101,6.0
LPS / LPS+Nigericin,Trioxidation (C),437,23,0.05263157894736842,0.7262920243581827,0.3453286500945663,6.0
P3C4 / LPS+Nigericin,Phospho (STY),479,23,0.04801670146137787,0.9314363912968232,0.3387692259984497,6.0
P3C4 / LPS,Propionamide,548,23,0.041970802919708027,0.8325667251878835,0.41593655870092483,6.0
Unstim / LPS+Nigericin,Acetyl (K),342,22,0.06432748538011696,1.0346914299308798,0.3799390065181869,6.0
Unstim / LPS+Nigericin,Myristoyl,413,22,0.053268765133171914,0.8927710693350935,0.4011183850293764,6.0
P3C4 / LPS,Carboxymethyl,439,22,0.05011389521640091,0.7582979845346198,0.3767810964066663,6.0
Unstim / P3C4,Propionamide,560,22,0.039285714285714285,0.9524868887186054,0.4218623326266965,6.0
LPS / LPS+Nigericin,Propionamide,624,22,0.035256410256410256,0.8874410582734404,0.37184856018423373,6.0
P3C4 / LPS+Nigericin,Trimethyl (K),689,22,0.03193033381712627,1.047646483419743,0.4009429546127917,6.0
Unstim / LPS,Methyl (KR),720,22,0.030555555555555555,0.7778161877538343,0.3567139870485456,6.0
P3C4+Nigericin / LPS+Nigericin,Formyl,763,22,0.028833551769331587,0.7785474239667444,0.4229693262974596,6.0
LPS+Nigericin / Nigericin,Dimethyl (KR),897,22,0.024526198439241916,0.869775102949128,0.4256352292789341,6.0
Unstim / LPS,Phospho (STY),444,21,0.0472972972972973,0.7912080281531272,0.4144029738089723,6.0
Unstim / LPS+Nigericin,GlyGly (K),474,21,0.04430379746835443,1.074449815344575,0.4176323923492008,6.0
P3C4+Nigericin / Nigericin,Propionamide,608,21,0.03453947368421053,0.8985832757683223,0.3952096857301227,6.0
P3C4+Nigericin / LPS+Nigericin,Hydroxymethyl,677,21,0.0310192023633678,0.7682960052754623,0.422696865985858,6.0
P3C4+Nigericin / LPS+Nigericin,Carbamylation (KR),1031,21,0.020368574199806012,0.7983926726147939,0.4227382116858349,6.0
Unstim / P3C4+Nigericin,Hex (K),347,20,0.05763688760806916,1.2933448284423674,0.410440754181237,6.0
P3C4 / LPS+Nigericin,Myristoyl,386,20,0.05181347150259067,0.9811263871255704,0.40731697938216593,6.0
LPS / LPS+Nigericin,Trimethyl (K),727,20,0.027510316368638238,0.8719284611068019,0.409903747969339,6.0
LPS+Nigericin / Nigericin,Sulfo (STY),846,20,0.02364066193853428,0.8097005557809149,0.42515889132500173,6.0
LPS+Nigericin / Nigericin,Cation:Mg[II],925,20,0.021621621621621623,0.7659870357494196,0.4274717027116039,6.0
P3C4 / Nigericin,Phosphoadenosine,162,19,0.11728395061728394,0.8590685643042575,0.34064630305357013,6.0
P3C4+Nigericin / Nigericin,Crotonyl,424,19,0.04481132075471698,0.8727682835155438,0.3974759399069434,6.0
P3C4+Nigericin / Nigericin,GlyGly (K),437,19,0.043478260869565216,1.1585059692278266,0.412096027147417,6.0
P3C4+Nigericin / LPS+Nigericin,Carboxy,521,19,0.036468330134357005,0.8430507025576203,0.4230812710351732,6.0
P3C4+Nigericin / LPS+Nigericin,Nitrosyl,639,19,0.0297339593114241,0.737434248483551,0.3962391647020867,6.0
P3C4+Nigericin / Nigericin,Trimethyl (K),650,19,0.02923076923076923,0.9010977237958864,0.4097799729921252,6.0
P3C4+Nigericin / Nigericin,Formyl,806,19,0.02357320099255583,0.7731773279559648,0.3726559550457109,6.0
P3C4+Nigericin / LPS+Nigericin,Sulfo (STY),949,19,0.020021074815595362,0.8114179438154655,0.4229131585501524,6.0
Unstim / P3C4,HexNAc (ST),336,18,0.05357142857142857,0.8524566757701773,0.41373098163938865,6.0
Unstim / P3C4,Trioxidation (C),387,18,0.046511627906976744,0.7256408601914615,0.3651957593391698,6.0
Unstim / LPS,Carboxymethyl,444,18,0.04054054054054054,0.7630225768853015,0.42147967415189674,6.0
Unstim / LPS,Propionamide,588,18,0.030612244897959183,1.018436301303601,0.41998940756356296,6.0
P3C4 / LPS,Trimethyl (K),619,18,0.029079159935379646,0.9264295161312076,0.4172375362741755,6.0
P3C4+Nigericin / LPS+Nigericin,Dimethyl (KR),1015,18,0.017733990147783252,0.7788610302921976,0.4226678578796136,6.0
LPS / Nigericin,Cysteinyl,136,17,0.125,1.0928432390184728,0.29218244230872015,6.0
P3C4 / P3C4+Nigericin,Phosphoadenosine,166,17,0.10240963855421686,1.2125976783744268,0.3576804806933852,6.0
P3C4 / LPS+Nigericin,Acetyl (K),347,17,0.04899135446685879,1.0400779044623514,0.3644645037665945,6.0
P3C4+Nigericin / Nigericin,Carboxymethyl,463,17,0.0367170626349892,0.750983099957377,0.3398043112332615,6.0
P3C4 / LPS,Carboxy,502,17,0.03386454183266932,0.7597534715101943,0.4223627053738749,6.0
Unstim / LPS,Dioxidation (MW),609,17,0.027914614121510674,0.6569066242678548,0.3893342814413492,6.0
P3C4 / LPS,Methyl (KR),672,17,0.025297619047619048,0.7203563133212199,0.3515731743345617,6.0
Unstim / Nigericin,Cysteinyl,126,16,0.12698412698412698,1.194360941529075,0.36478145193327316,6.0
Unstim / Nigericin,Phosphoadenosine,175,16,0.09142857142857143,0.9169557255931452,0.4073063676279702,6.0
Unstim / P3C4,Myristoyl,351,16,0.045584045584045586,1.1152707733873204,0.4144545062722248,6.0
LPS / LPS+Nigericin,Acetyl (K),351,16,0.045584045584045586,0.8753801050631739,0.4043949560992945,6.0
P3C4+Nigericin / Nigericin,Myristoyl,370,16,0.043243243243243246,0.9542845260465832,0.40721827799347177,6.0
Unstim / P3C4,GlyGly (K),404,16,0.039603960396039604,1.2464252810178875,0.4219430399469456,6.0
LPS / LPS+Nigericin,Myristoyl,424,16,0.03773584905660377,0.8436257121630559,0.4119900600731124,6.0
Unstim / LPS,Carboxy,519,16,0.030828516377649325,0.7887909411924222,0.4109567562937761,6.0
Unstim / P3C4,Trimethyl (K),621,16,0.02576489533011272,0.9607695745317316,0.4213159763955294,6.0
LPS+Nigericin / Nigericin,Formyl,724,16,0.022099447513812154,0.8414979332569084,0.42641683070907876,6.0
Unstim / P3C4+Nigericin,Phosphoadenosine,188,15,0.0797872340425532,1.1170203401661372,0.3645724289123726,6.0
Unstim / P3C4,Oxidation (W),240,15,0.0625,0.5525906185628564,0.33954791649613875,6.0
P3C4+Nigericin / Nigericin,Biotin,296,15,0.05067567567567568,0.8508226505604681,0.353622937256267,6.0
Unstim / LPS+Nigericin,Biotin,306,15,0.049019607843137254,0.9800082228195404,0.38298110657820233,6.0
Unstim / LPS+Nigericin,Oxidation (W),307,15,0.048859934853420196,0.7535895421926704,0.2841302952745242,6.0
LPS / LPS+Nigericin,Biotin,309,15,0.04854368932038835,0.9448830899265672,0.3938653120721174,6.0
P3C4 / LPS+Nigericin,Hex (K),315,15,0.047619047619047616,0.9563265360736112,0.355136198704903,6.0
LPS / LPS+Nigericin,Oxidation (W),326,15,0.046012269938650305,0.6666207138849639,0.3198788576301431,6.0
P3C4 / LPS+Nigericin,HexNAc (ST),394,15,0.03807106598984772,0.9004229756965632,0.3521752723811863,6.0
LPS / LPS+Nigericin,GlyGly (K),455,15,0.03296703296703297,1.0142813501247054,0.4035187852406378,6.0
LPS / LPS+Nigericin,Phospho (STY),474,15,0.03164556962025317,0.8678144412259352,0.3857261842972376,6.0
LPS / LPS+Nigericin,Crotonyl,477,15,0.031446540880503145,0.8079830420549227,0.3638559154636788,6.0
LPS+Nigericin / Nigericin,Carboxy,481,15,0.031185031185031187,0.8784851931648947,0.4227926823739366,5.0
LPS+Nigericin / Nigericin,Nitrosyl,564,15,0.026595744680851064,0.8006756824804243,0.4231310123071492,6.0
P3C4 / P3C4+Nigericin,Cysteinyl,130,14,0.1076923076923077,1.0571782678779578,0.2490256435068959,6.0
P3C4 / LPS,HexNAc (ST),334,14,0.041916167664670656,0.8248810083484976,0.4082042924642165,6.0
LPS+Nigericin / Nigericin,Myristoyl,346,14,0.04046242774566474,0.9988209606286546,0.42241898489430835,6.0
LPS+Nigericin / Nigericin,Crotonyl,400,14,0.035,1.016441467830999,0.4226938823208789,6.0
LPS+Nigericin / Nigericin,Carboxymethyl,415,14,0.033734939759036145,0.8107404117590308,0.4252159381903376,6.0
Unstim / LPS,GlyGly (K),416,14,0.03365384615384615,1.0628692153100325,0.4166473598386531,6.0
P3C4+Nigericin / Nigericin,Trioxidation (C),417,14,0.03357314148681055,0.6962060689715526,0.3328366676592574,6.0
P3C4+Nigericin / Nigericin,Phospho (STY),425,14,0.03294117647058824,0.7581856047545122,0.421078568289953,6.0
LPS+Nigericin / Nigericin,Hydroxymethyl,616,14,0.022727272727272728,0.7817221851855656,0.4337790722263159,6.0
LPS+Nigericin / Nigericin,Carbamylation (KR),905,14,0.015469613259668509,0.8737834703310554,0.4245249923575019,6.0
Unstim / LPS,Acetyl (K),309,13,0.042071197411003236,1.187287185638952,0.4055418697061791,6.0
LPS / LPS+Nigericin,HexNAc (ST),393,13,0.03307888040712468,0.7915163319914572,0.406912234899041,6.0
Unstim / P3C4,Crotonyl,394,13,0.03299492385786802,0.8442660202282197,0.422587977208222,6.0
P3C4 / LPS,Crotonyl,396,13,0.03282828282828283,1.0670288096756697,0.4222094174136334,6.0
LPS+Nigericin / Nigericin,Phospho (STY),414,13,0.03140096618357488,0.8953395526449618,0.4230189332275155,6.0
P3C4 / LPS,GlyGly (K),422,13,0.030805687203791468,1.1156710275036161,0.42088573799526263,6.0
LPS+Nigericin / Nigericin,Propionamide,546,13,0.023809523809523808,0.8220228267331695,0.425050921663207,6.0
LPS+Nigericin / Nigericin,Trimethyl (K),597,13,0.021775544388609715,1.0941392493817732,0.4229700123307455,6.0
P3C4+Nigericin / LPS+Nigericin,Methyl (KR),726,13,0.01790633608815427,0.699788419570605,0.42265295162486416,6.0
Unstim / P3C4+Nigericin,Cysteinyl,127,12,0.09448818897637795,1.2637575147153437,0.3580843397609348,6.0
P3C4 / LPS,Trioxidation (C),375,12,0.032,0.6631353456219858,0.3592268994117179,6.0
P3C4+Nigericin / LPS+Nigericin,Carboxymethyl,482,12,0.024896265560165973,0.832683294578465,0.4220060426910497,6.0
LPS+Nigericin / Nigericin,Methyl (KR),616,12,0.01948051948051948,0.8477367720545159,0.424231641286971,6.0
P3C4 / LPS,Hex (K),282,11,0.03900709219858156,0.8579315887582313,0.422283488655986,6.0
Unstim / LPS,Biotin,285,11,0.03859649122807018,1.0308494780713031,0.4210857658942269,6.0
Unstim / P3C4,Hex (K),300,11,0.03666666666666667,0.8950502035069563,0.4219685648174128,6.0
P3C4 / LPS+Nigericin,Biotin,315,11,0.03492063492063492,0.8244993195399968,0.3966540925446907,6.0
Unstim / LPS+Nigericin,Hex (K),324,11,0.033950617283950615,1.1172176521203974,0.4213412715775,6.0
P3C4+Nigericin / Nigericin,Acetyl (K),329,11,0.03343465045592705,0.9230503117102024,0.4141118464312846,6.0
Unstim / LPS,HexNAc (ST),359,11,0.03064066852367688,0.8062852933162202,0.4040422717464319,6.0
P3C4+Nigericin / Nigericin,HexNAc (ST),367,11,0.02997275204359673,0.7634306001819267,0.4082003139783566,6.0
P3C4+Nigericin / LPS+Nigericin,Trioxidation (C),422,11,0.026066350710900472,0.7271280618741205,0.38174679194899225,6.0
P3C4+Nigericin / LPS,Cysteinyl,136,10,0.07352941176470588,1.0511020068112251,0.3321830611819623,6.0
Unstim / LPS+Nigericin,Phosphoadenosine,168,10,0.05952380952380952,0.9998048527105912,0.417146001573736,6.0
P3C4+Nigericin / Nigericin,Oxidation (W),308,10,0.032467532467532464,0.5734541432827672,0.30298214510197985,6.0
P3C4+Nigericin / Nigericin,Hex (K),316,10,0.03164556962025317,0.9093353779577753,0.4224505629788078,6.0
P3C4+Nigericin / LPS+Nigericin,Acetyl (K),321,10,0.03115264797507788,1.023232967628776,0.4222903743795392,6.0
LPS / LPS+Nigericin,Hex (K),328,10,0.03048780487804878,0.8644749904288904,0.41141257227474526,6.0
Unstim / LPS,Myristoyl,341,10,0.02932551319648094,0.9966900534039628,0.4195624775997252,6.0
P3C4 / LPS,Myristoyl,357,10,0.028011204481792718,1.0058617673521149,0.4083018152238628,6.0
P3C4+Nigericin / LPS+Nigericin,Phospho (STY),426,10,0.023474178403755867,0.9047138258058305,0.4236623375277096,6.0
P3C4+Nigericin / LPS+Nigericin,Propionamide,568,10,0.017605633802816902,0.8710680361078313,0.42368384723317865,6.0
P3C4+Nigericin / LPS+Nigericin,Dioxidation (MW),667,10,0.014992503748125937,0.6591265276987668,0.4315259791092559,6.0
P3C4+Nigericin / LPS,Phosphoadenosine,197,9,0.04568527918781726,0.7847384725508263,0.351406937743729,6.0
P3C4 / LPS,Oxidation (W),216,9,0.041666666666666664,0.497637478154969,0.34991798076276653,6.0
Unstim / LPS,Oxidation (W),244,9,0.036885245901639344,0.5544303127222636,0.32300634112254795,6.0
LPS+Nigericin / Nigericin,Biotin,261,9,0.034482758620689655,0.9719809514445428,0.4231726591922865,6.0
LPS+Nigericin / Nigericin,HexNAc (ST),338,9,0.026627218934911243,0.8974567808678378,0.42278159977699276,6.0
P3C4+Nigericin / LPS+Nigericin,Myristoyl,368,9,0.024456521739130436,0.980866573112041,0.42213359788925664,6.0
P3C4+Nigericin / LPS+Nigericin,GlyGly (K),397,9,0.022670025188916875,1.0806309607649267,0.4238482963261153,6.0
Unstim / LPS,Crotonyl,419,9,0.021479713603818614,0.916391342570819,0.4219943230957031,6.0
Unstim / LPS+Nigericin,HexNAc (ST),428,9,0.02102803738317757,0.8902507674957472,0.39106206877559146,6.0
Unstim / P3C4,Carboxy,493,9,0.018255578093306288,0.880130665896234,0.4200354877408248,6.0
P3C4+Nigericin / LPS+Nigericin,Trimethyl (K),638,9,0.014106583072100314,1.1423212114782944,0.4237208316210185,6.0
P3C4 / Nigericin,Cysteinyl,120,8,0.06666666666666667,1.1525664754756053,0.36505283822020623,6.0
LPS+Nigericin / Nigericin,Phosphoadenosine,131,8,0.061068702290076333,1.0254008982469238,0.4033120738438802,6.0
Unstim / P3C4,Phosphoadenosine,151,8,0.052980132450331126,0.8630152057988247,0.420973507480367,6.0
P3C4 / LPS,Phosphoadenosine,157,8,0.050955414012738856,0.8019735504647537,0.4107502595523247,6.0
P3C4 / LPS,Biotin,261,8,0.03065134099616858,1.004848562455121,0.4221824164248515,6.0
LPS+Nigericin / Nigericin,GlyGly (K),382,8,0.020942408376963352,1.147830757021072,0.423028408796294,6.0
P3C4+Nigericin / Nigericin,Phosphoadenosine,153,7,0.0457516339869281,0.9277910026752526,0.4044620472090356,6.0
LPS / LPS+Nigericin,Phosphoadenosine,188,7,0.03723404255319149,0.764972789712707,0.4216464899511597,6.0
Unstim / P3C4,Biotin,264,7,0.026515151515151516,0.9748591719988173,0.4221819302518047,6.0
P3C4+Nigericin / LPS+Nigericin,Biotin,270,7,0.025925925925925925,0.978764837292615,0.42375553180372866,6.0
Unstim / P3C4,Acetyl (K),296,7,0.02364864864864865,0.9738338894578904,0.4084672225155269,6.0
P3C4+Nigericin / LPS+Nigericin,Cysteinyl,122,6,0.04918032786885246,0.9396311409444714,0.42263612978607124,6.0
P3C4+Nigericin / Nigericin,Cysteinyl,126,6,0.047619047619047616,0.9124319003796395,0.36053332687537254,6.0
P3C4 / LPS,Acetyl (K),281,6,0.021352313167259787,0.8232526726254403,0.4194379810653826,6.0
LPS+Nigericin / Nigericin,Acetyl (K),304,6,0.019736842105263157,0.8594031549349781,0.4237727979863487,6.0
P3C4+Nigericin / LPS+Nigericin,Hex (K),308,6,0.01948051948051948,1.081977987413481,0.4226981959847824,6.0
P3C4+Nigericin / LPS+Nigericin,Oxidation (W),318,6,0.018867924528301886,0.5758507410536331,0.42231610487537885,6.0
LPS+Nigericin / Nigericin,Cysteinyl,110,5,0.045454545454545456,1.0779339295247183,0.4190455608202437,6.0
Unstim / LPS,Cysteinyl,120,5,0.041666666666666664,1.1388738202169517,0.4136710736853437,6.0
Unstim / LPS+Nigericin,Cysteinyl,125,5,0.04,1.1008169831446477,0.4175733259920071,6.0
P3C4 / LPS+Nigericin,Phosphoadenosine,168,5,0.02976190476190476,0.7542451850248316,0.4122542510274554,6.0
P3C4+Nigericin / LPS+Nigericin,Phosphoadenosine,180,5,0.027777777777777776,0.9075087067866336,0.4231888284633414,6.0
Unstim / LPS,Hex (K),293,5,0.017064846416382253,1.283012183641902,0.4219916635836063,6.0
LPS+Nigericin / Nigericin,Trioxidation (C),354,5,0.014124293785310734,0.706922345468407,0.4307426055575123,6.0
P3C4+Nigericin / LPS+Nigericin,Crotonyl,409,5,0.012224938875305624,1.1655474538890602,0.4218086813890647,6.0
LPS / LPS+Nigericin,Cysteinyl,128,4,0.03125,1.2373045139305923,0.3780950110631649,6.0
LPS+Nigericin / Nigericin,Oxidation (W),199,4,0.020100502512562814,0.6622717829253264,0.4561836136498337,6.0
LPS+Nigericin / Nigericin,Hex (K),276,4,0.014492753623188406,0.984545875879753,0.4230550235022213,6.0
P3C4+Nigericin / LPS+Nigericin,HexNAc (ST),343,4,0.011661807580174927,0.9442635373722208,0.4223969616429789,6.0
Unstim / P3C4,Cysteinyl,111,3,0.02702702702702703,1.022131629920163,0.4218475402109019,6.0
Unstim / LPS,Phosphoadenosine,144,3,0.020833333333333332,0.9158378419890676,0.422562332809775,6.0
P3C4 / LPS+Nigericin,Cysteinyl,132,1,0.007575757575757576,1.3296693839450748,0.3787869558321372,6.0
P3C4 / LPS,Cysteinyl,119,0,0.0,0.9449916902874412,0.4219151454320727,6.0
